PlayerID,Name,CountryCode,WorldCupYear,Position,Age,BirthYear,Height,Weight,PreferredFoot,MarketValue,OverallRating,Matches,Minutes,Goals,Assists,Saves,CleanSheets,GoalsConceded,PassAccuracy,Tackles,Interceptions,Clearances,Errors,PenaltiesSaved,xG,Shots,ShotsOnTarget,Dribbles,Fouls,YellowCards,RedCards
1,Casillas,ESP,2010,CB,35,1975,170,79,Left,39.8,85,1,142,0.23,0.11,0.0,2.4,0.0,84.3,12.73,9.04,27.7,0.61,-0.8,0.8,4.07,0.49,1.78,10.91,0,0
2,Ramos,ESP,2010,CM,33,1977,174,71,Left,37.4,79,3,251,0.56,0.68,0.0,0.96,0.0,86.4,6.06,9.79,3.03,0.96,0.1,0.45,4.89,2.35,5.97,7.64,0,0
3,Pique,ESP,2010,RW,21,1989,190,68,Right,63.3,81,3,292,0.97,1.03,0.0,0.44,0.0,78.6,3.25,3.49,1.62,1.61,-0.1,1.01,10.7,4.03,18.95,4.98,0,0
4,Busquets,ESP,2010,CAM,23,1987,183,78,Left,49.2,79,3,291,0.81,0.77,0.0,0.86,0.0,83.7,4.64,7.57,1.63,0.8,-0.1,0.85,10.08,3.64,15.11,3.07,0,0
5,Iniesta,ESP,2010,CM,35,1975,179,74,Left,36.0,67,3,256,0.55,0.63,0.0,0.67,0.0,85.1,6.48,5.05,4.85,0.77,-0.4,0.65,5.95,2.09,10.51,4.91,1,0
6,Xavi,ESP,2010,ST,20,1990,187,78,Left,94.9,86,4,371,1.31,0.42,0.0,0.0,0.0,74.0,2.25,2.96,0.58,1.53,0.4,1.38,7.11,4.65,8.8,10.44,0,0
7,Villa,ESP,2010,CB,37,1973,181,84,Right,85.1,81,4,390,0.18,0.05,0.0,3.09,0.0,85.2,10.27,8.16,27.57,0.18,-0.0,0.55,2.12,1.05,2.26,9.45,0,0
8,Torres,ESP,2010,RB,21,1989,180,75,Right,110.1,91,3,267,0.34,0.32,0.0,3.25,0.0,75.8,9.97,7.24,16.09,0.83,-0.4,0.57,5.52,2.79,2.93,6.53,1,0
9,Alba,ESP,2010,LB,35,1975,186,82,Right,24.8,84,3,264,0.13,0.44,0.0,2.74,0.0,83.1,13.64,7.12,12.53,0.77,-0.1,-0.35,6.07,2.92,5.59,3.25,1,0
10,Arbeloa,ESP,2010,RW,19,1991,183,78,Left,90.4,86,2,209,0.43,1.29,0.0,0.28,0.0,75.0,2.84,4.05,2.01,0.96,0.1,0.98,12.09,3.77,17.95,2.83,0,0
11,Silva,ESP,2010,RB,21,1989,192,82,Left,46.2,80,5,424,0.19,0.53,0.0,0.95,0.0,84.2,10.93,6.53,5.23,0.7,0.1,0.59,5.82,2.0,5.7,5.32,0,0
12,Pedro,ESP,2010,LB,22,1988,180,71,Right,24.4,73,3,289,0.33,0.52,0.0,0.92,0.0,85.5,7.33,6.96,9.08,1.0,-0.6,-0.0,8.68,2.82,9.19,4.66,1,0
13,Navar,ESP,2010,GK,36,1974,194,79,Right,10.5,65,3,288,0.0,0.0,14.96,1.35,3.27,84.4,0.81,1.88,4.65,0.0,0.3,-0.19,0.0,0.0,0.0,0.91,0,0
14,Llorente,ESP,2010,CDM,33,1977,171,79,Right,60.2,76,3,340,0.15,0.34,0.0,1.33,0.0,86.9,16.53,16.49,5.54,0.6,0.6,0.35,4.06,0.91,5.11,5.88,0,0
15,Morata,ESP,2010,LW,31,1979,175,86,Right,73.5,87,6,554,0.39,0.74,0.0,0.43,0.0,77.9,2.78,3.87,0.91,1.66,0.6,1.45,11.91,4.9,10.84,4.35,0,0
16,Asensio,ESP,2010,ST,37,1973,174,80,Right,80.8,77,4,342,0.92,0.32,0.0,0.0,0.0,70.5,1.87,3.86,1.41,0.59,0.1,1.55,8.77,3.92,5.97,8.75,0,0
17,Sarabia,ESP,2010,GK,28,1982,197,91,Right,41.6,80,4,431,0.0,0.0,21.17,1.88,2.01,79.8,0.74,2.79,5.74,0.0,0.5,-0.05,0.0,0.0,0.0,0.86,0,0
18,Unai Simon,ESP,2010,CDM,34,1976,184,88,Right,28.8,64,5,458,0.17,0.25,0.0,0.79,0.0,84.9,12.41,12.21,7.57,0.5,-0.3,-0.18,4.26,0.97,5.85,6.63,1,0
19,Rodri,ESP,2010,CB,21,1989,174,88,Both,73.1,94,1,120,0.3,0.11,0.0,2.33,0.0,91.1,7.54,13.53,25.87,0.6,-0.3,0.32,4.5,0.78,1.36,3.11,1,0
20,Gavi,ESP,2010,LW,19,1991,188,83,Left,50.4,77,4,316,1.16,1.15,0.0,0.34,0.0,76.4,2.14,5.74,2.15,1.16,0.0,0.49,10.94,2.83,13.32,3.84,0,0
21,Pedri,ESP,2010,CM,31,1979,176,71,Left,11.8,69,5,436,0.19,0.54,0.0,0.78,0.0,86.3,8.75,10.7,5.4,0.73,0.3,0.41,7.14,1.88,9.65,6.15,0,0
22,Ferran Torres,ESP,2010,CB,29,1981,188,79,Left,51.7,86,3,305,0.24,0.06,0.0,2.07,0.0,89.6,4.93,11.64,25.04,0.42,0.1,0.47,4.57,0.74,3.0,5.14,0,0
23,Olmo,ESP,2010,GK,20,1990,199,89,Both,61.3,79,3,271,0.0,0.0,13.67,3.37,3.74,84.3,1.53,2.1,3.28,0.0,0.4,-0.41,0.0,0.0,0.0,0.63,0,0
24,Van Dijk,NED,2010,GK,34,1976,189,88,Right,10.7,67,4,335,0.0,0.0,10.82,1.0,2.39,80.6,0.85,1.46,4.92,0.0,0.1,0.47,0.0,0.0,0.0,1.1,0,0
25,De Jong,NED,2010,LB,28,1982,193,68,Left,66.9,82,3,256,0.24,0.57,0.0,1.86,0.0,85.1,10.9,12.19,14.23,1.17,0.0,0.2,5.84,1.42,6.21,7.95,0,0
26,Depay,NED,2010,CB,36,1974,188,68,Right,44.0,85,3,300,0.24,0.09,0.0,1.67,0.0,89.9,5.31,9.42,23.79,0.15,-0.1,0.28,3.17,1.04,3.25,3.76,0,0
27,De Ligt,NED,2010,GK,19,1991,188,92,Left,48.0,83,4,333,0.0,0.0,17.53,3.64,4.42,85.7,1.07,2.34,5.1,0.0,0.3,0.06,0.0,0.0,0.0,0.73,0,0
28,Wijnaldum,NED,2010,LW,34,1976,173,79,Both,29.0,80,5,432,0.52,0.68,0.0,0.32,0.0,81.8,2.24,3.74,2.14,1.32,0.0,0.81,7.73,2.84,10.89,3.14,0,0
29,Blind,NED,2010,LW,30,1980,189,81,Right,94.9,85,5,488,1.22,0.44,0.0,0.52,0.0,79.0,4.1,4.99,1.44,1.9,0.3,0.66,10.45,4.82,10.43,4.62,0,0
30,Dumfries,NED,2010,CDM,36,1974,179,80,Right,33.6,81,7,626,0.16,0.32,0.0,1.46,0.0,92.5,16.85,16.1,9.87,0.38,-0.0,0.63,2.73,0.86,3.7,9.41,1,0
31,Berghuis,NED,2010,GK,35,1975,188,93,Right,11.2,87,3,301,0.0,0.0,15.11,1.97,1.95,88.7,0.93,3.18,0.86,0.0,0.5,0.26,0.0,0.0,0.0,1.07,0,0
32,Gakpo,NED,2010,RB,30,1980,178,79,Left,25.0,93,4,355,0.17,0.48,0.0,2.19,0.0,81.3,9.62,9.61,8.58,0.75,0.0,0.89,4.35,2.74,9.69,8.91,1,0
33,Koopmeiners,NED,2010,CAM,37,1973,175,81,Left,45.5,79,3,279,1.0,1.31,0.0,0.54,0.0,82.7,4.27,5.28,1.23,0.74,0.2,0.49,6.81,1.72,12.35,4.4,0,0
34,Timber,NED,2010,CB,33,1977,182,79,Right,62.6,76,2,192,0.27,0.07,0.0,2.09,0.0,89.3,6.78,9.97,28.75,0.51,-0.3,0.41,4.18,0.99,1.86,5.29,1,0
35,Frimpong,NED,2010,CB,20,1990,171,71,Left,16.6,73,4,375,0.1,0.14,0.0,1.82,0.0,90.7,6.5,9.5,14.41,0.56,0.0,0.4,3.43,0.99,2.18,4.5,1,0
36,Simons,NED,2010,CDM,37,1973,187,86,Right,13.1,73,4,363,0.24,0.35,0.0,0.93,0.0,91.4,12.6,5.96,7.77,0.49,-0.1,0.8,3.17,1.19,2.99,4.34,1,0
37,Veerman,NED,2010,LB,24,1986,187,71,Left,57.1,92,4,426,0.25,0.69,0.0,1.28,0.0,77.9,7.04,7.34,12.19,0.78,0.5,0.67,5.41,2.87,5.35,1.26,0,0
38,Reijnders,NED,2010,ST,28,1982,180,73,Right,175.9,86,5,461,1.2,0.41,0.0,0.0,0.0,69.3,1.04,2.32,1.38,0.8,-0.7,2.07,3.38,5.12,6.73,9.63,0,0
39,Geertruida,NED,2010,CB,30,1980,189,80,Right,29.6,74,4,415,0.17,0.14,0.0,1.32,0.0,82.5,8.17,10.17,17.27,0.47,-0.2,0.04,5.08,0.97,2.07,8.21,0,0
40,Hartog,NED,2010,RB,36,1974,188,69,Left,43.2,85,3,324,0.26,0.47,0.0,1.99,0.0,81.5,1.08,4.46,12.6,1.14,-0.5,0.27,0.22,1.22,7.28,4.54,0,0
41,Flekken,NED,2010,CM,24,1986,175,82,Left,22.0,69,4,374,0.58,0.73,0.0,0.65,0.0,85.0,8.42,8.71,6.49,0.98,-0.0,0.37,7.34,3.08,4.01,5.61,1,0
42,Verbruggen,NED,2010,RW,30,1980,177,66,Right,83.0,84,6,539,0.76,0.78,0.0,0.22,0.0,74.0,2.13,2.35,2.54,0.93,-0.2,1.3,8.27,4.1,14.0,4.88,0,0
43,Baas,NED,2010,RW,26,1984,172,78,Left,80.6,76,3,262,0.38,1.04,0.0,0.36,0.0,73.3,2.12,4.45,1.49,2.2,-0.0,0.69,10.89,4.21,15.45,7.6,0,0
44,Hato,NED,2010,CM,26,1984,190,78,Both,53.6,77,4,420,0.42,0.63,0.0,0.59,0.0,95.0,8.0,8.22,3.56,0.63,0.1,0.77,4.0,2.55,5.47,6.18,0,0
45,Klaassen,NED,2010,ST,37,1973,191,70,Right,21.3,86,3,284,0.86,0.26,0.0,0.0,0.0,74.7,2.31,2.35,0.91,0.53,-0.0,1.28,16.37,7.22,7.53,9.63,0,0
46,Malen,NED,2010,CM,35,1975,179,85,Left,27.2,65,3,241,0.46,0.53,0.0,1.42,0.0,88.1,6.5,6.72,4.31,0.78,0.1,0.46,5.14,2.45,4.28,4.74,0,0
47,Neuer,GER,2010,CAM,28,1982,176,68,Both,55.5,73,4,408,0.75,0.52,0.0,0.49,0.0,79.9,5.52,10.12,1.42,1.53,-0.1,0.39,9.46,3.65,8.83,4.73,0,0
48,Muller,GER,2010,CB,33,1977,171,70,Left,42.7,82,4,384,0.23,0.06,0.0,2.06,0.0,87.6,12.23,4.59,23.3,0.46,0.3,0.25,3.79,0.89,1.85,4.94,0,0
49,Gnabry,GER,2010,CM,31,1979,190,83,Right,49.7,77,2,194,0.54,0.86,0.0,0.97,0.0,90.0,4.99,8.46,5.09,0.74,-0.1,0.89,6.34,3.08,5.77,4.44,0,0
50,Kimmich,GER,2010,RW,20,1990,179,75,Both,30.8,78,3,336,0.65,0.98,0.0,0.64,0.0,78.0,2.91,1.55,1.22,0.92,-0.1,0.9,8.9,3.47,11.65,4.95,0,0
51,Goretzka,GER,2010,CDM,19,1991,192,82,Right,47.4,73,6,487,0.12,0.31,0.0,0.8,0.0,92.8,10.19,10.55,7.09,0.21,0.4,0.39,4.17,1.06,2.71,11.28,1,0
52,Hummels,GER,2010,GK,21,1989,184,93,Right,12.4,66,3,305,0.0,0.0,19.76,1.59,2.72,83.4,1.24,2.04,5.5,0.0,-0.1,-0.09,0.0,0.0,0.0,1.42,0,0
53,Rudiger,GER,2010,CM,28,1982,179,86,Right,12.5,66,5,437,0.4,0.45,0.0,0.76,0.0,88.9,10.22,8.19,3.51,0.74,0.3,0.47,6.13,1.95,9.25,4.99,0,0
54,Sule,GER,2010,LW,34,1976,192,85,Both,35.2,72,4,348,0.65,1.11,0.0,0.5,0.0,80.8,3.18,3.81,2.13,1.97,0.2,0.08,8.51,2.24,10.13,7.48,0,0
55,Gosens,GER,2010,CB,33,1977,184,83,Left,13.9,76,3,297,0.2,0.1,0.0,1.69,0.0,90.8,7.43,12.2,24.84,0.56,-0.2,0.08,4.13,0.94,2.4,5.01,0,0
56,Havertz,GER,2010,LB,22,1988,189,77,Right,31.8,87,1,99,0.22,0.6,0.0,1.66,0.0,85.6,10.32,6.21,17.29,0.88,-0.1,-0.02,5.03,1.96,4.63,2.63,0,0
57,Sané,GER,2010,GK,27,1983,185,90,Right,21.7,66,4,311,0.0,0.0,14.62,1.03,3.36,89.7,0.98,1.81,3.55,0.0,1.0,-0.22,0.0,0.0,0.0,0.96,0,0
58,Werner,GER,2010,LB,25,1985,191,80,Right,31.3,91,4,324,0.33,0.71,0.0,2.24,0.0,82.9,5.51,11.27,9.23,0.93,-0.6,0.07,3.82,1.09,5.38,5.08,0,0
59,Ginter,GER,2010,RW,37,1973,188,76,Left,58.5,71,2,185,0.64,0.67,0.0,0.47,0.0,74.5,4.25,5.98,0.4,1.26,0.2,0.85,4.22,5.63,20.55,3.91,0,0
60,Kehrer,GER,2010,CM,24,1986,188,66,Right,22.4,74,4,369,0.41,0.87,0.0,1.41,0.0,89.8,7.61,7.34,4.81,0.9,0.5,0.75,4.23,1.56,6.36,8.46,0,0
61,Trapp,GER,2010,ST,21,1989,179,69,Right,67.4,89,3,274,1.24,0.35,0.0,0.0,0.0,73.1,2.19,1.99,1.46,0.72,0.3,1.31,12.44,4.86,3.39,7.68,0,0
62,Ter Stegen,GER,2010,CB,19,1991,184,87,Right,94.3,87,4,332,0.24,0.16,0.0,2.8,0.0,92.9,8.3,10.78,33.08,0.7,-0.1,0.27,4.63,0.85,2.36,5.83,0,0
63,Brandt,GER,2010,RB,34,1976,178,80,Right,61.5,93,3,325,0.36,0.42,0.0,2.19,0.0,81.7,13.45,12.5,7.73,0.78,-0.4,0.53,4.6,3.17,6.45,5.72,0,0
64,Reus,GER,2010,GK,35,1975,199,84,Both,31.3,70,3,281,0.0,0.0,3.68,1.7,2.87,80.9,0.99,2.2,4.97,0.0,0.7,0.04,0.0,0.0,0.0,1.38,0,0
65,Can,GER,2010,RB,35,1975,171,74,Right,56.4,94,3,291,0.43,0.76,0.0,1.5,0.0,84.7,5.19,8.04,8.84,0.79,-0.3,0.59,4.69,2.47,6.72,5.34,0,0
66,Schlotterbeck,GER,2010,LW,29,1981,186,82,Right,62.6,86,3,278,0.76,1.05,0.0,0.54,0.0,79.5,3.89,5.01,2.19,1.97,0.2,1.23,8.0,3.52,13.18,1.27,0,0
67,Adeyemi,GER,2010,CDM,20,1990,179,77,Left,46.2,84,3,279,0.09,0.32,0.0,1.41,0.0,91.9,11.89,8.58,8.87,0.43,-0.2,0.21,3.57,0.84,2.69,8.55,1,0
68,Musiala,GER,2010,CB,35,1975,178,68,Left,74.0,89,4,417,0.25,0.11,0.0,2.31,0.0,82.9,7.94,12.13,26.56,0.35,0.3,0.52,3.41,1.29,1.97,6.35,1,0
69,Wirtz,GER,2010,ST,30,1980,193,67,Right,44.3,80,4,360,1.32,0.31,0.0,0.0,0.0,70.6,1.44,2.17,1.56,1.32,-0.2,1.2,14.4,6.47,11.84,5.63,0,0
70,Suarez,URU,2010,ST,31,1979,185,69,Right,61.0,78,3,332,0.93,0.35,0.0,0.0,0.0,72.5,1.71,3.38,0.77,0.66,0.0,1.56,5.08,4.95,10.96,8.17,0,0
71,Cavani,URU,2010,CM,33,1977,185,86,Right,74.1,83,3,252,0.51,0.87,0.0,1.1,0.0,86.9,10.36,9.97,6.99,1.09,-0.2,1.01,2.09,1.27,6.32,7.0,0,0
72,Godin,URU,2010,CB,25,1985,186,85,Left,26.4,74,3,275,0.15,0.09,0.0,1.58,0.0,90.6,8.86,15.82,19.29,0.34,-0.0,0.38,5.22,1.24,1.66,5.68,0,0
73,Gimenez,URU,2010,LB,27,1983,187,87,Both,131.7,94,4,368,0.18,0.83,0.0,2.7,0.0,85.7,12.27,6.38,9.31,1.03,-0.5,0.68,5.44,2.0,8.17,5.06,0,0
74,Valverde,URU,2010,RW,36,1974,173,85,Right,38.2,74,5,404,0.55,0.6,0.0,0.72,0.0,81.3,4.54,3.53,2.45,0.66,-0.2,0.92,11.13,5.2,3.67,6.59,0,0
75,Bentancur,URU,2010,CM,33,1977,190,72,Right,11.3,75,5,449,0.18,0.79,0.0,1.35,0.0,87.6,7.64,8.47,3.76,0.68,-0.0,0.03,6.85,2.11,7.07,7.81,0,0
76,Nunez,URU,2010,LB,23,1987,187,70,Right,27.3,85,4,309,0.44,0.53,0.0,1.32,0.0,83.9,14.65,9.13,6.39,0.83,-0.1,0.32,5.23,1.91,5.82,3.29,1,0
77,De Arrascaeta,URU,2010,LW,23,1987,179,73,Right,20.3,74,4,316,0.61,0.79,0.0,0.69,0.0,79.7,2.32,2.62,2.6,1.48,0.4,0.95,9.39,1.61,11.01,3.46,0,0
78,Pellistri,URU,2010,CB,34,1976,170,71,Right,44.2,69,2,216,0.31,0.12,0.0,1.23,0.0,91.5,10.13,7.96,24.62,0.55,0.3,0.17,0.86,1.13,2.98,6.17,1,0
79,Olivera,URU,2010,CM,35,1975,171,68,Right,12.7,64,4,353,0.53,0.81,0.0,0.68,0.0,84.2,9.76,13.15,8.85,0.45,0.5,0.37,6.87,1.87,4.02,4.35,1,0
80,Coates,URU,2010,GK,32,1978,186,86,Right,32.1,84,4,417,0.0,0.0,6.56,2.45,3.69,82.7,1.03,2.29,7.23,0.0,0.7,0.26,0.0,0.0,0.0,0.54,0,0
81,Rochet,URU,2010,LW,20,1990,191,83,Right,26.0,84,5,417,0.71,0.58,0.0,0.7,0.0,77.4,1.99,2.34,2.29,1.32,0.0,1.26,7.74,3.92,22.25,6.25,0,0
82,Mele,URU,2010,RB,33,1977,193,87,Both,29.9,84,4,369,0.33,0.69,0.0,1.05,0.0,78.5,6.12,9.78,9.45,0.92,0.0,0.73,5.58,1.27,3.59,6.6,0,0
83,Caceres,URU,2010,CDM,37,1973,181,79,Right,18.2,75,4,381,0.23,0.37,0.0,0.96,0.0,87.2,6.03,14.77,6.36,0.64,-0.3,0.12,3.29,0.59,4.3,7.49,1,0
84,Vina,URU,2010,GK,24,1986,196,91,Right,8.9,70,3,288,0.0,0.0,12.41,1.59,1.83,85.1,1.16,2.0,5.96,0.0,0.4,-0.19,0.0,0.0,0.0,1.18,0,0
85,Torres,URU,2010,CAM,22,1988,185,76,Right,63.1,71,5,490,0.66,0.8,0.0,0.47,0.0,76.4,4.13,3.55,2.82,1.37,0.5,0.44,7.28,3.28,13.29,3.52,0,0
86,Canobbio,URU,2010,ST,33,1977,188,82,Left,33.1,82,2,257,0.94,0.32,0.0,0.0,0.0,66.3,2.49,2.54,0.96,1.38,-0.1,1.46,9.66,6.05,7.55,8.82,0,0
87,Araujo,URU,2010,RW,22,1988,184,71,Right,35.0,87,4,381,1.0,0.95,0.0,0.32,0.0,79.7,3.21,3.03,1.44,1.81,-0.5,1.79,13.04,2.9,22.21,4.7,0,0
88,Gonzalez,URU,2010,CB,35,1975,174,65,Right,50.4,84,6,578,0.24,0.13,0.0,2.03,0.0,86.8,9.94,6.43,27.8,0.43,-0.1,0.32,3.66,0.93,2.49,0.75,0,0
89,Rodriguez,URU,2010,GK,22,1988,193,81,Left,11.6,79,2,215,0.0,0.0,15.64,1.92,3.62,90.2,1.27,2.38,4.95,0.0,0.7,0.26,0.0,0.0,0.0,1.17,0,0
90,Alvarez,URU,2010,CB,25,1985,179,86,Left,40.1,71,4,324,0.19,0.06,0.0,1.53,0.0,88.5,8.35,7.56,19.89,0.64,0.1,0.54,3.98,1.1,2.28,5.71,1,0
91,Bueno,URU,2010,RB,32,1978,192,69,Right,80.6,92,2,165,0.47,0.53,0.0,1.75,0.0,80.6,7.59,7.37,6.91,0.59,-0.3,1.08,5.15,1.78,3.73,4.69,0,0
92,Lopez,URU,2010,CDM,23,1987,187,73,Left,46.0,76,3,290,0.33,0.32,0.0,0.92,0.0,89.4,14.01,14.84,10.75,0.58,0.4,0.55,5.89,0.41,3.41,8.39,0,0
93,Messi,ARG,2010,CB,27,1983,178,84,Right,47.6,76,3,241,0.16,0.12,0.0,1.57,0.0,83.5,8.36,15.67,28.4,0.77,-0.2,0.36,6.57,1.34,3.04,8.16,1,0
94,Di Maria,ARG,2010,CB,23,1987,189,74,Left,28.8,75,3,330,0.23,0.1,0.0,1.46,0.0,90.1,8.47,6.55,25.1,0.26,-0.5,0.6,5.0,1.03,2.12,3.65,1,0
95,Martinez,ARG,2010,RB,21,1989,192,69,Right,48.0,86,5,459,0.2,0.59,0.0,2.01,0.0,82.8,16.64,10.01,16.09,0.65,-0.3,0.44,6.19,2.17,6.81,7.95,0,0
96,Otamendi,ARG,2010,RB,32,1978,186,86,Right,53.3,83,4,302,0.2,0.46,0.0,1.86,0.0,88.4,3.74,7.14,10.25,0.59,-0.1,0.7,4.88,2.64,7.11,4.33,0,0
97,De Paul,ARG,2010,LW,36,1974,174,68,Right,89.0,90,5,412,0.96,1.06,0.0,0.49,0.0,78.9,2.36,3.93,2.09,2.0,-0.2,1.45,8.2,6.09,10.05,4.59,0,0
98,Paredes,ARG,2010,CAM,21,1989,192,81,Right,76.9,81,3,295,0.86,1.29,0.0,0.36,0.0,81.9,3.88,6.79,1.5,1.28,-0.5,0.78,8.32,1.88,17.19,4.09,0,0
99,Lo Celso,ARG,2010,ST,19,1991,188,82,Right,59.4,81,4,320,0.96,0.31,0.0,0.0,0.0,75.1,2.07,3.26,1.38,0.95,0.1,1.25,7.67,5.36,6.62,5.59,0,0
100,Lautaro,ARG,2010,LB,24,1986,185,85,Right,47.5,97,3,354,0.31,0.68,0.0,2.2,0.0,84.9,14.51,6.33,12.58,0.45,0.2,0.84,6.69,1.51,6.85,5.3,0,0
101,Alvarez,ARG,2010,CB,21,1989,188,84,Left,60.4,84,5,429,0.1,0.09,0.0,2.15,0.0,84.4,7.53,6.16,37.18,0.83,0.4,0.15,4.71,1.61,1.18,6.02,1,0
102,Tagliafico,ARG,2010,ST,32,1978,184,65,Right,104.9,83,2,172,0.83,0.2,0.0,0.0,0.0,67.7,2.32,2.08,0.99,1.17,-0.3,1.6,12.22,4.92,8.1,8.99,0,0
103,Molina,ARG,2010,CDM,32,1978,189,81,Left,33.5,73,4,308,0.07,0.1,0.0,1.23,0.0,94.8,17.68,10.69,5.46,0.59,-0.1,-0.08,4.4,0.83,3.65,7.76,1,0
104,Acuna,ARG,2010,RW,36,1974,187,76,Left,16.0,73,5,445,0.54,0.7,0.0,0.32,0.0,77.3,2.02,4.23,1.99,1.37,-0.3,0.75,6.87,4.81,10.76,6.3,0,0
105,Montiel,ARG,2010,LW,28,1982,194,82,Right,23.4,72,4,420,1.04,0.81,0.0,0.56,0.0,82.5,2.51,6.47,1.9,0.42,-0.7,0.5,11.06,6.52,13.98,4.45,0,0
106,Pezzella,ARG,2010,CM,27,1983,181,66,Left,43.7,72,2,235,0.31,0.83,0.0,0.69,0.0,85.3,8.89,10.65,4.15,1.2,-0.5,0.63,5.64,1.67,7.72,4.61,1,0
107,Gonzalez,ARG,2010,CM,27,1983,175,79,Right,9.4,63,3,327,0.34,0.45,0.0,1.09,0.0,87.0,2.8,11.74,8.66,0.77,-0.2,0.32,5.74,2.43,8.1,4.03,0,0
108,Correa,ARG,2010,GK,20,1990,186,78,Right,39.1,73,5,394,0.0,0.0,19.78,1.85,4.69,85.9,1.28,2.91,6.77,0.0,0.4,-0.03,0.0,0.0,0.0,0.54,0,0
109,Dybala,ARG,2010,RW,30,1980,192,86,Right,43.6,81,5,407,0.52,1.05,0.0,0.59,0.0,81.8,1.9,5.12,2.12,1.47,0.4,0.72,7.7,4.43,2.65,5.78,0,0
110,Rulli,ARG,2010,CDM,33,1977,191,89,Both,18.5,75,2,160,0.14,0.3,0.0,0.96,0.0,87.4,9.33,14.44,10.02,0.37,-0.7,0.15,2.07,1.21,5.2,4.4,1,0
111,Armani,ARG,2010,CB,21,1989,190,82,Right,44.3,75,5,447,0.18,0.12,0.0,1.85,0.0,90.7,8.93,11.98,21.45,0.08,-0.2,0.36,5.51,0.84,1.76,5.94,0,0
112,Foyth,ARG,2010,GK,34,1976,184,86,Right,20.4,74,3,320,0.0,0.0,10.59,2.05,3.09,85.7,0.86,1.8,5.98,0.0,0.2,-0.22,0.0,0.0,0.0,1.27,0,0
113,Palacios,ARG,2010,CM,31,1979,174,79,Left,22.2,66,4,323,0.2,0.66,0.0,1.27,0.0,90.8,8.17,7.39,5.82,1.02,-0.4,-0.09,7.41,1.84,7.97,6.71,0,0
114,Almada,ARG,2010,GK,26,1984,187,87,Right,47.1,79,1,97,0.0,0.0,16.9,2.17,1.3,82.6,1.01,1.14,2.12,0.0,0.3,0.18,0.0,0.0,0.0,1.06,0,0
115,Carboni,ARG,2010,LB,28,1982,177,68,Left,41.3,88,3,305,0.4,0.55,0.0,2.11,0.0,85.0,9.16,3.25,10.01,1.08,0.1,0.14,3.16,1.94,7.27,4.17,0,0
116,Neymar,BRA,2010,LB,28,1982,180,81,Right,95.4,92,3,289,0.28,0.52,0.0,2.5,0.0,88.4,14.82,11.66,12.29,0.39,0.3,0.69,4.6,2.68,6.8,6.2,0,0
117,Vinicius Jr,BRA,2010,RB,32,1978,180,73,Left,34.8,76,4,359,0.41,0.4,0.0,2.22,0.0,83.3,11.67,5.12,12.2,0.65,-0.5,0.28,5.84,1.95,7.66,3.66,1,0
118,Alisson,BRA,2010,RW,34,1976,171,77,Right,124.5,77,5,420,0.82,1.18,0.0,0.53,0.0,82.4,3.33,3.09,2.18,1.6,0.1,1.73,14.88,6.08,12.78,1.19,0,0
119,Thiago Silva,BRA,2010,CAM,19,1991,183,81,Left,39.5,75,3,302,0.71,0.68,0.0,0.47,0.0,85.8,2.93,7.82,1.72,1.45,0.0,0.7,10.01,3.53,12.34,4.54,0,0
120,Casemiro,BRA,2010,GK,35,1975,185,91,Left,10.4,75,4,345,0.0,0.0,21.89,2.49,2.85,83.6,1.21,1.64,5.55,0.0,0.6,-0.4,0.0,0.0,0.0,1.47,0,0
121,Marquinhos,BRA,2010,GK,25,1985,188,89,Left,23.5,86,5,447,0.0,0.0,11.02,2.38,2.75,87.3,1.17,1.09,5.61,0.0,0.4,0.36,0.0,0.0,0.0,1.5,0,0
122,Richarlison,BRA,2010,LB,24,1986,176,84,Left,60.6,96,6,507,0.44,0.37,0.0,2.73,0.0,86.2,10.94,8.48,10.71,0.54,-0.3,0.98,5.64,2.64,5.57,3.9,0,0
123,Rodrygo,BRA,2010,CB,28,1982,183,69,Left,63.4,90,3,322,0.24,0.11,0.0,2.31,0.0,88.9,7.42,6.93,23.4,0.69,0.1,0.39,5.57,0.79,1.91,6.51,0,0
124,Lucas Paqueta,BRA,2010,GK,20,1990,188,75,Both,21.0,70,4,367,0.0,0.0,11.25,2.26,3.52,86.4,0.83,1.87,4.19,0.0,0.6,0.33,0.0,0.0,0.0,1.59,0,0
125,Ederson,BRA,2010,CM,37,1973,188,66,Right,22.0,80,3,283,0.27,0.68,0.0,0.54,0.0,86.8,9.75,7.42,3.81,0.54,-0.1,0.74,4.83,2.02,10.13,4.27,0,0
126,Danilo,BRA,2010,CB,23,1987,182,82,Left,36.0,74,4,373,0.2,0.12,0.0,1.66,0.0,93.1,11.9,11.37,19.06,0.55,0.1,0.45,3.56,0.73,2.07,5.87,0,0
127,Alex Sandro,BRA,2010,LW,32,1978,176,83,Right,27.6,82,4,372,0.8,0.88,0.0,0.51,0.0,77.8,4.79,4.3,1.41,0.53,0.2,0.95,8.5,4.4,13.03,5.17,0,0
128,Fabinho,BRA,2010,LW,25,1985,189,81,Both,50.0,90,2,212,0.61,0.86,0.0,0.49,0.0,82.0,2.66,5.01,1.25,1.47,0.3,1.29,10.22,3.38,8.46,7.03,0,0
129,Fred,BRA,2010,CB,32,1978,187,82,Right,32.9,84,4,392,0.18,0.11,0.0,1.43,0.0,85.8,10.78,7.16,36.67,0.46,-0.2,0.22,3.84,0.49,1.88,5.8,0,0
130,Militao,BRA,2010,CM,21,1989,189,73,Right,38.5,76,2,247,0.46,0.66,0.0,0.52,0.0,92.0,5.28,8.91,1.83,0.7,-0.3,0.42,9.13,1.13,2.45,3.63,0,0
131,Bremer,BRA,2010,CB,25,1985,190,67,Right,48.5,76,2,201,0.17,0.12,0.0,1.94,0.0,87.6,12.03,12.54,30.93,0.58,0.1,0.13,4.65,0.92,1.79,4.67,1,0
132,Gabriel Jesus,BRA,2010,ST,29,1981,194,76,Left,113.6,89,4,344,1.7,0.55,0.0,0.0,0.0,72.6,1.74,2.27,0.32,1.0,-0.4,0.95,5.87,4.47,7.85,9.54,0,0
133,Gabriel Martinelli,BRA,2010,CM,32,1978,183,78,Left,22.9,73,4,356,0.4,0.45,0.0,0.8,0.0,89.2,11.99,5.04,3.78,0.89,0.1,0.84,4.67,2.57,7.3,6.08,0,0
134,Bruno Guimaraes,BRA,2010,CDM,24,1986,192,67,Left,15.2,62,2,228,0.2,0.27,0.0,0.45,0.0,89.9,2.86,16.62,9.51,0.58,-0.2,0.12,3.32,1.23,5.66,5.77,0,0
135,Eder Militao,BRA,2010,RB,36,1974,193,70,Left,44.4,80,5,476,0.23,0.54,0.0,2.33,0.0,78.8,6.68,0.7,7.24,0.82,-0.3,0.31,2.5,2.02,7.0,3.77,0,0
136,Weverton,BRA,2010,CDM,26,1984,191,65,Both,70.5,70,3,295,0.18,0.29,0.0,0.96,0.0,84.2,16.22,15.8,7.31,0.57,0.3,0.38,3.18,0.85,2.24,7.73,1,0
137,Alex Telles,BRA,2010,RW,27,1983,191,74,Left,128.3,81,4,347,0.45,1.12,0.0,0.46,0.0,76.6,3.32,5.59,2.2,1.3,0.1,1.17,11.64,3.17,15.37,5.47,0,0
138,Renan Lodi,BRA,2010,ST,27,1983,183,72,Right,81.6,92,4,366,1.67,0.44,0.0,0.0,0.0,75.5,2.43,2.41,0.94,0.81,-0.4,2.13,15.79,6.63,9.39,9.06,0,0
139,Rodrigo Monteiro,GHA,2010,LB,28,1982,173,88,Right,58.6,94,6,477,0.15,0.66,0.0,2.61,0.0,80.6,14.07,6.76,17.27,1.28,-0.5,0.76,0.0,0.86,7.53,5.11,0,0
140,Andre Araujo,GHA,2010,GK,32,1978,185,85,Right,20.7,81,4,369,0.0,0.0,13.89,1.99,2.18,79.6,0.82,2.2,4.72,0.0,0.6,0.12,0.0,0.0,0.0,1.03,0,0
141,Ricardo Silva,GHA,2010,CB,36,1974,177,89,Right,17.2,82,4,391,0.19,0.16,0.0,1.96,0.0,89.2,10.23,12.81,30.72,0.36,0.1,0.18,5.72,0.33,1.86,3.18,0,0
142,Bruno Souza,GHA,2010,ST,25,1985,190,76,Right,98.9,78,5,434,0.51,0.48,0.0,0.0,0.0,74.4,1.72,2.98,0.82,0.82,0.1,2.05,15.89,5.97,9.06,6.69,0,0
143,Paulo Mendes,GHA,2010,LW,37,1973,191,79,Right,18.9,71,4,330,0.55,0.48,0.0,0.62,0.0,77.8,3.48,2.11,1.99,1.16,0.4,0.97,5.31,5.92,17.32,5.16,0,0
144,Gabriel Ribeiro,GHA,2010,ST,20,1990,191,81,Right,75.3,88,4,312,0.96,0.6,0.0,0.0,0.0,71.0,2.65,2.62,1.07,1.79,0.0,1.3,11.45,5.33,6.45,10.37,0,0
145,Vinicius Cardoso,GHA,2010,RW,20,1990,183,78,Right,32.9,80,5,449,1.01,0.88,0.0,0.46,0.0,74.9,3.0,4.14,2.64,0.94,-0.3,0.6,10.1,8.29,14.46,3.8,0,0
146,Andre Dias,GHA,2010,CM,23,1987,190,67,Right,29.8,67,3,332,0.43,0.39,0.0,0.35,0.0,84.1,4.81,7.75,6.92,0.4,-0.5,0.48,9.99,2.39,9.61,6.16,1,0
147,Bruno Ferreira,GHA,2010,CM,28,1982,185,88,Right,26.9,71,3,289,0.33,0.38,0.0,0.84,0.0,86.3,8.29,6.2,2.66,0.29,-0.1,0.75,4.89,2.44,5.66,6.5,0,0
148,Eduardo Araujo,GHA,2010,CAM,20,1990,178,81,Right,41.9,74,4,401,0.71,1.44,0.0,0.49,0.0,83.7,4.89,6.69,1.09,1.46,-0.2,0.4,5.88,4.02,9.91,5.18,0,0
149,Paulo Gomes,GHA,2010,CDM,35,1975,178,83,Right,13.8,76,3,251,0.27,0.04,0.0,1.38,0.0,89.8,11.87,6.19,5.13,0.52,-0.1,0.06,3.68,0.9,1.88,2.42,1,0
150,Bruno Oliveira,GHA,2010,CB,20,1990,172,84,Right,18.5,82,4,314,0.24,0.12,0.0,2.41,0.0,87.0,6.23,6.48,25.84,0.29,0.3,0.19,3.07,0.0,1.14,4.05,1,0
151,Bruno Silva,GHA,2010,GK,31,1979,194,79,Right,17.8,80,3,280,0.0,0.0,12.77,2.2,2.41,80.7,1.2,2.88,8.48,0.0,0.2,-0.04,0.0,0.0,0.0,0.89,0,0
152,Eduardo Melo,GHA,2010,CM,37,1973,180,70,Right,19.7,75,3,287,0.28,0.6,0.0,1.36,0.0,89.0,7.36,5.07,3.34,0.86,0.3,0.59,5.14,1.64,7.54,6.02,0,0
153,Diego Cavalcanti,GHA,2010,CB,20,1990,179,73,Both,75.3,86,4,346,0.11,0.05,0.0,2.3,0.0,85.8,12.06,11.44,15.32,0.49,-0.6,0.73,6.07,0.63,1.68,6.23,0,0
154,Arthur Gomes,GHA,2010,CDM,32,1978,180,78,Both,21.9,77,3,258,0.19,0.29,0.0,1.26,0.0,89.2,14.13,8.76,7.05,0.61,0.6,0.63,3.23,1.17,5.14,6.58,1,0
155,Marcelo Souza,GHA,2010,CB,33,1977,188,87,Right,49.5,75,3,296,0.25,0.08,0.0,1.8,0.0,87.0,10.01,11.28,14.43,0.48,0.2,-0.07,2.7,1.39,2.47,6.03,1,0
156,Alexandre Lima,GHA,2010,RB,20,1990,183,86,Left,95.3,86,4,388,0.28,0.4,0.0,2.34,0.0,84.9,12.49,8.18,15.53,0.74,-0.3,0.87,7.11,2.6,4.32,6.64,0,0
157,Paulo Santos,GHA,2010,RW,30,1980,185,75,Right,28.9,80,4,417,0.73,0.8,0.0,0.51,0.0,84.3,3.74,3.65,1.66,1.79,-0.1,0.87,9.65,5.52,14.41,2.89,0,0
158,Heitor Oliveira,GHA,2010,RB,30,1980,185,65,Left,26.9,85,5,411,0.23,0.46,0.0,2.39,0.0,85.7,7.28,1.46,11.87,0.62,-0.1,-0.11,5.1,2.37,6.85,7.04,0,0
159,Gabriel Monteiro,GHA,2010,LW,20,1990,179,85,Right,41.7,79,4,357,0.63,1.01,0.0,0.6,0.0,76.0,3.01,3.18,2.02,2.19,-0.3,0.85,6.28,3.2,17.0,4.77,0,0
160,Paulo Santos,GHA,2010,GK,32,1978,199,89,Right,19.1,81,3,265,0.0,0.0,13.9,2.59,0.55,90.5,1.21,1.78,5.99,0.0,0.4,-0.22,0.0,0.0,0.0,0.9,0,0
161,Andre Dias,GHA,2010,LB,20,1990,178,89,Right,69.7,96,2,190,0.44,0.47,0.0,2.69,0.0,80.1,9.73,8.63,8.81,0.78,0.2,0.73,4.64,2.61,5.34,7.08,0,0
162,Andre Costa,PAR,2010,CB,27,1983,172,75,Left,59.5,73,1,107,0.21,0.07,0.0,1.54,0.0,89.2,7.66,12.06,14.9,0.54,-0.2,-0.0,5.22,0.84,2.55,9.0,1,0
163,Felipe Cavalcanti,PAR,2010,CDM,30,1980,182,72,Left,16.3,72,5,499,0.24,0.25,0.0,0.75,0.0,89.6,16.81,9.59,11.78,0.72,-0.0,0.14,3.07,0.52,5.71,9.61,0,0
164,Gustavo Martins,PAR,2010,LW,23,1987,185,84,Right,75.5,74,5,458,0.68,0.81,0.0,0.26,0.0,77.4,3.56,1.15,1.71,1.93,0.0,1.14,8.79,3.59,7.08,6.67,0,0
165,Carlos Oliveira,PAR,2010,RW,24,1986,176,66,Right,48.2,74,3,340,0.65,0.86,0.0,0.48,0.0,79.9,2.78,2.93,2.14,0.96,-0.1,0.83,11.84,4.78,3.21,7.92,0,0
166,Thiago Mendes,PAR,2010,ST,37,1973,194,75,Right,102.0,84,3,309,1.31,0.44,0.0,0.0,0.0,69.3,1.91,5.32,1.09,1.16,0.1,1.28,8.22,5.41,10.5,6.11,0,0
167,Roberto Rodrigues,PAR,2010,GK,19,1991,197,78,Right,39.7,82,5,428,0.0,0.0,13.57,2.06,3.43,88.1,1.25,2.32,2.44,0.0,0.4,0.39,0.0,0.0,0.0,1.27,0,0
168,Ricardo Dias,PAR,2010,RB,36,1974,194,76,Both,29.3,73,4,380,0.2,0.32,0.0,1.02,0.0,79.8,7.59,6.38,2.8,1.23,-0.1,0.22,6.1,2.66,5.16,1.79,0,0
169,Vinicius Rodrigues,PAR,2010,GK,37,1973,193,93,Right,16.0,87,2,238,0.0,0.0,21.3,2.74,3.33,86.2,0.48,1.96,5.23,0.0,0.7,-0.45,0.0,0.0,0.0,1.81,0,0
170,Heitor Rodrigues,PAR,2010,CM,21,1989,185,82,Right,37.5,83,6,451,0.41,0.8,0.0,1.36,0.0,88.0,4.06,7.13,5.48,0.75,-0.1,0.52,7.16,2.65,7.38,6.87,0,0
171,Fernando Barbosa,PAR,2010,CAM,27,1983,175,81,Right,36.8,66,1,166,0.56,0.56,0.0,0.43,0.0,78.6,5.29,5.09,2.14,1.37,-0.1,0.45,11.65,2.16,2.46,3.44,0,0
172,Gustavo Almeida,PAR,2010,CB,36,1974,173,69,Right,20.3,89,4,340,0.22,0.08,0.0,1.38,0.0,86.4,9.35,11.58,19.85,0.4,-0.3,0.36,1.94,0.96,2.43,7.34,0,0
173,Ricardo Barbosa,PAR,2010,CB,26,1984,188,78,Left,74.8,79,3,222,0.25,0.11,0.0,2.46,0.0,91.5,4.39,9.61,27.89,0.52,0.2,-0.02,3.47,1.26,1.71,6.28,0,0
174,Ricardo Monteiro,PAR,2010,LB,33,1977,189,79,Left,42.9,82,3,238,0.35,0.6,0.0,1.59,0.0,78.5,11.85,2.89,8.09,1.2,-0.5,0.21,7.47,1.72,8.22,7.66,0,0
175,Matheus Ribeiro,PAR,2010,LW,19,1991,181,79,Right,53.5,81,3,323,0.63,1.06,0.0,0.62,0.0,75.0,4.2,4.72,2.86,2.27,0.0,1.05,13.48,4.89,5.35,2.67,0,0
176,Andre Costa,PAR,2010,ST,30,1980,189,87,Left,128.7,87,4,385,1.45,0.22,0.0,0.0,0.0,75.8,2.05,2.12,1.25,1.18,0.7,1.54,4.78,4.62,5.36,5.43,0,0
177,Vinicius Pereira,PAR,2010,LB,31,1979,190,73,Right,52.2,76,2,220,0.29,0.38,0.0,1.55,0.0,75.9,14.25,6.33,16.45,0.08,0.2,0.17,5.29,1.9,7.44,4.26,1,0
178,Bruno Oliveira,PAR,2010,RB,27,1983,191,70,Right,28.3,84,3,317,0.33,0.76,0.0,2.24,0.0,80.4,9.51,10.13,9.06,1.16,-1.2,0.1,5.9,2.58,6.1,3.18,0,0
179,Bruno Rodrigues,PAR,2010,RW,35,1975,174,71,Left,25.5,80,3,246,0.79,1.1,0.0,0.58,0.0,80.2,4.22,6.05,2.63,1.25,-0.2,0.49,14.57,2.09,12.14,3.56,0,0
180,Marcelo Silva,PAR,2010,GK,19,1991,191,81,Right,38.9,76,5,464,0.0,0.0,10.21,2.45,0.97,87.0,0.56,2.11,3.51,0.0,-0.2,0.24,0.0,0.0,0.0,1.15,0,0
181,Eduardo Martins,PAR,2010,CM,20,1990,186,74,Right,61.2,84,4,322,0.45,0.69,0.0,1.08,0.0,86.0,6.17,9.16,6.48,0.62,0.3,0.79,6.55,0.6,9.22,7.63,0,0
182,Heitor Cardoso,PAR,2010,CDM,33,1977,180,65,Right,76.8,75,4,430,0.21,0.36,0.0,1.28,0.0,90.4,10.82,12.12,7.75,0.59,-0.0,0.9,4.29,1.39,4.46,9.11,1,0
183,Gustavo Rocha,PAR,2010,CB,20,1990,186,84,Left,55.6,84,0,0,0.29,0.15,0.0,1.65,0.0,87.1,7.92,13.04,36.55,0.51,-0.4,0.76,3.29,0.63,2.3,6.8,0,0
184,Vinicius Monteiro,PAR,2010,CM,30,1980,180,65,Left,42.0,69,5,421,0.33,0.51,0.0,1.08,0.0,85.8,9.45,8.98,3.4,0.61,-0.2,0.4,4.07,1.7,5.09,7.26,0,0
185,Nakata,JPN,2010,CM,34,1976,171,71,Right,53.2,69,4,362,0.54,0.75,0.0,0.88,0.0,89.4,7.74,6.54,5.57,0.71,0.2,0.69,5.53,0.62,6.79,7.38,0,0
186,Honda,JPN,2010,ST,35,1975,185,83,Right,25.6,84,4,343,1.11,0.26,0.0,0.0,0.0,69.9,1.71,4.65,1.5,1.18,-0.0,1.18,14.81,4.54,8.94,6.91,0,0
187,Kagawa,JPN,2010,LW,25,1985,191,82,Right,19.9,87,4,391,0.7,0.82,0.0,0.45,0.0,71.3,2.68,2.76,2.17,1.09,0.8,1.02,10.02,4.52,16.21,2.06,0,0
188,Nagatomo,JPN,2010,LB,37,1973,188,89,Left,44.8,83,6,512,0.19,0.64,0.0,2.09,0.0,81.7,12.77,6.93,13.96,0.48,-0.1,0.46,2.3,1.36,8.33,7.76,0,0
189,Yoshida,JPN,2010,RW,24,1986,188,75,Left,75.7,78,2,199,0.73,1.1,0.0,0.55,0.0,79.1,3.4,2.97,2.75,2.06,-0.0,0.38,9.91,0.97,12.88,4.27,0,0
190,Endo,JPN,2010,GK,20,1990,187,84,Right,8.1,63,5,441,0.0,0.0,13.01,1.29,2.62,82.1,1.16,2.47,6.45,0.0,0.1,-0.29,0.0,0.0,0.0,1.07,0,0
191,Minamino,JPN,2010,RW,34,1976,175,76,Right,49.4,76,4,345,0.65,0.58,0.0,0.6,0.0,73.5,4.07,5.14,3.28,1.03,-0.5,0.91,6.83,2.47,18.44,4.38,0,0
192,Kubo,JPN,2010,LB,27,1983,185,86,Right,71.9,92,2,184,0.34,0.37,0.0,2.19,0.0,77.7,14.05,6.67,6.75,1.06,0.5,0.98,3.78,2.94,5.42,4.24,0,0
193,Tomiyasu,JPN,2010,GK,35,1975,195,79,Right,30.1,78,2,243,0.0,0.0,18.52,2.37,1.83,84.5,1.11,2.14,4.07,0.0,0.5,0.42,0.0,0.0,0.0,0.8,0,0
194,Doan,JPN,2010,CB,33,1977,183,76,Right,53.0,82,2,209,0.22,0.09,0.0,1.26,0.0,89.8,6.69,9.41,21.85,0.42,-0.1,0.44,4.75,0.88,2.24,4.65,0,0
195,Ito,JPN,2010,LW,33,1977,192,88,Left,43.7,86,3,246,0.28,0.7,0.0,0.44,0.0,75.3,2.41,3.86,2.4,1.91,0.2,1.5,17.03,3.66,10.06,6.2,0,0
196,Maeda,JPN,2010,CM,32,1978,177,82,Right,75.4,68,3,266,0.52,0.72,0.0,0.63,0.0,88.0,4.34,7.75,4.86,0.64,-0.3,1.07,5.64,1.97,10.37,7.4,0,0
197,Asano,JPN,2010,RB,29,1981,188,66,Both,20.9,80,4,381,0.24,0.23,0.0,2.01,0.0,83.0,8.93,8.44,12.51,1.01,-0.7,0.36,3.73,1.59,7.32,4.29,1,0
198,Tanaka,JPN,2010,CDM,23,1987,194,68,Both,27.9,70,5,449,0.23,0.31,0.0,1.06,0.0,90.1,8.58,10.17,9.19,0.56,0.4,-0.18,6.5,1.49,4.87,7.09,1,0
199,Soma,JPN,2010,CB,31,1979,181,83,Right,66.9,86,3,248,0.21,0.13,0.0,1.82,0.0,89.1,6.08,11.52,27.03,0.56,-0.1,0.37,4.28,0.94,1.73,7.21,0,0
200,Machino,JPN,2010,RB,21,1989,178,86,Right,31.0,82,2,194,0.26,0.23,0.0,2.57,0.0,79.1,11.65,3.61,11.1,0.67,-0.1,-0.2,3.91,2.13,5.88,5.33,1,0
201,Ueda,JPN,2010,CB,24,1986,176,77,Right,58.4,81,5,412,0.25,0.09,0.0,2.24,0.0,89.0,5.09,12.21,28.57,0.39,-0.4,0.38,4.32,0.97,2.92,3.86,0,0
202,Kamada,JPN,2010,CDM,34,1976,190,81,Right,21.3,68,3,275,0.3,0.36,0.0,0.74,0.0,89.6,4.4,15.57,2.53,0.89,0.1,-0.26,2.73,1.07,4.08,11.45,2,0
203,Hatate,JPN,2010,CM,33,1977,181,70,Left,17.9,77,6,446,0.43,0.61,0.0,1.37,0.0,88.4,6.76,8.57,3.72,0.9,-0.1,0.56,5.85,1.92,8.45,4.52,1,0
204,Suzuki,JPN,2010,ST,29,1981,189,82,Right,133.9,90,3,311,1.31,0.33,0.0,0.0,0.0,74.1,1.66,2.93,1.8,1.27,0.1,1.46,9.2,6.54,4.99,6.37,0,0
205,Morita,JPN,2010,CB,28,1982,177,88,Right,38.8,91,3,335,0.16,0.16,0.0,2.31,0.0,84.0,10.76,11.85,21.81,0.53,0.7,0.35,3.97,0.51,1.86,6.83,0,0
206,Mitoma,JPN,2010,GK,34,1976,190,93,Right,26.1,71,0,63,0.0,0.0,17.69,1.89,1.92,85.0,0.82,2.54,5.03,0.0,0.4,0.12,0.0,0.0,0.0,0.74,0,0
207,Suzuki,JPN,2010,CAM,24,1986,179,88,Right,39.6,77,3,326,0.62,0.97,0.0,0.31,0.0,79.6,3.85,5.8,1.65,1.48,0.2,0.75,8.18,3.96,12.43,4.08,0,0
208,Park,KOR,2010,CB,25,1985,173,68,Right,44.6,80,3,249,0.25,0.13,0.0,2.02,0.0,87.5,8.89,8.73,24.42,0.46,-0.2,0.47,3.69,0.95,1.85,8.72,0,0
209,Son,KOR,2010,CDM,25,1985,191,82,Left,30.5,79,3,331,0.17,0.4,0.0,0.6,0.0,83.4,10.01,14.02,9.19,0.59,-0.5,0.46,4.7,1.56,4.93,8.21,0,0
210,Kim,KOR,2010,RB,33,1977,188,71,Right,54.3,82,4,308,0.29,0.68,0.0,1.97,0.0,82.7,6.94,6.22,15.61,0.96,0.1,0.41,5.53,1.1,6.71,3.17,1,0
211,Lee,KOR,2010,RB,26,1984,186,78,Right,116.1,91,3,236,0.38,0.57,0.0,2.77,0.0,83.5,4.28,6.51,12.93,0.78,0.2,0.36,6.43,2.31,6.47,5.37,0,0
212,Hwang,KOR,2010,LB,26,1984,178,67,Left,41.7,94,4,289,0.28,0.41,0.0,2.89,0.0,79.5,8.89,6.9,10.55,1.26,-0.0,0.19,5.13,2.45,7.38,4.91,1,0
213,Cho,KOR,2010,RW,37,1973,183,86,Right,24.1,82,5,461,0.91,0.71,0.0,0.59,0.0,77.0,3.6,2.06,2.09,0.95,-0.1,1.05,8.47,6.33,18.89,5.32,0,0
214,Jung,KOR,2010,CAM,33,1977,179,69,Left,56.0,84,6,546,0.59,1.09,0.0,0.38,0.0,81.3,4.14,5.55,2.05,1.53,-0.0,0.43,8.93,2.91,11.36,3.38,0,0
215,Hong,KOR,2010,GK,23,1987,194,76,Left,6.2,71,3,320,0.0,0.0,12.35,0.66,3.61,90.0,1.34,1.33,4.98,0.0,0.3,-0.32,0.0,0.0,0.0,0.94,0,0
216,Kwon,KOR,2010,CM,33,1977,182,80,Right,29.7,69,4,382,0.46,0.58,0.0,0.54,0.0,84.5,8.14,3.66,5.47,0.51,0.1,0.73,5.94,1.32,5.83,5.88,0,0
217,Kim,KOR,2010,CB,35,1975,174,84,Both,55.8,80,4,344,0.19,0.1,0.0,1.73,0.0,84.9,4.82,8.9,34.89,0.6,-0.2,0.58,5.1,1.31,2.44,9.02,1,0
218,Lee,KOR,2010,CM,24,1986,175,67,Both,19.2,79,4,366,0.42,0.49,0.0,0.77,0.0,88.0,10.26,6.4,5.41,1.0,-0.1,0.6,5.29,2.15,6.18,4.63,0,0
219,Park,KOR,2010,GK,29,1981,187,90,Left,47.6,74,3,323,0.0,0.0,4.92,2.46,2.93,83.0,1.17,2.53,5.39,0.0,0.5,0.0,0.0,0.0,0.0,1.03,0,0
220,Seol,KOR,2010,CM,22,1988,173,80,Right,39.1,71,3,307,0.45,0.73,0.0,0.49,0.0,90.1,11.17,8.56,5.56,0.74,-0.2,0.58,5.39,2.84,7.96,10.86,0,0
221,Choi,KOR,2010,RW,25,1985,187,87,Right,20.5,72,3,268,0.41,0.82,0.0,0.56,0.0,76.0,2.51,2.43,2.05,1.23,0.2,0.57,14.39,1.23,18.24,4.81,0,0
222,Yang,KOR,2010,LW,24,1986,176,65,Right,112.4,76,3,251,0.87,1.11,0.0,0.63,0.0,78.5,1.95,4.69,2.06,1.8,-0.5,1.23,14.67,5.09,8.09,5.1,0,0
223,Bae,KOR,2010,ST,31,1979,184,65,Both,105.9,88,5,431,0.92,0.42,0.0,0.0,0.0,68.8,2.04,3.65,1.43,1.09,-0.1,1.36,6.31,3.3,1.19,3.56,0,0
224,Kim,KOR,2010,LB,35,1975,172,73,Right,35.2,84,4,325,0.35,0.53,0.0,1.58,0.0,80.0,13.94,14.98,13.11,0.78,0.4,0.23,6.11,1.26,3.27,7.13,1,0
225,Lee,KOR,2010,GK,23,1987,196,89,Right,33.0,75,3,281,0.0,0.0,14.49,2.07,2.78,88.2,1.08,2.81,7.04,0.0,0.2,-0.51,0.0,0.0,0.0,1.18,0,0
226,Jeong,KOR,2010,CB,27,1983,176,76,Right,22.6,91,3,285,0.29,0.05,0.0,2.14,0.0,91.2,9.21,5.79,21.01,0.33,0.4,0.39,3.74,0.87,0.76,4.81,0,0
227,Oh,KOR,2010,CB,24,1986,184,73,Left,43.0,82,3,284,0.26,0.06,0.0,2.25,0.0,85.1,8.75,5.12,31.03,0.65,0.4,0.4,4.43,0.95,1.97,6.54,0,0
228,Cho,KOR,2010,ST,19,1991,182,67,Right,81.4,80,4,370,1.59,0.26,0.0,0.0,0.0,71.0,1.28,1.25,1.37,1.24,-0.1,1.33,15.71,7.57,10.51,7.0,0,0
229,Kim,KOR,2010,LW,33,1977,183,65,Right,65.9,76,5,442,1.0,0.5,0.0,0.31,0.0,73.8,2.49,4.61,1.91,0.47,0.3,0.51,14.99,4.32,14.01,4.71,0,0
230,Lee,KOR,2010,CDM,19,1991,189,86,Right,41.5,75,4,373,0.22,0.3,0.0,1.01,0.0,85.4,14.47,15.57,8.6,0.59,-0.9,-0.15,3.16,1.03,1.87,7.05,1,0
231,Pulisic,USA,2010,CB,26,1984,192,78,Left,75.2,75,3,278,0.12,0.06,0.0,1.64,0.0,91.4,10.88,10.22,25.13,0.47,0.3,0.45,5.07,0.97,1.48,8.89,1,0
232,McKennie,USA,2010,CM,32,1978,171,65,Right,21.3,74,3,281,0.33,0.78,0.0,0.89,0.0,88.7,5.26,6.29,4.2,0.44,0.3,0.76,6.62,1.5,4.72,6.14,0,0
233,Adams,USA,2010,CDM,19,1991,193,74,Right,30.3,66,5,426,0.16,0.28,0.0,1.12,0.0,87.7,15.52,12.8,8.77,0.39,0.1,0.36,3.28,0.85,5.93,4.66,1,0
234,Dest,USA,2010,CB,24,1986,176,78,Right,62.7,92,3,354,0.08,0.1,0.0,2.52,0.0,87.6,7.56,12.15,27.95,0.52,0.5,0.06,3.82,1.45,1.52,6.84,1,0
235,Ream,USA,2010,LW,37,1973,172,86,Right,12.3,70,3,344,0.69,0.66,0.0,0.47,0.0,73.6,1.94,4.48,2.07,1.56,0.5,0.53,11.06,5.18,25.2,5.46,0,0
236,Turner,USA,2010,RB,25,1985,181,69,Right,18.0,91,6,533,0.43,0.6,0.0,2.08,0.0,76.0,11.75,7.26,13.64,0.86,-0.9,0.71,6.7,1.88,5.63,5.52,0,0
237,Musah,USA,2010,CB,30,1980,183,86,Right,39.0,78,4,303,0.14,0.12,0.0,2.25,0.0,90.9,5.26,12.81,19.67,0.28,-0.4,-0.1,4.9,1.12,2.74,5.94,0,0
238,Weah,USA,2010,RB,20,1990,184,81,Right,44.8,78,4,381,0.39,0.36,0.0,1.14,0.0,80.2,10.15,9.97,9.83,1.02,0.4,0.25,3.18,2.41,5.84,7.92,1,0
239,Aaronson,USA,2010,LB,27,1983,172,88,Right,48.1,80,3,356,0.23,0.42,0.0,1.11,0.0,81.6,7.72,10.51,8.69,0.94,0.1,0.51,4.95,2.53,3.88,5.91,0,0
240,Reyna,USA,2010,CB,27,1983,189,72,Right,47.4,85,4,391,0.2,0.14,0.0,2.16,0.0,91.3,2.67,11.29,20.94,0.47,-0.3,0.15,2.62,0.91,1.94,3.48,0,0
241,Sargent,USA,2010,CM,30,1980,183,71,Left,36.0,68,3,259,0.37,0.5,0.0,0.97,0.0,84.1,7.51,5.03,5.24,0.72,0.2,0.34,7.86,1.07,9.88,7.65,0,0
242,Wright,USA,2010,LW,30,1980,171,80,Both,22.2,83,3,269,0.86,0.67,0.0,0.79,0.0,75.1,1.9,4.81,1.21,1.9,-0.2,0.97,8.41,2.4,7.57,5.39,0,0
243,Zimmerman,USA,2010,GK,32,1978,188,93,Right,14.4,84,3,289,0.0,0.0,10.65,2.73,2.71,91.3,1.2,2.6,4.54,0.0,0.5,0.1,0.0,0.0,0.0,0.5,0,0
244,Long,USA,2010,GK,28,1982,183,94,Right,27.8,68,3,282,0.0,0.0,24.6,1.66,3.91,84.6,0.41,1.94,5.41,0.0,0.4,-0.27,0.0,0.0,0.0,1.34,0,0
245,Robinson,USA,2010,ST,28,1982,176,66,Right,124.5,86,4,350,1.32,0.21,0.0,0.0,0.0,72.2,1.04,3.61,0.44,0.73,0.4,1.57,14.32,5.24,10.39,5.86,0,0
246,Scally,USA,2010,RW,25,1985,175,89,Left,68.3,84,5,472,0.74,1.15,0.0,0.42,0.0,83.2,2.49,4.99,2.41,1.77,-0.1,1.48,13.86,2.56,14.71,4.77,0,0
247,Yedlin,USA,2010,GK,28,1982,198,82,Right,16.8,80,5,389,0.0,0.0,18.88,1.46,3.46,83.8,0.37,2.71,6.99,0.0,1.0,-0.01,0.0,0.0,0.0,0.96,0,0
248,Morris,USA,2010,LB,21,1989,173,81,Right,25.5,92,4,371,0.24,0.6,0.0,2.17,0.0,79.7,9.98,7.83,9.91,0.65,0.2,0.43,6.41,2.23,7.26,6.29,0,0
249,Hoppe,USA,2010,RW,23,1987,194,67,Right,36.4,86,4,329,0.98,0.91,0.0,0.6,0.0,76.2,3.01,4.13,2.4,1.77,0.1,1.55,14.87,6.94,15.53,5.04,0,0
250,Pefok,USA,2010,CM,23,1987,183,70,Right,36.8,72,5,408,0.25,1.04,0.0,0.98,0.0,82.6,10.94,2.97,5.61,0.48,0.4,0.45,2.97,1.79,5.31,6.16,0,0
251,Vazquez,USA,2010,CDM,37,1973,187,84,Right,14.2,78,2,185,0.16,0.23,0.0,0.92,0.0,90.1,16.91,17.34,8.25,0.49,-0.5,-0.13,4.1,0.41,3.73,7.76,0,0
252,Ferreira,USA,2010,ST,27,1983,172,66,Both,75.6,85,4,363,1.45,0.21,0.0,0.0,0.0,68.1,2.38,4.28,0.59,1.28,-0.3,1.39,4.53,4.42,7.27,8.12,0,0
253,Cowell,USA,2010,CAM,26,1984,193,83,Right,60.6,77,1,131,0.57,0.72,0.0,0.54,0.0,85.0,3.08,4.77,2.04,1.79,-0.1,0.5,9.58,1.7,13.2,2.36,0,0
254,Chicharito,MEX,2010,RB,30,1980,189,80,Left,38.2,75,5,416,0.36,0.44,0.0,2.28,0.0,75.4,15.0,8.17,8.71,0.71,-0.5,0.04,5.67,1.94,7.06,4.8,0,0
255,Guardado,MEX,2010,CB,36,1974,190,76,Right,35.2,78,1,174,0.25,0.07,0.0,1.09,0.0,83.0,7.83,10.76,23.31,0.54,-0.2,0.28,2.36,1.34,2.41,8.61,1,0
256,Ochoa,MEX,2010,LB,32,1978,193,74,Right,64.1,90,3,318,0.29,0.73,0.0,1.96,0.0,90.4,14.33,13.04,12.49,0.89,-0.1,0.29,4.7,1.26,5.24,5.09,0,0
257,Lozano,MEX,2010,CM,19,1991,190,81,Right,29.3,69,4,375,0.42,0.34,0.0,0.92,0.0,80.8,8.39,9.91,2.27,0.82,0.1,0.42,4.2,2.18,3.61,8.68,0,0
258,Herrera,MEX,2010,RW,21,1989,193,79,Right,62.1,81,5,409,0.84,0.98,0.0,0.6,0.0,73.4,3.63,5.01,1.57,1.15,-0.1,1.08,10.34,2.96,8.96,3.57,0,0
259,Layun,MEX,2010,RB,30,1980,173,65,Right,61.3,81,6,469,0.29,0.27,0.0,1.93,0.0,83.8,8.26,8.72,3.9,0.86,0.1,-0.11,6.85,2.15,6.1,4.57,0,0
260,Moreno,MEX,2010,CB,24,1986,173,67,Right,30.0,88,2,242,0.25,0.12,0.0,2.39,0.0,88.7,5.33,17.73,31.73,0.53,-0.1,-0.04,4.18,1.21,1.27,8.0,0,0
261,Gallardo,MEX,2010,CAM,26,1984,185,80,Right,105.8,78,4,356,0.31,1.51,0.0,0.49,0.0,81.4,4.92,4.95,1.89,1.12,0.0,0.94,12.06,1.95,13.2,4.39,0,0
262,Alvarez,MEX,2010,CM,29,1981,181,86,Right,17.9,78,3,259,0.3,0.74,0.0,1.19,0.0,87.0,9.82,6.55,5.22,0.69,-0.0,0.75,6.21,2.86,8.42,8.32,1,0
263,Montes,MEX,2010,GK,26,1984,198,93,Right,8.9,75,5,472,0.0,0.0,15.41,1.05,2.56,89.7,1.27,1.58,4.05,0.0,0.7,-0.32,0.0,0.0,0.0,0.47,0,0
264,Sanchez,MEX,2010,ST,19,1991,171,81,Left,110.4,78,3,238,1.13,0.44,0.0,0.0,0.0,76.5,1.95,3.79,1.98,0.5,-0.3,1.46,22.31,4.92,5.67,6.54,0,0
265,Pineda,MEX,2010,ST,37,1973,174,78,Left,84.2,82,4,376,1.7,0.35,0.0,0.0,0.0,84.9,2.09,3.28,1.3,0.79,-0.3,1.78,6.55,6.57,3.61,10.72,0,0
266,Chavez,MEX,2010,CB,30,1980,171,70,Right,40.9,87,4,330,0.19,0.1,0.0,1.51,0.0,86.4,11.47,13.09,18.15,0.46,0.6,0.5,2.94,0.7,0.34,5.85,0,0
267,Vega,MEX,2010,RW,19,1991,184,65,Right,72.2,73,3,321,0.44,0.85,0.0,0.53,0.0,80.5,2.71,4.0,2.1,1.3,0.1,0.93,9.39,3.69,22.91,3.48,0,0
268,Antuna,MEX,2010,GK,19,1991,195,84,Right,38.7,84,3,304,0.0,0.0,11.82,2.14,3.66,90.6,0.83,2.14,5.01,0.0,0.4,0.22,0.0,0.0,0.0,1.05,0,0
269,Gimenez,MEX,2010,CM,27,1983,190,83,Right,25.5,68,3,337,0.39,0.68,0.0,1.39,0.0,88.1,4.22,13.02,3.99,0.73,-0.3,0.44,5.51,1.86,8.47,5.06,0,0
270,Arteaga,MEX,2010,CB,21,1989,190,88,Right,52.6,69,4,361,0.22,0.09,0.0,1.7,0.0,86.3,3.23,6.77,27.61,0.2,0.1,0.01,3.69,0.82,0.72,5.82,1,0
271,Rodriguez,MEX,2010,LB,32,1978,188,80,Right,39.5,93,4,354,0.34,0.55,0.0,2.4,0.0,81.4,8.39,7.34,12.01,0.94,-0.2,0.24,4.46,2.8,4.53,3.73,0,0
272,Malagon,MEX,2010,CDM,33,1977,175,71,Left,34.8,68,4,341,0.24,0.38,0.0,1.22,0.0,90.0,11.82,10.59,7.88,0.67,-0.1,0.07,6.32,1.46,3.1,3.69,1,0
273,Araujo,MEX,2010,GK,34,1976,194,79,Left,35.5,74,3,281,0.0,0.0,16.85,1.73,2.61,81.5,1.17,2.38,3.44,0.0,0.9,-0.03,0.0,0.0,0.0,0.93,0,0
274,Huerta,MEX,2010,LW,20,1990,190,74,Right,40.1,93,3,271,0.84,1.15,0.0,0.56,0.0,76.4,4.07,5.62,1.96,0.31,0.4,1.45,6.01,4.44,11.73,7.31,0,0
275,Luna,MEX,2010,LW,32,1978,187,86,Right,89.3,83,4,337,1.0,0.72,0.0,0.58,0.0,77.5,3.55,3.19,2.8,1.93,-0.1,1.12,13.97,4.79,13.71,4.49,0,0
276,Sepulveda,MEX,2010,CDM,21,1989,173,81,Right,34.9,81,4,360,0.22,0.29,0.0,1.46,0.0,87.5,7.51,10.97,8.2,0.66,-0.1,0.68,2.62,1.15,4.57,9.48,1,0
277,Kane,ENG,2010,RB,31,1979,179,82,Right,26.9,84,3,271,0.25,0.65,0.0,1.74,0.0,83.0,9.83,9.32,9.07,1.05,-0.2,0.0,6.33,2.78,5.06,6.65,1,0
278,Sterling,ENG,2010,ST,20,1990,170,73,Right,31.5,83,4,339,1.01,0.41,0.0,0.0,0.0,73.3,2.86,5.22,1.1,0.52,-0.5,1.52,10.11,2.47,6.67,8.99,0,0
279,Pickford,ENG,2010,CDM,36,1974,175,87,Right,19.5,76,3,283,0.33,0.33,0.0,0.85,0.0,92.9,11.39,11.93,8.75,0.46,-0.3,0.09,4.47,0.75,3.69,5.63,1,0
280,Walker,ENG,2010,LW,24,1986,185,76,Right,63.7,81,4,313,0.7,0.57,0.0,0.53,0.0,74.5,3.93,4.04,2.51,1.77,-0.1,0.94,6.8,2.4,11.61,4.72,0,0
281,Stones,ENG,2010,LB,28,1982,170,70,Left,39.9,76,4,340,0.23,0.73,0.0,1.95,0.0,85.3,11.44,10.55,9.55,0.79,0.1,0.05,6.25,1.82,6.87,4.14,1,0
282,Maguire,ENG,2010,CAM,26,1984,184,78,Left,126.6,83,3,279,0.49,1.15,0.0,0.48,0.0,83.5,4.64,4.94,2.21,1.7,-0.3,1.17,3.02,3.14,7.19,2.09,0,0
283,Henderson,ENG,2010,ST,33,1977,180,82,Right,94.3,88,4,360,1.42,0.16,0.0,0.0,0.0,67.7,3.01,4.09,0.99,0.78,-0.0,1.48,7.46,3.37,9.55,7.25,0,0
284,Rice,ENG,2010,CDM,19,1991,170,79,Left,37.8,69,5,460,0.2,0.43,0.0,0.0,0.0,86.4,5.02,12.97,7.11,0.6,-1.1,0.7,2.61,0.68,2.52,6.55,0,0
285,Foden,ENG,2010,LW,19,1991,171,85,Right,68.9,79,2,208,0.68,0.44,0.0,0.51,0.0,79.7,3.9,1.89,1.32,1.34,-0.3,0.76,10.97,3.52,15.09,5.66,0,0
286,Mount,ENG,2010,CM,32,1978,178,73,Right,36.8,75,2,258,0.25,0.69,0.0,0.86,0.0,87.5,8.45,7.94,5.1,0.87,-0.3,0.72,9.22,2.22,10.47,7.84,1,0
287,Grealish,ENG,2010,CM,35,1975,184,85,Right,10.8,71,2,172,0.32,0.36,0.0,0.86,0.0,84.5,9.54,10.84,3.86,0.85,-0.3,0.56,8.55,0.25,6.14,6.57,0,0
288,Saka,ENG,2010,GK,29,1981,191,87,Left,54.0,85,3,265,0.0,0.0,21.18,3.2,2.1,87.7,0.67,1.71,4.12,0.0,0.2,-0.03,0.0,0.0,0.0,1.0,0,0
289,Rashford,ENG,2010,CB,32,1978,174,71,Right,39.3,76,4,327,0.19,0.1,0.0,1.97,0.0,90.0,8.56,4.63,21.18,0.59,-0.1,0.03,5.43,1.2,1.96,7.84,0,0
290,Sancho,ENG,2010,GK,24,1986,186,92,Right,11.3,61,3,259,0.0,0.0,19.01,1.27,4.15,82.0,1.14,3.07,4.68,0.0,0.4,-0.29,0.0,0.0,0.0,0.58,0,0
291,Trippier,ENG,2010,RW,35,1975,194,87,Left,45.3,78,2,218,0.48,0.93,0.0,0.64,0.0,80.4,1.6,3.7,2.08,1.65,-0.0,0.5,11.42,5.42,10.24,4.46,0,0
292,Shaw,ENG,2010,CM,29,1981,173,79,Right,19.7,74,4,407,0.36,0.46,0.0,1.04,0.0,85.6,6.94,8.51,4.02,0.36,0.6,0.39,5.5,1.25,5.87,6.64,1,0
293,Chilwell,ENG,2010,RW,26,1984,182,88,Right,98.1,74,2,190,0.91,0.77,0.0,0.36,0.0,78.6,3.52,4.6,1.74,1.55,0.1,1.0,8.42,4.19,14.29,7.18,0,0
294,Coady,ENG,2010,RB,34,1976,185,69,Right,63.7,84,4,308,0.27,0.65,0.0,2.47,0.0,75.6,3.87,9.66,9.68,0.84,-0.1,-0.07,5.87,2.66,5.88,4.22,0,0
295,Pope,ENG,2010,LB,19,1991,185,78,Right,49.1,88,3,280,0.31,0.75,0.0,0.81,0.0,82.6,11.05,10.51,7.46,0.59,0.3,0.62,5.68,2.58,5.52,5.15,0,0
296,Ramsdale,ENG,2010,CB,22,1988,181,72,Both,37.1,81,4,397,0.17,0.13,0.0,1.45,0.0,95.4,6.46,4.8,28.67,0.61,-0.0,0.08,3.9,1.29,1.96,4.26,0,0
297,White,ENG,2010,CB,23,1987,194,84,Left,33.5,78,3,270,0.05,0.08,0.0,2.26,0.0,86.2,6.41,3.75,26.86,0.31,-0.3,-0.03,5.11,1.01,2.69,7.8,0,0
298,Guehi,ENG,2010,GK,35,1975,196,80,Both,36.0,70,3,249,0.0,0.0,11.28,1.62,2.58,86.1,0.7,1.58,3.23,0.0,0.3,0.24,0.0,0.0,0.0,1.07,0,0
299,Bellingham,ENG,2010,CB,34,1976,180,69,Right,47.2,82,5,514,0.22,0.05,0.0,1.9,0.0,90.9,7.68,10.37,34.69,0.33,-0.3,0.5,6.27,1.03,2.78,6.49,1,0
300,Ronaldo,POR,2010,CB,25,1985,175,70,Left,18.3,76,3,313,0.26,0.07,0.0,1.81,0.0,89.3,6.84,10.2,21.56,0.6,-0.1,0.29,3.5,1.02,1.79,4.29,0,0
301,Pepe,POR,2010,RW,37,1973,171,79,Right,61.2,80,3,270,0.77,0.69,0.0,0.66,0.0,76.9,2.98,2.67,2.13,1.24,-0.2,0.92,18.43,4.16,9.86,3.78,0,0
302,Silva,POR,2010,ST,25,1985,185,82,Right,56.2,70,2,229,0.92,0.27,0.0,0.0,0.0,77.0,1.19,3.24,0.68,1.6,0.3,0.67,15.61,4.79,5.96,4.61,0,0
303,Cancelo,POR,2010,GK,37,1973,197,80,Right,19.1,84,3,288,0.0,0.0,17.98,1.85,4.03,86.3,0.8,2.51,4.72,0.0,0.2,-0.09,0.0,0.0,0.0,0.87,0,0
304,Dias,POR,2010,LB,24,1986,171,74,Right,52.4,92,3,264,0.51,0.67,0.0,2.22,0.0,82.8,6.31,8.59,5.5,0.6,0.3,0.59,6.76,2.23,5.01,3.83,0,0
305,Fernandes,POR,2010,LW,37,1973,194,76,Left,55.9,86,3,242,0.31,0.59,0.0,0.45,0.0,81.3,3.74,4.17,2.42,0.81,0.2,1.23,6.87,2.89,7.52,5.67,0,0
306,Jota,POR,2010,ST,32,1978,182,82,Left,78.3,91,3,305,1.98,0.36,0.0,0.0,0.0,73.8,2.31,3.16,0.62,0.75,0.3,1.27,5.55,6.93,5.2,6.47,0,0
307,Felix,POR,2010,CB,27,1983,178,76,Right,110.7,95,2,219,0.2,0.09,0.0,2.64,0.0,83.5,6.87,7.81,29.49,0.36,0.2,0.51,3.78,1.09,2.94,7.07,0,0
308,Leao,POR,2010,CB,24,1986,188,81,Left,28.3,76,4,345,0.13,0.1,0.0,2.45,0.0,83.0,6.9,13.19,23.2,0.69,0.2,-0.05,4.69,1.63,2.24,4.02,0,0
309,Neves,POR,2010,CB,24,1986,185,71,Right,56.4,85,3,289,0.28,0.09,0.0,2.93,0.0,84.2,5.99,9.1,24.56,0.51,-0.2,0.08,1.95,0.84,2.96,7.61,0,0
310,Palhinha,POR,2010,CM,21,1989,194,67,Left,15.1,62,1,150,0.4,0.55,0.0,1.43,0.0,86.8,3.59,7.27,4.22,0.82,0.0,0.18,4.49,2.55,4.95,3.97,0,0
311,Carvalho,POR,2010,CAM,31,1979,173,88,Right,72.3,64,4,397,0.54,1.11,0.0,0.21,0.0,82.9,1.02,6.3,1.17,0.76,-0.1,0.97,5.11,2.96,6.61,5.18,0,0
312,Inacio,POR,2010,RB,37,1973,194,66,Right,46.2,92,3,258,0.39,0.59,0.0,2.44,0.0,78.8,9.94,12.77,13.75,0.7,-0.1,0.47,5.4,2.82,6.97,7.91,0,0
313,Ramos,POR,2010,RB,28,1982,193,82,Both,65.6,96,5,426,0.36,0.62,0.0,2.51,0.0,85.4,10.74,9.32,9.06,0.57,-0.3,0.27,4.49,1.99,7.96,4.81,0,0
314,Silva,POR,2010,CDM,34,1976,182,66,Left,43.2,82,3,306,0.36,0.26,0.0,1.08,0.0,88.1,9.27,15.3,5.37,0.69,0.1,0.24,5.02,1.43,4.78,10.4,1,0
315,Conceicao,POR,2010,GK,27,1983,191,88,Right,57.5,75,3,273,0.0,0.0,9.9,1.96,3.32,82.2,0.86,3.46,5.36,0.0,0.8,0.2,0.0,0.0,0.0,1.01,0,0
316,Costa,POR,2010,GK,25,1985,199,78,Left,9.0,71,4,331,0.0,0.0,20.01,1.91,4.22,83.2,1.33,2.19,4.44,0.0,0.8,-0.4,0.0,0.0,0.0,0.67,0,0
317,Sa,POR,2010,LW,36,1974,175,89,Left,51.8,83,4,405,0.44,0.82,0.0,0.27,0.0,72.9,2.5,3.73,2.41,1.08,0.2,1.13,8.55,3.22,14.0,4.84,0,0
318,Mendes,POR,2010,CM,25,1985,184,81,Right,20.4,74,5,445,0.4,0.68,0.0,0.64,0.0,86.8,6.17,12.42,7.55,1.07,0.2,0.12,8.8,1.14,5.42,9.14,0,0
319,Guerreiro,POR,2010,LB,30,1980,182,85,Right,83.9,92,2,192,0.24,0.41,0.0,3.24,0.0,82.2,7.05,7.56,9.33,0.95,-0.3,0.56,3.81,2.99,7.34,6.89,1,0
320,Dalot,POR,2010,RW,33,1977,186,87,Left,28.9,73,4,333,0.6,1.13,0.0,0.22,0.0,78.7,2.68,3.34,1.18,2.38,0.2,1.04,5.1,2.72,15.49,6.91,0,0
321,Neto,POR,2010,CDM,27,1983,183,79,Left,49.4,70,2,212,0.26,0.38,0.0,0.91,0.0,90.7,12.54,8.57,5.79,0.68,-0.2,-0.26,3.56,0.9,3.06,10.65,0,0
322,Ramos,POR,2010,CM,30,1980,172,77,Left,52.5,70,4,371,0.43,0.42,0.0,1.01,0.0,89.2,9.43,7.45,6.26,1.05,0.4,0.61,4.17,2.53,7.47,6.58,0,0
323,Gustavo Oliveira,CHI,2010,ST,37,1973,188,82,Right,99.9,85,3,291,1.68,0.32,0.0,0.0,0.0,75.2,1.78,3.23,1.2,0.79,0.2,1.21,16.65,8.09,11.42,7.32,0,0
324,Arthur Freitas,CHI,2010,LB,28,1982,185,72,Right,94.5,88,2,192,0.37,0.35,0.0,1.95,0.0,84.3,11.28,10.32,12.24,1.03,0.4,0.61,5.94,2.29,5.05,3.63,1,0
325,Gustavo Gomes,CHI,2010,CB,21,1989,192,71,Right,15.3,78,5,440,0.19,0.06,0.0,1.58,0.0,89.2,5.51,14.38,18.15,0.46,0.2,0.36,4.81,1.4,2.57,3.78,0,0
326,Leonardo Martins,CHI,2010,GK,35,1975,195,80,Right,48.7,79,3,292,0.0,0.0,11.36,2.77,3.35,81.9,0.99,1.27,6.72,0.0,0.6,0.05,0.0,0.0,0.0,1.15,0,0
327,Felipe Cavalcanti,CHI,2010,CB,32,1978,194,88,Left,23.1,79,3,242,0.25,0.1,0.0,1.99,0.0,87.3,6.32,10.18,25.8,0.62,-0.1,0.39,4.68,0.96,1.19,7.25,1,0
328,Marcelo Mendes,CHI,2010,LW,35,1975,179,83,Left,34.6,84,5,434,0.66,1.19,0.0,0.58,0.0,75.9,2.66,2.22,1.32,1.51,-0.5,0.76,10.17,2.89,14.58,5.37,0,0
329,Matheus Santos,CHI,2010,GK,19,1991,195,90,Right,11.4,65,2,248,0.0,0.0,15.28,1.5,2.03,84.7,1.48,2.36,2.32,0.0,0.8,-0.4,0.0,0.0,0.0,1.27,0,0
330,Gustavo Araujo,CHI,2010,CB,24,1986,171,80,Both,97.9,96,4,355,0.21,0.06,0.0,3.91,0.0,87.3,5.74,8.13,26.09,0.57,0.1,0.36,2.72,1.5,2.87,3.02,0,0
331,Ricardo Carvalho,CHI,2010,CB,21,1989,189,71,Both,28.9,89,4,432,0.33,0.09,0.0,3.24,0.0,84.3,10.6,15.41,37.42,0.52,-0.0,1.27,3.78,0.46,2.0,6.79,0,0
332,Andre Souza,CHI,2010,LB,30,1980,172,67,Right,58.4,81,5,426,0.26,0.49,0.0,2.22,0.0,85.3,10.15,10.29,8.32,0.81,-0.6,0.15,5.62,1.86,5.85,5.54,1,0
333,Gabriel Martins,CHI,2010,RW,32,1978,175,89,Right,38.3,76,3,276,1.01,0.63,0.0,0.64,0.0,77.9,3.73,3.5,1.5,1.02,0.1,0.54,11.08,3.46,18.54,4.12,0,0
334,Alexandre Barbosa,CHI,2010,CDM,28,1982,180,82,Left,76.5,81,3,314,0.17,0.3,0.0,1.32,0.0,92.1,10.09,11.04,4.97,0.6,0.5,0.3,2.76,1.17,4.65,9.43,1,0
335,Diego Gomes,CHI,2010,CDM,24,1986,192,76,Right,38.7,72,0,62,0.28,0.33,0.0,0.96,0.0,92.7,10.86,11.79,2.55,0.36,0.1,0.09,4.31,1.01,4.96,10.97,1,0
336,Carlos Melo,CHI,2010,RB,27,1983,186,87,Left,59.2,87,3,294,0.38,0.53,0.0,1.97,0.0,86.5,5.84,10.81,13.97,1.09,-0.1,0.22,5.51,2.47,6.97,4.69,0,0
337,Vinicius Carvalho,CHI,2010,LW,20,1990,179,71,Left,39.0,80,3,334,0.66,0.82,0.0,0.41,0.0,76.3,3.14,4.79,2.21,2.07,-0.1,1.45,8.34,4.21,9.39,2.84,0,0
338,Rafael Martins,CHI,2010,CM,34,1976,183,87,Right,33.2,64,5,447,0.29,0.64,0.0,1.6,0.0,88.1,8.21,9.09,5.99,1.03,-0.0,0.16,4.61,1.57,8.41,5.92,0,0
339,Bruno Almeida,CHI,2010,ST,21,1989,182,65,Both,65.0,87,3,283,0.74,0.4,0.0,0.0,0.0,70.2,1.73,3.35,1.03,0.93,-0.5,1.78,8.55,8.78,4.47,6.31,0,0
340,Arthur Oliveira,CHI,2010,CAM,27,1983,180,76,Right,34.1,85,6,570,0.85,1.3,0.0,0.57,0.0,83.1,4.46,1.87,2.95,0.46,-0.6,0.83,12.08,4.42,7.66,2.23,0,0
341,Roberto Ferreira,CHI,2010,RB,37,1973,172,89,Right,44.6,73,2,211,0.29,0.56,0.0,1.3,0.0,81.3,12.59,6.3,14.6,1.12,-0.1,0.4,3.29,1.75,5.16,6.4,1,0
342,Pedro Cavalcanti,CHI,2010,CM,20,1990,175,70,Right,71.5,78,4,358,0.62,0.58,0.0,0.68,0.0,84.5,3.59,9.05,7.24,0.94,-0.1,1.07,4.4,2.89,8.51,6.1,0,0
343,Heitor Nascimento,CHI,2010,GK,31,1979,185,76,Right,36.2,79,4,296,0.0,0.0,24.85,2.51,3.52,85.4,0.9,2.06,5.73,0.0,-0.1,-0.06,0.0,0.0,0.0,1.03,0,0
344,Marcelo Araujo,CHI,2010,CM,26,1984,174,66,Right,49.7,69,3,310,0.46,0.61,0.0,0.43,0.0,86.5,6.43,4.0,3.08,0.69,0.4,0.44,7.44,2.27,5.32,5.94,0,0
345,Rafael Araujo,CHI,2010,RW,21,1989,181,86,Left,25.3,79,5,413,0.77,1.01,0.0,0.33,0.0,76.6,4.75,3.44,1.09,1.47,-0.7,1.24,16.05,4.17,16.11,6.29,0,0
346,Roberto Dias,SVK,2010,CM,32,1978,190,67,Right,16.5,74,5,408,0.34,0.44,0.0,0.92,0.0,84.4,6.78,4.92,4.63,0.77,0.3,0.43,6.35,2.21,10.0,7.38,1,0
347,Pedro Araujo,SVK,2010,CB,31,1979,170,74,Left,24.2,75,3,316,0.17,0.04,0.0,1.67,0.0,91.9,5.78,10.78,38.45,0.33,0.9,0.2,5.24,0.68,1.01,5.11,1,0
348,Lucas Oliveira,SVK,2010,RW,30,1980,185,72,Right,55.1,82,5,409,0.8,0.98,0.0,0.24,0.0,79.2,2.7,3.1,0.0,1.63,-0.5,1.13,9.67,4.42,11.73,2.02,0,0
349,Leonardo Dias,SVK,2010,LB,29,1981,194,75,Left,93.5,94,4,357,0.41,0.51,0.0,2.44,0.0,81.1,7.0,8.67,11.52,1.17,-0.2,0.72,4.39,3.29,6.53,4.21,0,0
350,Felipe Lima,SVK,2010,CAM,28,1982,172,86,Right,50.6,76,2,239,0.56,0.39,0.0,0.16,0.0,80.4,2.53,2.16,0.46,1.2,0.0,1.28,4.27,3.1,7.96,5.38,0,0
351,Pedro Rocha,SVK,2010,GK,26,1984,184,93,Left,43.7,83,5,404,0.0,0.0,11.91,2.07,2.57,85.3,0.53,2.01,4.74,0.0,1.4,0.36,0.0,0.0,0.0,0.85,0,0
352,Fernando Ferreira,SVK,2010,CM,34,1976,173,76,Right,14.7,63,3,306,0.24,0.49,0.0,0.91,0.0,87.1,8.52,6.68,5.26,0.91,-0.4,0.13,5.66,1.82,7.6,2.77,0,0
353,Joao Melo,SVK,2010,CM,32,1978,177,68,Right,11.1,77,3,318,0.46,0.81,0.0,0.94,0.0,86.9,8.88,7.86,6.5,0.68,-0.4,-0.13,4.13,1.8,8.83,6.91,0,0
354,Bruno Ribeiro,SVK,2010,ST,24,1986,175,89,Both,121.4,91,5,378,2.18,0.2,0.0,0.0,0.0,71.0,1.97,2.7,1.05,0.98,-0.1,1.53,14.34,6.29,10.57,4.98,0,0
355,Marcelo Araujo,SVK,2010,LW,23,1987,185,86,Left,51.5,81,3,289,0.91,0.69,0.0,0.37,0.0,82.1,3.65,5.45,2.34,1.91,0.1,1.35,9.44,5.22,14.84,4.25,0,0
356,Eduardo Ferreira,SVK,2010,CDM,20,1990,191,89,Left,33.0,78,3,257,0.05,0.34,0.0,1.08,0.0,85.6,13.21,14.33,5.55,0.51,0.2,0.41,4.65,0.97,5.2,8.43,1,0
357,Eduardo Ribeiro,SVK,2010,GK,24,1986,188,83,Right,17.0,72,4,381,0.0,0.0,18.67,1.21,2.65,80.8,0.5,2.49,5.65,0.0,0.8,-0.0,0.0,0.0,0.0,1.11,0,0
358,Bruno Melo,SVK,2010,LB,27,1983,173,67,Right,69.3,87,4,349,0.25,0.4,0.0,3.22,0.0,85.0,3.6,5.38,10.03,0.87,-0.2,0.46,3.74,2.61,0.96,5.16,0,0
359,Arthur Barbosa,SVK,2010,GK,22,1988,183,89,Right,13.6,77,3,342,0.0,0.0,14.19,2.2,2.55,88.7,0.86,2.35,6.98,0.0,0.7,-0.09,0.0,0.0,0.0,1.22,0,0
360,Arthur Monteiro,SVK,2010,CB,33,1977,179,69,Right,18.8,88,4,379,0.17,0.13,0.0,2.05,0.0,88.1,11.29,7.03,17.83,0.56,-0.2,0.49,4.93,1.09,1.85,3.37,0,0
361,Roberto Dias,SVK,2010,CDM,35,1975,190,67,Both,53.9,72,3,295,0.28,0.39,0.0,0.99,0.0,88.8,15.72,16.69,6.81,0.47,-0.3,0.31,6.64,1.22,3.8,7.62,1,0
362,Eduardo Mendes,SVK,2010,CB,21,1989,172,84,Right,40.0,79,2,188,0.24,0.04,0.0,1.35,0.0,87.1,7.63,15.47,31.3,0.51,-0.1,0.75,4.0,1.12,1.52,4.75,1,0
363,Arthur Oliveira,SVK,2010,CB,24,1986,182,86,Right,15.7,81,4,349,0.14,0.13,0.0,1.62,0.0,88.9,9.66,12.42,25.23,0.35,-0.2,0.54,4.26,0.6,2.01,5.68,0,0
364,Joao Monteiro,SVK,2010,ST,31,1979,175,69,Left,131.0,90,3,293,1.32,0.55,0.0,0.0,0.0,73.6,2.18,3.92,1.11,1.06,-0.2,1.16,10.82,6.36,6.61,10.11,0,0
365,Andre Martins,SVK,2010,LW,28,1982,176,67,Left,85.1,82,3,258,1.09,0.54,0.0,0.53,0.0,78.7,4.49,5.49,2.97,2.11,0.1,0.82,5.12,3.86,16.36,4.07,0,0
366,Matheus Cardoso,SVK,2010,RB,28,1982,189,74,Right,34.3,84,7,568,0.22,0.69,0.0,1.9,0.0,79.6,5.87,5.78,14.03,0.87,0.6,0.23,3.82,1.92,4.08,3.91,0,0
367,Gabriel Pereira,SVK,2010,RB,22,1988,194,75,Left,45.9,99,4,334,0.49,0.62,0.0,2.81,0.0,77.7,10.6,12.91,11.35,0.54,0.4,0.67,4.01,2.15,6.13,4.17,0,0
368,Pedro Dias,SVK,2010,RW,27,1983,194,86,Right,100.5,79,3,267,0.83,0.8,0.0,0.64,0.0,78.7,2.29,4.78,2.31,1.59,-0.1,0.78,15.35,2.81,4.72,7.61,0,0
369,Alexandre Barbosa,SUI,2010,GK,23,1987,194,87,Right,28.6,76,1,161,0.0,0.0,16.27,1.98,2.5,84.4,1.23,2.18,3.85,0.0,0.3,-0.4,0.0,0.0,0.0,0.86,0,0
370,Rafael Pereira,SUI,2010,CM,31,1979,182,68,Right,18.3,74,5,515,0.43,0.74,0.0,0.88,0.0,87.2,5.79,8.71,6.92,0.2,-0.2,0.07,3.92,1.84,8.76,4.6,1,0
371,Heitor Silva,SUI,2010,CB,36,1974,184,87,Right,15.7,78,4,402,0.2,0.08,0.0,2.34,0.0,90.0,6.04,11.66,30.98,0.6,-0.7,-0.11,3.26,0.48,1.1,5.62,0,0
372,Alexandre Pereira,SUI,2010,RB,28,1982,188,89,Both,19.2,78,3,309,0.27,0.66,0.0,1.43,0.0,84.7,6.91,4.5,11.13,0.71,-0.3,0.67,3.74,1.97,5.02,3.08,0,0
373,Gabriel Almeida,SUI,2010,LB,36,1974,170,89,Left,21.3,82,2,205,0.19,0.69,0.0,1.38,0.0,79.8,11.31,10.45,12.08,0.36,0.2,0.4,6.19,1.32,7.63,5.92,0,0
374,Roberto Martins,SUI,2010,CDM,37,1973,194,65,Left,40.9,82,3,253,0.07,0.34,0.0,1.07,0.0,85.0,14.03,8.34,3.74,0.45,0.2,0.51,4.59,0.96,4.24,12.37,1,0
375,Rafael Mendes,SUI,2010,RW,19,1991,187,75,Right,56.9,79,5,419,0.44,0.92,0.0,0.36,0.0,77.8,3.03,4.76,2.51,1.38,-0.2,1.02,14.02,4.12,12.5,3.86,0,0
376,Rodrigo Martins,SUI,2010,RW,26,1984,189,69,Right,95.7,90,3,319,0.93,0.56,0.0,0.4,0.0,80.6,3.88,5.13,1.8,2.63,0.4,1.24,5.92,4.72,10.74,6.91,0,0
377,Matheus Silva,SUI,2010,CM,36,1974,183,87,Left,14.3,70,3,259,0.36,0.36,0.0,0.98,0.0,85.1,7.89,6.09,5.33,1.12,-0.1,0.31,6.52,2.41,5.93,4.41,0,0
378,Diego Dias,SUI,2010,CM,27,1983,178,86,Right,43.4,65,3,229,0.49,0.25,0.0,1.15,0.0,84.5,8.5,10.36,5.05,0.72,0.1,0.97,6.9,2.48,6.67,5.08,0,0
379,Gabriel Nascimento,SUI,2010,GK,23,1987,185,86,Right,25.1,68,4,398,0.0,0.0,18.49,1.26,1.94,81.0,1.11,1.66,4.98,0.0,0.8,0.06,0.0,0.0,0.0,1.31,0,0
380,Paulo Almeida,SUI,2010,RB,26,1984,193,84,Right,26.5,90,4,365,0.38,0.5,0.0,1.8,0.0,83.4,9.53,8.64,9.28,0.78,0.7,0.64,2.99,2.36,6.11,6.99,1,0
381,Joao Silva,SUI,2010,ST,20,1990,179,77,Left,104.9,84,1,126,1.17,0.18,0.0,0.0,0.0,68.1,1.96,2.9,0.63,1.02,0.2,1.59,13.81,5.16,10.62,4.37,0,0
382,Pedro Nascimento,SUI,2010,CB,31,1979,182,80,Right,16.7,74,3,318,0.22,0.08,0.0,1.49,0.0,86.5,7.6,4.68,20.94,0.53,-0.5,0.07,3.18,1.32,1.31,1.72,1,0
383,Alexandre Araujo,SUI,2010,CAM,35,1975,170,89,Right,67.1,76,2,182,0.72,0.74,0.0,0.64,0.0,84.3,2.78,4.64,2.51,1.02,0.0,0.91,10.08,3.8,10.72,2.24,0,0
384,Arthur Dias,SUI,2010,CB,30,1980,182,70,Left,80.2,83,3,227,0.15,0.07,0.0,2.37,0.0,89.6,6.97,9.39,24.58,0.64,-0.1,0.04,6.15,0.85,1.35,7.16,1,0
385,Marcelo Ribeiro,SUI,2010,GK,33,1977,198,78,Right,21.0,70,3,318,0.0,0.0,11.84,1.65,3.47,83.5,1.22,2.55,4.81,0.0,0.6,0.18,0.0,0.0,0.0,1.43,0,0
386,Andre Nascimento,SUI,2010,ST,36,1974,172,67,Left,73.0,89,3,308,1.61,0.44,0.0,0.0,0.0,73.0,1.44,5.04,0.95,1.02,-0.0,1.42,10.66,4.87,5.25,9.46,0,0
387,Gustavo Nascimento,SUI,2010,LW,28,1982,179,70,Right,105.1,75,6,592,0.5,0.68,0.0,0.31,0.0,77.3,4.52,4.9,2.82,1.63,0.1,1.15,16.6,3.04,11.85,3.78,0,0
388,Felipe Gomes,SUI,2010,LB,28,1982,189,74,Left,44.4,81,3,317,0.26,0.4,0.0,1.43,0.0,81.9,10.23,3.18,17.4,0.8,0.1,0.48,3.46,2.03,5.32,5.45,0,0
389,Eduardo Rodrigues,SUI,2010,LW,25,1985,182,68,Right,66.5,86,3,335,0.9,1.17,0.0,0.46,0.0,73.6,2.77,3.69,1.59,1.32,0.3,0.98,8.78,3.84,15.64,4.06,0,0
390,Fernando Santos,SUI,2010,CB,26,1984,192,66,Right,90.0,85,5,452,0.16,0.06,0.0,2.41,0.0,92.4,9.05,8.87,21.29,0.4,-0.0,-0.1,1.14,0.58,2.2,2.62,1,0
391,Matheus Silva,SUI,2010,CDM,19,1991,182,77,Right,30.3,85,5,409,0.15,0.38,0.0,1.23,0.0,89.0,15.9,15.25,7.8,0.47,-0.0,1.03,3.35,1.03,5.84,5.65,1,0
392,Bruno Nascimento,HON,2010,LW,36,1974,170,65,Right,70.8,77,2,210,0.57,1.19,0.0,0.39,0.0,84.3,0.89,2.91,1.47,0.7,-0.2,0.88,8.78,2.74,18.97,5.57,0,0
393,Andre Oliveira,HON,2010,GK,36,1974,186,92,Right,10.4,62,4,329,0.0,0.0,13.4,1.36,3.85,86.4,1.41,2.34,3.06,0.0,0.4,-0.59,0.0,0.0,0.0,0.78,0,0
394,Gabriel Barbosa,HON,2010,CDM,37,1973,180,83,Right,43.5,78,2,202,0.14,0.45,0.0,0.78,0.0,84.3,15.03,13.95,8.38,0.33,0.1,0.6,4.24,0.48,3.2,9.89,1,0
395,Matheus Araujo,HON,2010,CM,19,1991,182,81,Both,20.0,78,4,405,0.39,0.98,0.0,1.45,0.0,88.8,8.66,10.07,6.34,0.88,0.1,0.53,6.27,2.12,7.64,8.17,0,0
396,Gabriel Ribeiro,HON,2010,CB,25,1985,173,72,Right,47.8,84,3,289,0.23,0.12,0.0,0.99,0.0,83.7,10.78,8.27,18.11,0.41,-0.3,0.82,1.84,1.07,2.46,5.45,1,0
397,Andre Araujo,HON,2010,CAM,29,1981,185,85,Right,54.7,76,5,488,0.63,0.77,0.0,0.41,0.0,88.6,4.52,4.48,2.56,2.0,0.6,0.71,9.93,3.12,9.71,4.49,0,0
398,Heitor Martins,HON,2010,GK,26,1984,188,85,Right,67.7,80,3,298,0.0,0.0,13.11,2.13,2.77,83.9,0.7,2.87,4.39,0.0,0.7,0.35,0.0,0.0,0.0,1.12,0,0
399,Vinicius Pereira,HON,2010,CM,28,1982,175,65,Right,27.9,74,3,262,0.75,0.69,0.0,0.59,0.0,84.1,11.35,5.21,3.37,0.82,-0.2,0.44,5.85,2.5,6.88,6.64,0,0
400,Leonardo Nascimento,HON,2010,RB,28,1982,177,86,Left,111.0,99,2,219,0.23,0.36,0.0,3.1,0.0,85.3,8.86,7.8,9.01,0.41,-0.1,0.37,5.13,1.84,8.57,5.69,0,0
401,Leonardo Santos,HON,2010,CB,34,1976,181,75,Right,25.9,69,5,478,0.2,0.1,0.0,1.1,0.0,83.1,9.73,7.8,30.72,0.41,0.3,-0.18,1.99,1.35,1.93,6.86,1,0
402,Lucas Oliveira,HON,2010,GK,21,1989,197,86,Both,7.9,72,2,252,0.0,0.0,13.63,2.0,4.73,81.6,1.22,3.37,6.0,0.0,0.7,-0.37,0.0,0.0,0.0,1.03,0,0
403,Carlos Mendes,HON,2010,RB,25,1985,186,69,Right,43.3,84,6,488,0.42,0.55,0.0,1.66,0.0,81.5,9.07,6.95,11.73,1.1,-0.2,0.36,7.06,2.13,3.3,6.2,0,0
404,Diego Barbosa,HON,2010,CM,25,1985,177,87,Right,28.2,73,3,284,0.61,0.7,0.0,1.0,0.0,91.8,4.85,6.69,5.02,1.1,-0.1,0.53,6.88,1.81,5.88,5.17,0,0
405,Pedro Ribeiro,HON,2010,LB,30,1980,193,74,Left,38.4,80,5,393,0.32,0.66,0.0,1.14,0.0,79.8,8.12,9.94,11.96,0.68,0.4,0.62,2.63,2.29,5.75,4.05,1,0
406,Felipe Cavalcanti,HON,2010,ST,23,1987,170,69,Right,81.7,78,4,364,0.79,0.2,0.0,0.0,0.0,71.3,1.82,4.36,0.85,1.17,-0.1,1.24,2.83,4.89,6.68,7.1,0,0
407,Rafael Rodrigues,HON,2010,LW,21,1989,178,73,Right,37.3,83,3,260,0.59,0.78,0.0,0.42,0.0,76.5,3.81,5.31,1.65,1.66,-0.5,1.67,10.99,4.05,14.44,4.79,0,0
408,Marcelo Freitas,HON,2010,RW,34,1976,177,76,Both,71.6,82,4,381,0.65,0.81,0.0,0.57,0.0,76.4,2.82,2.4,2.61,1.0,-0.5,0.69,4.82,3.61,10.84,5.81,0,0
409,Bruno Melo,HON,2010,CB,28,1982,176,84,Both,16.8,77,3,309,0.14,0.15,0.0,1.29,0.0,92.9,13.16,8.99,13.68,0.57,-0.5,0.34,2.95,0.45,2.34,7.14,1,0
410,Paulo Ferreira,HON,2010,CDM,32,1978,193,81,Right,62.4,75,5,430,0.32,0.48,0.0,0.85,0.0,90.5,10.4,12.28,4.31,0.8,-0.6,1.36,1.84,0.75,3.34,10.06,1,0
411,Andre Cavalcanti,HON,2010,RW,22,1988,179,77,Right,65.0,80,5,404,0.65,1.1,0.0,0.48,0.0,81.2,2.62,5.51,2.1,1.12,0.2,0.7,7.47,4.01,12.26,5.07,0,0
412,Rodrigo Melo,HON,2010,CB,21,1989,191,88,Left,16.9,64,6,598,0.23,0.11,0.0,0.91,0.0,89.1,8.99,9.55,30.56,0.34,-0.2,0.32,3.45,1.11,1.68,6.62,1,0
413,Heitor Silva,HON,2010,ST,28,1982,179,68,Right,141.0,84,4,369,1.54,0.24,0.0,0.0,0.0,78.4,2.87,4.16,0.9,1.07,-0.4,1.34,6.19,4.86,10.78,6.25,0,0
414,Matheus Freitas,HON,2010,LB,31,1979,188,67,Right,79.5,77,3,251,0.26,0.49,0.0,1.83,0.0,77.9,7.55,11.47,11.18,0.81,0.3,0.43,2.72,3.57,3.33,5.94,0,0
415,Carlos Gomes,CMR,2010,CDM,24,1986,192,84,Right,45.9,76,4,362,0.07,0.44,0.0,1.18,0.0,89.8,14.18,8.76,7.24,0.51,-0.4,0.31,5.01,1.47,4.73,8.18,1,0
416,Matheus Lima,CMR,2010,CB,29,1981,189,75,Right,9.5,68,5,446,0.14,0.13,0.0,0.7,0.0,90.9,7.97,0.54,16.25,0.49,-0.2,0.1,3.7,1.46,2.14,8.02,0,0
417,Fernando Rocha,CMR,2010,RW,37,1973,189,67,Right,49.3,85,4,366,0.9,0.55,0.0,0.76,0.0,76.3,2.49,3.98,3.0,1.57,-0.1,1.56,7.54,5.27,5.56,3.78,0,0
418,Fernando Rodrigues,CMR,2010,RB,34,1976,179,69,Right,55.3,92,6,521,0.33,0.65,0.0,2.33,0.0,81.0,8.54,10.64,8.02,0.65,-0.3,0.34,6.71,1.97,7.26,5.97,0,0
419,Rodrigo Monteiro,CMR,2010,CAM,26,1984,182,87,Both,31.5,80,1,129,0.59,0.94,0.0,0.74,0.0,92.9,4.13,4.54,1.88,2.01,0.0,1.24,7.35,2.9,12.31,3.36,0,0
420,Heitor Martins,CMR,2010,GK,32,1978,191,89,Both,51.0,82,4,392,0.0,0.0,17.81,2.5,4.2,85.6,1.0,1.83,4.41,0.0,-0.1,0.3,0.0,0.0,0.0,0.5,0,0
421,Heitor Costa,CMR,2010,LW,35,1975,190,68,Left,83.9,80,3,272,0.82,0.95,0.0,0.18,0.0,78.4,1.4,4.31,1.57,1.33,0.1,0.8,14.22,3.91,22.97,3.81,0,0
422,Gabriel Rocha,CMR,2010,CM,31,1979,181,67,Left,56.3,71,4,414,0.47,0.56,0.0,0.58,0.0,92.1,7.46,5.58,3.54,1.0,-0.1,0.59,7.51,2.01,7.21,6.5,0,0
423,Heitor Costa,CMR,2010,CDM,32,1978,190,82,Left,16.2,70,4,331,0.24,0.42,0.0,1.47,0.0,88.4,8.93,10.99,6.68,0.51,-0.2,-0.32,3.46,1.04,2.75,8.16,1,0
424,Bruno Oliveira,CMR,2010,CB,31,1979,184,65,Right,48.5,80,3,272,0.19,0.09,0.0,1.29,0.0,84.6,6.98,11.41,30.33,0.86,0.2,0.42,4.46,1.02,1.29,7.17,0,0
425,Rodrigo Almeida,CMR,2010,CM,30,1980,185,74,Left,23.7,78,5,410,0.49,0.65,0.0,0.98,0.0,85.3,8.95,6.9,8.74,0.94,-0.4,0.44,7.54,0.98,4.07,5.76,0,0
426,Thiago Dias,CMR,2010,LW,28,1982,173,77,Left,52.4,82,5,415,0.98,0.73,0.0,0.53,0.0,84.9,3.43,5.31,3.03,0.92,0.2,0.83,8.48,4.04,16.14,4.03,0,0
427,Eduardo Souza,CMR,2010,CM,36,1974,171,78,Right,51.2,75,3,283,0.4,0.76,0.0,0.58,0.0,89.6,14.51,12.09,6.78,1.11,0.3,0.81,2.85,0.57,5.17,4.35,1,0
428,Rafael Cardoso,CMR,2010,RB,26,1984,175,72,Left,35.2,87,4,328,0.28,0.53,0.0,1.2,0.0,76.9,17.53,7.81,13.39,0.8,0.2,0.79,5.14,2.53,4.94,4.02,1,0
429,Lucas Pereira,CMR,2010,ST,35,1975,187,81,Right,93.2,82,2,184,0.92,0.4,0.0,0.0,0.0,66.7,2.39,2.92,1.01,1.46,0.3,1.4,11.67,4.4,10.48,9.22,0,0
430,Joao Cavalcanti,CMR,2010,GK,35,1975,194,79,Both,40.5,73,2,210,0.0,0.0,22.92,2.49,2.3,88.7,1.32,1.89,4.72,0.0,0.5,0.22,0.0,0.0,0.0,0.93,0,0
431,Joao Carvalho,CMR,2010,LB,25,1985,188,88,Right,52.9,76,5,388,0.35,0.66,0.0,1.36,0.0,81.4,10.1,4.65,7.23,0.77,0.2,0.3,6.63,2.42,5.96,4.32,0,0
432,Andre Cardoso,CMR,2010,CB,26,1984,175,75,Right,37.5,72,3,258,0.26,0.14,0.0,1.76,0.0,88.6,7.33,7.87,8.82,0.37,-0.4,-0.49,4.61,1.23,1.05,8.51,0,0
433,Heitor Martins,CMR,2010,LB,32,1978,191,74,Left,57.9,83,2,170,0.37,0.67,0.0,2.68,0.0,87.2,9.58,8.8,8.44,0.8,0.0,0.25,3.86,2.05,7.08,6.7,0,0
434,Gustavo Silva,CMR,2010,GK,21,1989,183,89,Right,31.8,80,6,477,0.0,0.0,13.99,1.54,4.81,85.7,1.03,1.45,2.71,0.0,0.8,-0.08,0.0,0.0,0.0,1.23,0,0
435,Thiago Ferreira,CMR,2010,CB,25,1985,177,78,Right,21.7,81,5,469,0.19,0.11,0.0,1.25,0.0,93.3,7.32,6.11,21.71,0.35,0.7,0.17,2.74,0.77,1.49,7.7,0,0
436,Rafael Nascimento,CMR,2010,ST,20,1990,180,75,Both,71.3,86,3,300,1.19,0.32,0.0,0.0,0.0,74.8,1.92,2.41,0.9,0.88,0.1,1.61,13.41,5.97,4.24,8.07,0,0
437,Fernando Silva,CMR,2010,RW,21,1989,170,83,Right,16.2,77,3,305,0.87,0.64,0.0,0.46,0.0,73.9,2.18,3.25,1.93,1.98,-0.3,0.5,8.34,2.8,13.03,3.03,0,0
438,Alexandre Carvalho,CIV,2010,LW,19,1991,192,68,Both,31.4,76,3,256,0.7,0.77,0.0,0.31,0.0,74.5,2.26,3.64,1.14,1.92,-0.5,0.58,11.86,4.19,12.55,7.11,0,0
439,Roberto Silva,CIV,2010,LW,35,1975,173,71,Both,62.8,71,3,311,0.83,0.78,0.0,0.4,0.0,76.2,2.59,3.21,2.54,1.39,-0.2,1.36,9.98,5.24,9.23,4.62,0,0
440,Diego Melo,CIV,2010,RW,28,1982,182,83,Left,69.6,73,4,359,1.15,0.73,0.0,0.32,0.0,74.8,3.36,5.04,1.38,1.57,0.2,0.41,7.64,3.17,15.13,7.45,0,0
441,Joao Costa,CIV,2010,CB,30,1980,177,72,Left,21.6,70,3,289,0.17,0.15,0.0,0.53,0.0,90.5,7.25,8.19,20.19,0.63,0.3,0.51,3.93,0.76,1.39,4.8,0,0
442,Roberto Ribeiro,CIV,2010,CDM,27,1983,175,84,Right,65.9,71,5,442,0.24,0.2,0.0,1.05,0.0,88.2,4.81,9.92,6.77,0.71,-0.2,0.43,3.65,0.63,5.55,11.24,1,0
443,Joao Martins,CIV,2010,CM,31,1979,179,87,Left,23.6,72,3,263,0.38,0.65,0.0,0.68,0.0,83.0,15.28,8.82,3.97,1.12,-0.1,0.48,4.64,2.33,12.14,4.83,0,0
444,Paulo Nascimento,CIV,2010,ST,23,1987,177,72,Right,113.5,86,4,357,1.06,0.21,0.0,0.0,0.0,72.8,2.13,2.66,1.11,0.92,0.2,1.75,11.67,5.57,13.4,6.94,0,0
445,Thiago Ribeiro,CIV,2010,GK,26,1984,189,88,Right,24.0,80,2,224,0.0,0.0,20.26,1.77,1.38,86.4,0.92,1.26,3.56,0.0,0.3,0.76,0.0,0.0,0.0,0.99,0,0
446,Alexandre Nascimento,CIV,2010,CB,30,1980,183,69,Right,50.0,83,3,244,0.22,0.1,0.0,1.95,0.0,83.5,7.31,9.49,20.77,0.36,0.1,0.66,3.85,0.61,2.99,6.86,1,0
447,Vinicius Souza,CIV,2010,GK,29,1981,185,84,Both,31.1,75,3,291,0.0,0.0,18.67,2.01,2.38,86.7,0.93,2.88,2.71,0.0,0.7,-0.15,0.0,0.0,0.0,1.01,0,0
448,Vinicius Rodrigues,CIV,2010,RB,24,1986,183,72,Right,27.9,83,6,521,0.35,0.61,0.0,2.72,0.0,80.9,7.76,7.27,7.57,0.8,-0.0,-0.02,6.62,2.44,7.87,5.12,0,0
449,Arthur Martins,CIV,2010,CM,36,1974,177,65,Right,9.7,66,3,322,0.38,0.3,0.0,0.79,0.0,84.2,5.92,8.84,1.84,0.65,-0.6,0.42,6.92,1.9,8.29,4.0,1,0
450,Diego Costa,CIV,2010,ST,21,1989,183,65,Left,72.5,84,4,402,1.31,0.45,0.0,0.0,0.0,75.8,2.41,1.83,0.94,0.85,-0.2,1.86,10.46,5.41,10.12,8.4,0,0
451,Gabriel Souza,CIV,2010,CB,31,1979,193,74,Right,53.9,76,3,300,0.07,0.06,0.0,2.21,0.0,88.4,7.63,11.31,3.72,0.28,0.3,0.16,3.95,0.77,2.55,8.67,1,0
452,Pedro Oliveira,CIV,2010,RW,20,1990,183,86,Left,20.0,75,3,275,0.85,0.89,0.0,0.55,0.0,74.6,3.7,4.86,1.36,2.28,0.3,0.43,11.88,4.25,12.95,5.45,0,0
453,Thiago Oliveira,CIV,2010,RB,30,1980,192,79,Right,66.8,85,4,341,0.32,0.54,0.0,1.64,0.0,79.4,5.5,8.63,12.52,1.08,-0.2,0.12,2.76,1.79,7.07,1.81,0,0
454,Heitor Monteiro,CIV,2010,CDM,30,1980,192,69,Right,70.1,80,6,536,0.23,0.41,0.0,1.26,0.0,90.8,12.56,13.5,3.91,0.76,-0.4,0.45,5.26,1.38,4.14,7.18,0,0
455,Fernando Monteiro,CIV,2010,GK,20,1990,190,89,Left,13.0,71,3,236,0.0,0.0,16.75,1.89,3.04,86.5,1.4,2.21,4.28,0.0,0.2,-0.21,0.0,0.0,0.0,0.96,0,0
456,Leonardo Rodrigues,CIV,2010,CB,37,1973,173,81,Left,55.8,79,4,344,0.22,0.1,0.0,2.13,0.0,88.5,3.99,11.43,5.0,0.43,0.2,0.05,5.7,1.83,1.47,6.4,0,0
457,Leonardo Ribeiro,CIV,2010,CM,32,1978,176,75,Left,10.8,71,4,321,0.24,0.5,0.0,0.96,0.0,87.6,4.16,9.5,5.77,0.82,0.2,-0.27,8.34,0.58,4.88,3.63,0,0
458,Leonardo Mendes,CIV,2010,LB,23,1987,181,86,Right,36.4,94,2,192,0.26,0.36,0.0,1.81,0.0,85.1,13.08,5.85,10.46,0.71,-0.9,0.64,6.19,2.52,9.14,7.48,0,0
459,Leonardo Monteiro,CIV,2010,LB,36,1974,187,85,Right,35.6,85,4,316,0.33,0.35,0.0,2.57,0.0,85.3,5.3,7.9,8.33,1.09,-0.9,0.31,3.05,1.81,6.32,4.13,0,0
460,Gabriel Rocha,CIV,2010,CAM,21,1989,185,88,Right,27.1,72,4,376,0.67,0.86,0.0,0.13,0.0,81.3,4.12,5.38,1.41,1.06,-0.5,0.81,10.99,2.75,7.07,4.76,0,0
461,Carlos Silva,ALG,2010,RB,37,1973,191,83,Both,28.4,79,3,272,0.33,0.53,0.0,1.54,0.0,80.2,11.06,10.28,11.51,0.97,-0.5,-0.05,4.33,1.25,3.27,5.91,1,0
462,Arthur Costa,ALG,2010,RB,19,1991,191,69,Right,54.2,85,5,393,0.36,0.32,0.0,2.97,0.0,77.3,9.56,9.7,12.62,0.53,-0.0,0.23,6.69,2.27,4.45,3.91,0,0
463,Rodrigo Ferreira,ALG,2010,GK,20,1990,198,82,Right,19.0,87,4,375,0.0,0.0,9.79,3.41,4.01,81.7,0.96,1.92,4.88,0.0,-0.0,-0.47,0.0,0.0,0.0,0.84,0,0
464,Rafael Ferreira,ALG,2010,CB,19,1991,188,83,Left,37.1,90,5,438,0.21,0.1,0.0,3.07,0.0,87.0,5.09,8.53,20.86,0.55,-0.1,0.26,2.11,1.51,2.53,4.52,1,0
465,Leonardo Melo,ALG,2010,CB,28,1982,188,70,Right,87.8,85,5,399,0.23,0.12,0.0,2.49,0.0,90.0,8.52,9.31,18.43,0.53,-0.2,0.19,3.73,1.53,1.17,4.67,0,0
466,Pedro Silva,ALG,2010,GK,27,1983,188,75,Right,61.5,68,4,356,0.0,0.0,15.37,1.91,2.84,90.5,0.8,2.26,4.48,0.0,0.3,0.41,0.0,0.0,0.0,1.2,0,0
467,Roberto Souza,ALG,2010,CM,24,1986,178,65,Right,55.3,81,5,382,0.42,0.58,0.0,1.46,0.0,86.3,3.26,6.11,3.0,0.74,0.3,1.24,8.63,1.13,8.59,8.74,0,0
468,Gustavo Oliveira,ALG,2010,LW,19,1991,186,69,Right,63.5,73,4,403,0.88,0.66,0.0,0.32,0.0,76.6,1.78,2.84,2.35,1.94,0.4,0.25,7.58,2.74,13.77,3.96,0,0
469,Arthur Cardoso,ALG,2010,ST,36,1974,177,86,Both,28.2,95,3,282,1.37,0.37,0.0,0.0,0.0,69.7,1.99,0.95,0.43,1.2,0.1,1.78,12.73,2.67,6.15,7.96,0,0
470,Fernando Nascimento,ALG,2010,CB,32,1978,171,84,Right,47.6,77,4,363,0.27,0.14,0.0,1.92,0.0,93.0,11.04,7.87,28.91,0.56,-0.6,0.27,4.13,0.62,2.7,5.89,0,0
471,Alexandre Lima,ALG,2010,LB,22,1988,183,89,Left,19.6,86,5,430,0.15,0.37,0.0,2.45,0.0,81.7,15.0,7.01,10.75,0.66,-0.0,0.18,4.81,2.55,3.11,7.28,0,0
472,Joao Carvalho,ALG,2010,LW,19,1991,184,65,Right,54.1,75,4,364,0.55,0.33,0.0,0.43,0.0,75.5,3.28,4.55,2.98,1.72,0.2,0.84,3.48,4.79,10.09,4.62,0,0
473,Gabriel Nascimento,ALG,2010,LB,20,1990,182,78,Right,51.5,86,3,322,0.42,0.54,0.0,2.18,0.0,83.9,12.46,6.04,9.99,0.5,0.5,0.36,3.79,1.79,7.77,4.36,0,0
474,Rafael Almeida,ALG,2010,GK,21,1989,195,90,Right,27.0,79,5,470,0.0,0.0,17.95,1.86,5.06,88.8,0.4,2.67,4.55,0.0,0.3,0.3,0.0,0.0,0.0,0.98,0,0
475,Bruno Mendes,ALG,2010,CM,27,1983,176,85,Right,26.6,88,3,320,0.51,0.72,0.0,1.18,0.0,86.5,10.0,6.79,3.88,0.8,-0.7,1.05,9.98,2.44,7.56,6.83,0,0
476,Joao Ferreira,ALG,2010,RW,26,1984,173,67,Left,49.1,72,4,350,0.59,1.19,0.0,0.49,0.0,80.3,3.23,3.72,2.4,1.28,-0.1,0.82,11.28,4.25,14.39,2.62,0,0
477,Rafael Oliveira,ALG,2010,CDM,19,1991,172,78,Right,30.2,69,2,152,0.22,0.36,0.0,0.46,0.0,85.5,12.96,12.66,3.25,0.58,-0.2,0.36,2.39,1.0,3.96,8.16,1,0
478,Felipe Dias,ALG,2010,CDM,36,1974,188,76,Right,39.7,81,4,344,0.16,0.38,0.0,0.95,0.0,90.2,7.02,13.64,10.18,0.4,-0.3,0.29,5.15,1.42,5.12,3.74,1,0
479,Bruno Monteiro,ALG,2010,ST,21,1989,179,89,Left,121.7,88,3,278,1.36,0.27,0.0,0.0,0.0,70.5,1.46,2.58,1.17,0.54,-0.3,1.73,11.53,4.82,8.51,7.73,0,0
480,Marcelo Gomes,ALG,2010,RW,34,1976,194,88,Right,37.0,74,1,120,0.38,0.69,0.0,0.18,0.0,79.3,3.92,3.1,1.02,1.29,0.1,0.98,7.1,3.21,18.24,3.05,0,0
481,Bruno Gomes,ALG,2010,CB,24,1986,174,80,Right,47.1,82,3,281,0.17,0.05,0.0,2.19,0.0,86.6,5.62,10.77,23.65,0.71,-0.4,0.6,3.0,0.91,2.11,6.64,1,0
482,Gustavo Lima,ALG,2010,CM,24,1986,184,73,Right,42.3,69,5,433,0.41,1.08,0.0,0.76,0.0,90.0,5.56,7.72,6.31,0.61,0.6,0.56,8.63,1.75,7.4,4.37,0,0
483,Diego Monteiro,ALG,2010,CAM,22,1988,183,66,Right,43.6,74,3,251,0.56,1.2,0.0,0.25,0.0,79.3,5.28,6.63,2.35,1.3,-0.4,0.57,5.11,1.99,12.71,4.03,0,0
484,Gabriel Melo,NGA,2010,RB,33,1977,176,77,Left,58.7,87,4,383,0.37,0.6,0.0,2.24,0.0,78.3,10.24,10.63,8.94,0.94,0.1,0.72,6.56,0.98,2.79,4.02,1,0
485,Eduardo Ferreira,NGA,2010,CB,19,1991,193,71,Both,63.4,84,0,67,0.19,0.11,0.0,2.0,0.0,88.1,7.02,8.44,30.98,0.45,0.4,0.4,2.99,1.08,1.06,8.47,1,0
486,Lucas Souza,NGA,2010,ST,24,1986,183,65,Left,43.4,80,4,347,1.07,0.37,0.0,0.0,0.0,73.2,2.35,2.36,0.75,1.17,-0.3,1.55,9.54,4.6,6.77,7.57,0,0
487,Lucas Melo,NGA,2010,LW,35,1975,176,67,Left,54.7,86,2,232,0.5,0.79,0.0,0.47,0.0,77.5,3.86,4.57,0.96,2.45,-0.6,1.05,9.03,0.4,9.68,7.13,0,0
488,Felipe Cavalcanti,NGA,2010,RW,22,1988,175,77,Right,65.4,75,2,219,0.75,0.48,0.0,0.36,0.0,76.1,3.63,4.92,2.12,1.67,-0.3,0.55,5.98,5.82,15.68,6.38,0,0
489,Rafael Pereira,NGA,2010,CB,29,1981,186,75,Right,21.4,89,3,259,0.25,0.13,0.0,2.37,0.0,92.8,10.37,11.4,18.24,0.7,0.3,0.06,3.91,1.11,2.05,9.35,1,0
490,Roberto Barbosa,NGA,2010,CDM,32,1978,179,82,Right,60.7,78,4,345,0.14,0.37,0.0,1.13,0.0,87.3,11.1,14.61,8.87,0.59,-0.3,0.62,2.76,0.95,2.63,8.03,0,0
491,Rafael Ferreira,NGA,2010,CDM,31,1979,180,89,Both,22.2,81,4,332,0.3,0.25,0.0,1.24,0.0,88.4,15.07,12.98,7.3,0.39,-0.7,0.54,6.73,1.15,5.19,6.3,0,0
492,Vinicius Ferreira,NGA,2010,ST,29,1981,174,70,Left,118.0,85,3,299,0.84,0.46,0.0,0.0,0.0,64.0,1.76,3.76,0.87,0.42,-0.3,1.83,14.51,3.87,7.96,5.86,0,0
493,Gabriel Araujo,NGA,2010,RB,24,1986,186,88,Right,40.4,98,3,296,0.3,0.45,0.0,2.79,0.0,85.1,13.13,11.61,9.53,0.79,-0.1,0.46,3.18,2.0,4.99,2.7,0,0
494,Carlos Pereira,NGA,2010,LW,28,1982,188,88,Right,37.8,77,6,536,0.17,0.76,0.0,0.39,0.0,76.2,2.28,2.97,2.13,1.62,-0.1,0.95,9.46,5.2,20.92,6.52,0,0
495,Gabriel Costa,NGA,2010,GK,25,1985,192,90,Right,5.8,74,3,341,0.0,0.0,10.25,1.85,2.49,84.2,1.25,2.8,4.64,0.0,0.9,-0.46,0.0,0.0,0.0,0.65,0,0
496,Gustavo Barbosa,NGA,2010,GK,33,1977,184,89,Right,14.5,76,2,251,0.0,0.0,15.95,2.02,4.35,85.5,0.89,1.69,8.03,0.0,0.7,0.05,0.0,0.0,0.0,0.42,0,0
497,Pedro Ferreira,NGA,2010,LB,37,1973,188,69,Left,43.5,99,3,346,0.36,0.39,0.0,2.49,0.0,86.9,11.05,9.33,12.33,1.1,0.5,0.37,3.33,2.41,6.61,6.18,0,0
498,Vinicius Costa,NGA,2010,CM,26,1984,192,81,Right,15.3,79,3,248,0.62,0.67,0.0,0.8,0.0,86.1,9.91,1.57,8.21,0.61,-0.0,0.44,7.3,1.16,10.03,3.85,0,0
499,Thiago Rocha,NGA,2010,RW,23,1987,185,65,Left,18.5,67,4,328,0.54,0.71,0.0,0.38,0.0,78.1,3.05,4.64,2.2,1.03,0.0,0.73,8.98,6.27,16.43,3.12,0,0
500,Arthur Gomes,NGA,2010,CM,33,1977,192,83,Left,27.5,68,4,331,0.09,0.61,0.0,0.75,0.0,84.9,7.75,10.57,2.48,0.47,-0.0,0.37,7.66,1.36,2.51,6.6,0,0
501,Roberto Ribeiro,NGA,2010,CB,29,1981,190,80,Right,46.1,87,4,343,0.24,0.14,0.0,2.28,0.0,90.0,6.63,10.61,26.58,0.46,-0.5,0.01,4.68,0.53,2.07,6.12,0,0
502,Lucas Freitas,NGA,2010,GK,25,1985,195,81,Right,6.7,60,5,378,0.0,0.0,11.16,1.8,2.42,85.1,0.73,2.14,7.18,0.0,0.7,-0.7,0.0,0.0,0.0,0.88,0,0
503,Joao Silva,NGA,2010,CB,24,1986,190,70,Right,37.8,80,4,348,0.26,0.12,0.0,2.18,0.0,92.5,13.51,8.44,28.84,0.66,0.1,0.32,2.68,0.87,1.72,5.31,1,0
504,Heitor Costa,NGA,2010,CAM,21,1989,185,71,Right,65.3,84,3,270,0.63,1.47,0.0,0.56,0.0,79.2,3.02,5.01,2.5,1.0,0.2,0.74,10.73,3.5,11.76,2.79,0,0
505,Rafael Rocha,NGA,2010,LB,21,1989,190,82,Right,30.4,82,3,269,0.38,0.48,0.0,1.42,0.0,84.9,11.34,11.77,8.19,1.26,-0.2,0.39,6.25,3.29,9.53,6.66,0,0
506,Gustavo Oliveira,NGA,2010,CM,20,1990,188,74,Right,9.1,65,4,336,0.4,0.38,0.0,0.86,0.0,87.3,4.35,9.3,3.67,0.9,0.0,-0.01,6.92,2.05,6.39,3.43,0,0
507,Ricardo Almeida,AUS,2010,CDM,26,1984,188,65,Right,56.1,70,3,242,0.21,0.28,0.0,1.13,0.0,89.3,12.99,16.61,4.36,0.41,0.3,-0.12,3.37,1.27,4.77,2.81,1,0
508,Andre Monteiro,AUS,2010,CM,37,1973,171,83,Left,10.8,65,2,199,0.32,0.58,0.0,1.07,0.0,86.7,9.91,10.39,4.49,0.89,-0.2,-0.07,4.08,1.41,6.86,1.65,0,0
509,Heitor Costa,AUS,2010,CB,30,1980,183,82,Right,64.8,79,5,469,0.27,0.04,0.0,1.72,0.0,88.5,7.43,9.08,26.06,0.32,-0.2,0.12,3.82,0.88,1.44,8.93,1,0
510,Marcelo Rodrigues,AUS,2010,CM,24,1986,192,78,Both,21.3,65,6,510,0.34,0.55,0.0,0.72,0.0,87.5,8.89,5.56,5.44,0.98,-0.2,0.07,6.23,1.2,7.83,7.57,0,0
511,Matheus Costa,AUS,2010,CAM,30,1980,187,69,Left,37.0,69,4,352,0.26,1.31,0.0,0.54,0.0,85.0,4.45,6.11,1.43,0.7,-0.1,0.54,5.93,2.87,9.39,4.68,0,0
512,Rodrigo Araujo,AUS,2010,GK,34,1976,187,81,Both,22.2,79,4,348,0.0,0.0,15.13,1.47,3.46,85.2,0.66,2.04,3.92,0.0,0.7,0.09,0.0,0.0,0.0,0.88,0,0
513,Rafael Rodrigues,AUS,2010,RB,34,1976,188,76,Right,71.5,83,4,309,0.23,0.61,0.0,2.02,0.0,84.5,14.21,13.27,10.92,1.11,0.6,0.22,4.31,1.56,3.33,4.54,0,0
514,Rodrigo Monteiro,AUS,2010,CB,27,1983,185,79,Left,102.6,98,5,465,0.23,0.08,0.0,2.78,0.0,86.3,7.2,12.53,29.84,0.36,0.2,0.32,2.91,0.23,1.09,5.95,0,0
515,Paulo Monteiro,AUS,2010,LB,29,1981,173,67,Left,64.2,88,4,379,0.34,0.61,0.0,1.95,0.0,83.4,3.34,10.82,9.79,0.66,0.4,0.35,3.94,1.85,4.47,3.31,0,0
516,Paulo Melo,AUS,2010,LW,35,1975,184,89,Left,76.0,78,5,416,0.59,0.78,0.0,0.6,0.0,77.2,2.74,4.39,1.48,1.86,-0.3,0.81,11.0,1.88,16.01,5.54,0,0
517,Diego Araujo,AUS,2010,CB,32,1978,188,65,Right,27.8,77,4,375,0.24,0.12,0.0,2.19,0.0,91.8,10.17,9.31,28.63,0.48,-0.1,0.11,5.21,1.35,2.46,7.9,1,0
518,Paulo Melo,AUS,2010,ST,19,1991,188,69,Left,125.8,86,5,370,1.14,0.56,0.0,0.0,0.0,71.0,1.53,2.67,0.53,1.26,0.0,1.45,6.71,5.69,8.52,2.99,0,0
519,Roberto Cardoso,AUS,2010,CM,32,1978,185,80,Right,33.7,74,6,482,0.55,0.73,0.0,0.8,0.0,90.9,7.8,8.49,3.34,0.6,0.4,0.25,6.88,2.31,7.94,6.57,0,0
520,Rodrigo Mendes,AUS,2010,CB,25,1985,191,83,Left,58.3,91,4,338,0.27,0.08,0.0,2.35,0.0,85.0,10.16,13.18,26.22,0.39,-0.4,0.44,2.8,1.67,2.54,5.31,1,0
521,Heitor Ferreira,AUS,2010,CDM,35,1975,179,80,Left,28.1,68,4,412,0.19,0.42,0.0,0.69,0.0,88.7,16.45,12.19,8.59,0.47,-0.2,0.12,3.95,0.91,4.4,8.02,1,0
522,Leonardo Oliveira,AUS,2010,RW,36,1974,175,82,Left,27.3,72,2,209,1.06,0.7,0.0,0.55,0.0,79.2,3.69,4.52,2.06,1.6,0.3,0.55,11.9,4.94,17.86,1.11,0,0
523,Eduardo Almeida,AUS,2010,GK,34,1976,183,85,Right,24.8,71,4,313,0.0,0.0,16.53,1.94,4.83,85.4,1.18,2.02,5.85,0.0,0.4,-0.24,0.0,0.0,0.0,1.38,0,0
524,Leonardo Almeida,AUS,2010,ST,30,1980,176,85,Left,76.3,81,2,223,0.31,0.41,0.0,0.0,0.0,67.6,1.5,2.56,0.8,1.02,0.0,1.89,15.89,2.01,6.3,3.27,0,0
525,Matheus Costa,AUS,2010,RW,37,1973,171,87,Left,72.7,82,4,372,0.87,0.77,0.0,0.47,0.0,77.9,2.56,4.34,2.39,1.79,0.1,0.9,12.62,5.3,9.95,2.89,0,0
526,Arthur Araujo,AUS,2010,LW,31,1979,179,70,Right,39.9,79,5,464,0.85,0.95,0.0,0.48,0.0,77.9,2.76,3.55,1.09,2.34,-0.2,0.65,9.8,2.79,8.99,5.02,0,0
527,Leonardo Lima,AUS,2010,GK,20,1990,199,94,Left,39.5,79,1,161,0.0,0.0,17.49,1.79,3.77,84.4,1.02,1.43,4.6,0.0,0.8,0.15,0.0,0.0,0.0,1.3,0,0
528,Rodrigo Mendes,AUS,2010,LB,21,1989,190,66,Right,61.9,95,1,100,0.54,0.64,0.0,2.32,0.0,80.7,8.48,10.29,8.11,0.15,-0.4,1.26,4.67,2.1,5.5,5.49,1,0
529,Diego Santos,AUS,2010,RB,30,1980,185,73,Right,24.6,90,3,318,0.22,0.66,0.0,2.49,0.0,81.0,11.51,10.89,11.36,0.41,-0.6,0.08,6.75,2.79,5.75,3.62,0,0
530,Eduardo Martins,NZL,2010,CDM,26,1984,187,87,Right,56.1,79,5,457,0.2,0.31,0.0,1.11,0.0,90.2,9.85,5.79,8.21,0.46,0.2,0.32,3.9,0.67,4.24,2.56,0,0
531,Rafael Gomes,NZL,2010,CB,30,1980,192,77,Both,42.3,66,6,486,0.27,0.1,0.0,0.82,0.0,86.4,9.3,4.25,21.47,0.59,0.2,0.77,2.89,1.11,2.1,8.43,0,0
532,Eduardo Freitas,NZL,2010,ST,31,1979,170,78,Left,132.9,74,3,238,1.09,0.49,0.0,0.0,0.0,73.9,1.32,1.55,0.56,1.07,-0.1,1.62,3.05,6.23,7.84,6.0,0,0
533,Arthur Dias,NZL,2010,LB,36,1974,186,75,Left,36.2,70,5,487,0.4,0.41,0.0,1.21,0.0,79.9,8.48,5.08,14.02,0.93,0.0,-0.24,4.69,2.86,4.07,5.58,0,0
534,Leonardo Araujo,NZL,2010,GK,35,1975,192,84,Right,39.4,74,5,446,0.0,0.0,16.72,3.0,2.07,86.9,0.92,1.85,4.61,0.0,0.7,-0.3,0.0,0.0,0.0,1.01,0,0
535,Rodrigo Rocha,NZL,2010,CB,37,1973,176,81,Right,29.7,78,3,317,0.3,0.09,0.0,1.97,0.0,88.1,2.58,11.92,27.83,0.49,0.2,0.03,2.61,0.88,2.11,5.58,1,0
536,Gabriel Silva,NZL,2010,CB,28,1982,170,66,Both,73.6,78,4,339,0.3,0.13,0.0,1.85,0.0,93.2,7.16,6.47,22.67,0.38,0.3,0.18,3.52,1.17,2.17,5.0,0,0
537,Paulo Araujo,NZL,2010,CM,25,1985,174,81,Right,40.5,74,4,331,0.39,0.18,0.0,0.52,0.0,82.7,6.17,11.04,4.69,0.46,0.1,1.0,6.67,2.3,9.77,9.37,0,0
538,Matheus Freitas,NZL,2010,LW,37,1973,173,81,Right,81.8,86,5,473,0.7,1.0,0.0,0.35,0.0,80.5,3.38,3.28,2.13,1.43,-0.4,1.09,9.43,4.42,12.52,7.94,0,0
539,Lucas Martins,NZL,2010,CB,33,1977,171,74,Left,34.6,81,2,244,0.2,0.07,0.0,2.28,0.0,92.8,11.3,9.55,38.6,0.45,0.4,0.07,4.11,1.3,1.39,5.98,0,0
540,Vinicius Rodrigues,NZL,2010,LW,21,1989,189,65,Both,58.8,87,4,313,0.52,0.93,0.0,0.46,0.0,75.6,4.02,6.22,2.94,1.81,-0.5,0.98,2.14,4.3,11.89,8.18,0,0
541,Alexandre Lima,NZL,2010,LB,29,1981,189,67,Left,72.4,69,4,371,0.26,0.58,0.0,1.6,0.0,80.7,11.33,11.31,8.02,0.65,-0.1,0.51,1.89,0.89,2.89,4.31,1,0
542,Roberto Rocha,NZL,2010,GK,19,1991,199,80,Left,26.1,67,5,493,0.0,0.0,10.51,2.2,3.14,87.0,1.27,2.02,2.92,0.0,0.3,-0.8,0.0,0.0,0.0,0.84,0,0
543,Alexandre Ferreira,NZL,2010,RW,33,1977,191,84,Right,49.5,77,4,426,0.74,0.65,0.0,0.65,0.0,78.9,6.0,4.49,2.25,1.84,0.1,0.27,8.29,5.9,16.56,2.32,0,0
544,Marcelo Martins,NZL,2010,CM,32,1978,179,65,Right,27.6,72,4,312,0.55,0.62,0.0,0.52,0.0,84.6,8.14,6.05,3.42,1.36,-0.6,0.36,5.95,3.07,8.02,5.16,0,0
545,Marcelo Araujo,NZL,2010,RB,19,1991,173,82,Right,49.6,83,2,154,0.27,0.8,0.0,1.43,0.0,84.1,9.55,8.12,1.73,0.89,-0.4,0.14,7.15,1.67,4.42,5.69,0,0
546,Marcelo Oliveira,NZL,2010,RB,29,1981,187,72,Left,90.7,97,2,192,0.33,0.37,0.0,3.01,0.0,78.8,8.95,9.27,12.03,0.7,0.1,0.16,4.22,2.82,3.68,4.15,0,0
547,Thiago Ribeiro,NZL,2010,GK,19,1991,193,90,Right,8.8,75,4,373,0.0,0.0,11.66,1.36,1.25,83.9,1.03,2.11,4.23,0.0,0.4,0.5,0.0,0.0,0.0,0.56,0,0
548,Alexandre Souza,NZL,2010,CDM,26,1984,191,67,Left,40.4,91,4,428,0.25,0.37,0.0,0.93,0.0,84.9,10.24,13.97,6.73,0.5,-0.0,0.47,5.57,1.12,3.79,7.1,1,0
549,Thiago Souza,NZL,2010,RW,19,1991,181,65,Left,37.8,87,2,203,0.62,0.94,0.0,0.2,0.0,83.1,3.78,1.61,2.72,1.23,-0.2,1.13,11.36,6.01,14.48,6.25,0,0
550,Pedro Rocha,NZL,2010,ST,36,1974,175,86,Right,54.4,87,4,392,1.48,0.45,0.0,0.0,0.0,76.3,1.9,3.03,0.68,0.75,-0.3,1.44,11.91,3.87,10.59,2.29,0,0
551,Andre Melo,NZL,2010,CM,32,1978,189,71,Right,10.7,83,3,266,0.4,0.86,0.0,0.95,0.0,88.2,6.42,11.36,3.49,0.72,0.1,0.07,5.79,1.13,5.91,5.15,1,0
552,Ricardo Souza,NZL,2010,CAM,33,1977,186,79,Right,20.5,70,4,332,0.59,0.61,0.0,0.49,0.0,84.6,3.04,5.62,1.99,1.38,0.2,0.91,10.75,3.5,11.53,3.67,0,0
553,Carlos Barbosa,SRB,2010,CM,32,1978,175,79,Right,31.5,68,2,183,0.32,0.93,0.0,0.64,0.0,88.1,9.97,8.96,4.22,0.38,0.8,0.51,5.47,2.99,5.35,6.39,0,0
554,Pedro Oliveira,SRB,2010,ST,37,1973,171,66,Left,113.8,98,3,284,1.47,0.56,0.0,0.0,0.0,75.8,2.3,2.65,0.93,1.28,-0.3,1.84,13.6,4.53,8.8,7.33,0,0
555,Andre Oliveira,SRB,2010,CB,23,1987,176,82,Right,18.1,78,2,232,0.2,0.05,0.0,1.28,0.0,88.4,10.95,11.03,38.1,0.42,0.0,-0.08,3.49,0.7,1.51,4.95,0,0
556,Joao Silva,SRB,2010,CB,22,1988,178,72,Left,23.0,83,2,243,0.17,0.1,0.0,2.62,0.0,92.5,3.69,10.66,27.16,0.39,0.1,0.56,3.59,1.2,1.56,8.51,0,0
557,Gustavo Gomes,SRB,2010,CDM,22,1988,175,65,Right,69.7,86,3,277,0.21,0.33,0.0,1.64,0.0,89.1,12.67,9.09,11.21,0.19,0.1,0.66,2.21,0.64,6.84,4.13,0,0
558,Matheus Lima,SRB,2010,CB,25,1985,173,86,Left,22.1,79,3,290,0.15,0.09,0.0,1.75,0.0,85.8,4.55,5.33,23.3,0.53,-0.4,0.25,4.47,1.39,0.44,5.69,0,0
559,Ricardo Costa,SRB,2010,LW,33,1977,173,67,Left,73.3,75,1,138,0.84,0.91,0.0,0.41,0.0,76.7,2.44,4.46,2.07,1.48,-0.2,0.79,12.46,2.77,18.9,3.45,0,0
560,Bruno Gomes,SRB,2010,RW,20,1990,176,67,Right,88.0,82,5,362,0.66,0.99,0.0,0.29,0.0,74.4,2.21,4.1,1.84,2.31,-0.1,0.9,11.72,4.14,7.65,4.05,0,0
561,Alexandre Gomes,SRB,2010,LB,22,1988,180,70,Right,51.8,82,3,275,0.33,0.6,0.0,1.24,0.0,81.4,11.83,6.12,5.53,0.94,0.2,0.34,3.91,2.34,4.74,8.91,0,0
562,Gustavo Lima,SRB,2010,CM,36,1974,192,80,Both,30.2,71,3,288,0.27,0.82,0.0,0.99,0.0,93.5,6.24,10.22,4.61,0.91,0.3,0.27,8.05,2.35,5.5,8.87,0,0
563,Heitor Dias,SRB,2010,RW,33,1977,192,74,Right,97.5,77,3,341,0.86,1.06,0.0,0.42,0.0,81.7,3.25,5.56,2.01,1.22,0.3,0.62,7.55,2.87,12.73,5.57,0,0
564,Matheus Silva,SRB,2010,GK,25,1985,186,85,Both,14.9,66,3,268,0.0,0.0,24.53,1.72,3.26,84.7,0.79,2.2,5.31,0.0,1.0,-0.37,0.0,0.0,0.0,1.43,0,0
565,Lucas Gomes,SRB,2010,CAM,29,1981,180,86,Right,56.0,77,3,243,0.6,0.54,0.0,0.36,0.0,84.4,3.51,5.44,2.8,1.29,0.0,0.61,5.98,2.11,8.64,4.81,0,0
566,Matheus Lima,SRB,2010,CB,26,1984,190,82,Left,82.5,76,4,426,0.31,0.13,0.0,2.21,0.0,92.6,11.43,13.46,10.29,0.21,-0.1,0.63,4.78,0.61,1.19,6.47,0,0
567,Marcelo Nascimento,SRB,2010,LB,22,1988,171,69,Left,43.7,87,4,356,0.37,0.31,0.0,1.62,0.0,85.0,13.01,8.27,9.49,0.54,-0.4,0.9,6.59,2.28,8.9,2.82,0,0
568,Fernando Cavalcanti,SRB,2010,GK,37,1973,183,94,Right,50.7,84,4,345,0.0,0.0,18.54,3.43,3.79,81.7,0.79,1.94,5.14,0.0,0.5,0.48,0.0,0.0,0.0,1.06,0,0
569,Eduardo Oliveira,SRB,2010,ST,31,1979,185,82,Right,128.1,85,3,298,1.66,0.39,0.0,0.0,0.0,70.9,1.77,3.2,1.23,0.49,0.4,1.65,12.4,1.35,4.71,3.58,0,0
570,Roberto Melo,SRB,2010,RB,28,1982,173,68,Left,40.2,83,4,364,0.37,0.35,0.0,2.19,0.0,82.9,11.58,6.22,15.15,0.71,0.3,0.2,5.59,2.9,8.68,3.28,0,0
571,Marcelo Silva,SRB,2010,CM,20,1990,183,85,Left,70.1,78,4,350,0.58,0.77,0.0,0.85,0.0,87.2,10.6,8.1,8.31,0.57,-0.2,0.73,5.96,1.64,9.27,7.06,0,0
572,Carlos Dias,SRB,2010,LW,37,1973,183,68,Left,30.8,80,2,161,0.82,0.77,0.0,0.37,0.0,79.2,3.86,4.31,2.78,2.04,0.2,0.85,7.81,4.39,15.26,4.91,0,0
573,Andre Martins,SRB,2010,CDM,34,1976,191,65,Left,44.4,78,5,403,0.21,0.28,0.0,1.17,0.0,93.8,9.08,10.45,3.77,0.46,0.0,0.13,2.41,0.51,2.75,5.88,1,0
574,Andre Cavalcanti,SRB,2010,RB,31,1979,180,82,Both,62.6,78,4,390,0.21,0.4,0.0,1.3,0.0,81.5,9.98,6.06,5.32,0.66,-0.3,0.44,5.18,2.72,5.23,5.07,1,0
575,Thiago Araujo,SRB,2010,GK,26,1984,194,88,Right,33.5,82,3,278,0.0,0.0,7.07,1.62,3.81,83.9,1.13,1.68,5.73,0.0,0.4,0.07,0.0,0.0,0.0,0.96,0,0
576,Diego Dias,DEN,2010,GK,21,1989,194,84,Right,29.7,73,4,421,0.0,0.0,8.74,2.19,4.49,86.5,0.71,2.52,3.87,0.0,0.1,-0.3,0.0,0.0,0.0,1.04,0,0
577,Bruno Cavalcanti,DEN,2010,RW,36,1974,170,79,Right,25.0,75,3,255,0.65,0.89,0.0,0.38,0.0,78.0,3.65,3.71,1.57,1.54,0.5,1.04,9.65,4.01,21.29,5.07,0,0
578,Joao Rocha,DEN,2010,CB,35,1975,189,75,Right,14.1,87,2,223,0.18,0.07,0.0,2.07,0.0,93.0,8.56,15.24,24.7,0.79,-0.0,0.33,4.51,0.83,1.47,2.9,1,0
579,Diego Rodrigues,DEN,2010,CM,23,1987,184,81,Left,22.0,64,5,434,0.28,0.46,0.0,0.56,0.0,90.0,5.6,10.52,5.62,0.74,-0.2,0.55,5.01,1.73,8.12,7.29,1,0
580,Bruno Pereira,DEN,2010,CDM,33,1977,174,83,Right,32.7,71,4,317,0.13,0.31,0.0,1.05,0.0,86.2,5.74,11.19,12.03,0.61,-0.0,-0.04,4.52,0.85,5.07,8.52,0,0
581,Lucas Santos,DEN,2010,GK,22,1988,198,81,Right,45.0,89,3,301,0.0,0.0,19.94,2.38,2.52,89.5,0.64,1.59,4.6,0.0,0.7,0.85,0.0,0.0,0.0,1.16,0,0
582,Arthur Martins,DEN,2010,CB,27,1983,177,85,Right,37.7,70,5,444,0.22,0.1,0.0,1.16,0.0,86.9,7.66,11.81,26.22,0.54,0.2,0.24,7.0,1.24,2.28,4.48,1,0
583,Alexandre Freitas,DEN,2010,LW,26,1984,192,69,Right,112.8,79,6,570,0.71,0.36,0.0,0.42,0.0,81.0,4.34,4.48,1.81,1.5,0.2,1.17,9.98,2.49,13.3,4.99,0,0
584,Rodrigo Monteiro,DEN,2010,CM,33,1977,189,74,Both,31.2,78,4,384,0.33,0.57,0.0,0.19,0.0,86.9,8.27,8.65,8.25,0.76,-0.1,0.49,4.82,2.01,7.81,4.3,1,0
585,Pedro Nascimento,DEN,2010,RB,30,1980,183,85,Left,72.4,81,4,338,0.25,0.43,0.0,1.72,0.0,74.1,11.42,8.25,10.76,0.67,-0.2,0.52,4.22,1.97,7.99,4.31,0,0
586,Andre Souza,DEN,2010,LW,34,1976,187,79,Right,18.8,78,3,260,0.79,0.78,0.0,0.34,0.0,76.3,2.18,4.7,1.7,1.19,0.4,0.81,6.96,2.13,16.06,5.36,0,0
587,Joao Martins,DEN,2010,GK,29,1981,199,88,Right,13.9,73,5,484,0.0,0.0,16.87,1.04,2.6,81.6,1.35,1.86,4.07,0.0,-0.0,0.19,0.0,0.0,0.0,0.93,0,0
588,Lucas Pereira,DEN,2010,LB,37,1973,177,78,Left,62.8,88,4,352,0.41,0.28,0.0,2.22,0.0,82.5,9.2,6.34,7.5,1.05,0.0,0.25,5.04,1.46,4.59,5.59,0,0
589,Arthur Monteiro,DEN,2010,CM,26,1984,171,87,Right,41.0,83,3,297,0.63,0.61,0.0,0.73,0.0,87.6,7.35,7.54,4.16,0.97,-0.0,0.54,6.44,1.73,8.05,4.66,0,0
590,Ricardo Rodrigues,DEN,2010,ST,36,1974,172,68,Right,62.4,88,4,363,1.63,0.22,0.0,0.0,0.0,68.9,1.61,1.96,1.19,0.63,0.3,1.72,15.99,5.83,5.75,3.27,0,0
591,Heitor Pereira,DEN,2010,ST,32,1978,192,76,Both,69.5,90,5,446,1.38,0.43,0.0,0.0,0.0,76.0,1.89,4.05,1.49,1.34,-0.1,1.44,9.1,6.08,0.26,6.0,0,0
592,Gabriel Ribeiro,DEN,2010,LB,29,1981,179,87,Right,46.5,70,7,627,0.22,0.33,0.0,1.13,0.0,79.5,7.59,11.77,7.71,0.56,0.4,0.19,5.64,1.63,10.61,4.0,1,0
593,Rodrigo Cavalcanti,DEN,2010,RW,36,1974,177,66,Right,21.8,86,4,419,0.88,0.78,0.0,0.37,0.0,78.0,3.75,5.19,2.68,1.18,0.0,1.28,14.53,3.87,19.75,3.88,0,0
594,Arthur Freitas,DEN,2010,CDM,21,1989,179,81,Left,23.2,72,3,297,0.24,0.23,0.0,1.15,0.0,87.0,5.76,9.63,8.34,0.48,-0.2,0.35,3.43,1.16,4.86,5.83,1,0
595,Felipe Nascimento,DEN,2010,CB,28,1982,190,70,Left,54.6,85,3,259,0.22,0.13,0.0,2.63,0.0,91.8,6.38,8.53,21.28,0.46,0.8,0.55,5.19,1.27,2.19,5.5,1,0
596,Lucas Rocha,DEN,2010,CAM,34,1976,194,65,Right,50.0,82,5,454,0.58,1.0,0.0,0.5,0.0,88.9,4.77,6.97,2.97,1.54,-0.3,0.86,8.53,2.25,6.53,4.73,0,0
597,Ricardo Lima,DEN,2010,CB,25,1985,172,82,Right,8.0,70,2,219,0.26,0.13,0.0,1.31,0.0,88.7,4.11,10.92,24.11,0.16,0.1,-0.11,3.65,0.42,1.87,6.09,0,0
598,Marcelo Ribeiro,DEN,2010,RB,37,1973,191,80,Right,25.1,82,4,363,0.27,0.3,0.0,1.66,0.0,80.2,16.9,7.76,9.07,0.77,-0.2,0.26,4.71,1.62,4.5,5.08,0,0
599,Mbappe,FRA,2010,CDM,22,1988,170,84,Both,15.6,69,2,234,0.12,0.15,0.0,1.13,0.0,88.9,10.49,12.75,8.74,0.59,0.2,-0.57,3.36,1.01,3.37,6.97,1,0
600,Griezmann,FRA,2010,GK,21,1989,183,92,Right,48.8,82,5,391,0.0,0.0,18.23,2.07,2.74,80.4,0.32,1.5,3.97,0.0,0.4,0.14,0.0,0.0,0.0,0.5,0,0
601,Kante,FRA,2010,CM,31,1979,191,67,Both,36.8,85,5,391,0.32,0.99,0.0,1.21,0.0,83.2,9.88,8.65,5.95,0.64,0.7,0.62,4.53,1.25,5.87,7.29,0,0
602,Varane,FRA,2010,RB,26,1984,173,67,Right,122.5,90,4,361,0.35,0.43,0.0,2.4,0.0,85.7,9.57,9.43,10.65,0.85,-0.4,0.8,5.34,1.72,2.92,3.51,1,0
603,Lloris,FRA,2010,ST,30,1980,172,80,Right,95.7,77,4,331,1.14,0.22,0.0,0.0,0.0,70.9,3.22,2.97,0.91,1.18,0.5,1.45,10.67,5.51,6.53,8.32,0,0
604,Pogba,FRA,2010,ST,31,1979,171,67,Right,61.5,83,3,331,1.58,0.42,0.0,0.0,0.0,69.5,2.02,3.56,0.56,0.55,0.3,1.0,10.38,5.57,9.42,6.23,0,0
605,Hernandez,FRA,2010,GK,22,1988,193,79,Right,28.9,81,4,350,0.0,0.0,16.19,2.08,4.32,85.0,1.12,2.66,5.36,0.0,0.2,0.23,0.0,0.0,0.0,0.98,0,0
606,Coman,FRA,2010,CB,35,1975,194,74,Left,42.7,79,3,325,0.16,0.11,0.0,2.04,0.0,88.9,10.51,17.1,7.02,0.34,-0.1,0.19,3.49,1.03,1.2,3.08,0,0
607,Dembele,FRA,2010,CM,35,1975,177,80,Left,10.0,73,4,316,0.49,0.5,0.0,0.49,0.0,87.2,5.47,4.92,8.72,0.63,-0.1,0.24,5.67,2.41,5.53,5.43,1,0
608,Benzema,FRA,2010,LB,31,1979,170,69,Both,75.9,90,4,356,0.41,0.64,0.0,2.22,0.0,83.5,7.39,8.38,15.63,1.01,-0.3,0.27,5.58,2.44,6.56,5.93,0,0
609,Rabiot,FRA,2010,GK,32,1978,199,77,Right,42.2,81,2,236,0.0,0.0,13.61,2.04,4.18,83.8,0.9,2.4,4.82,0.0,0.5,-0.19,0.0,0.0,0.0,1.04,0,0
610,Tchouameni,FRA,2010,CB,32,1978,174,78,Right,66.7,87,5,437,0.2,0.06,0.0,2.48,0.0,87.6,6.9,9.82,42.15,0.69,-0.1,0.11,5.0,1.08,3.06,6.17,1,0
611,Camavinga,FRA,2010,RB,19,1991,186,71,Right,28.8,73,3,320,0.2,0.46,0.0,2.23,0.0,81.8,14.25,9.13,10.67,0.84,-0.3,0.44,5.73,2.16,6.54,5.57,0,0
612,Saliba,FRA,2010,CB,19,1991,182,70,Right,18.5,83,4,331,0.13,0.07,0.0,1.94,0.0,87.2,5.28,15.84,22.12,0.51,0.2,0.19,4.52,0.59,2.19,4.65,0,0
613,Upamecano,FRA,2010,RW,25,1985,191,72,Right,74.9,76,4,368,0.34,0.7,0.0,0.15,0.0,77.8,2.95,4.59,1.03,2.64,0.1,1.1,11.88,3.69,18.58,6.16,0,0
614,Kounde,FRA,2010,LW,25,1985,189,88,Right,15.8,76,3,294,0.67,0.56,0.0,0.31,0.0,76.9,2.94,2.46,1.08,1.32,-0.4,0.75,6.86,5.14,10.56,6.0,0,0
615,Maignan,FRA,2010,LW,23,1987,187,86,Right,57.2,77,2,237,0.7,0.78,0.0,0.42,0.0,79.2,3.39,3.98,1.14,0.92,-0.0,1.13,9.76,4.29,11.89,8.6,0,0
616,Samba,FRA,2010,CDM,29,1981,179,70,Left,23.8,73,3,249,0.13,0.41,0.0,0.5,0.0,95.2,13.29,13.64,12.31,0.46,-0.2,0.08,6.25,0.82,3.41,6.23,1,0
617,Konate,FRA,2010,LB,27,1983,174,74,Right,31.9,82,3,273,0.14,0.41,0.0,2.45,0.0,85.1,11.5,7.75,9.75,0.61,0.5,-0.23,1.71,1.8,6.0,5.6,0,0
618,Fofana,FRA,2010,RW,22,1988,175,79,Left,20.9,82,7,551,0.69,0.52,0.0,0.42,0.0,75.0,1.57,4.11,2.03,1.25,-0.0,0.77,11.16,4.27,13.57,2.06,0,0
619,Nkunku,FRA,2010,CAM,19,1991,186,65,Left,34.1,77,4,339,0.46,1.25,0.0,0.42,0.0,85.9,1.16,2.2,2.45,1.18,0.0,0.91,6.35,2.7,9.22,4.69,0,0
620,Thuram,FRA,2010,CM,20,1990,184,77,Right,15.7,75,5,425,0.12,0.66,0.0,0.74,0.0,88.0,8.95,5.54,4.78,1.41,0.2,1.13,7.72,2.11,5.47,7.95,0,0
621,Kolo Muani,FRA,2010,CB,21,1989,190,83,Left,30.9,80,3,293,0.24,0.12,0.0,2.24,0.0,89.1,4.38,2.63,24.69,0.48,0.2,0.02,4.19,0.94,1.88,4.74,1,0
622,Matheus Dias,ITA,2010,CM,22,1988,191,69,Right,49.5,66,3,279,0.22,0.89,0.0,0.96,0.0,83.0,11.65,11.39,4.48,0.93,0.1,1.01,5.48,2.25,8.55,6.81,0,0
623,Eduardo Barbosa,ITA,2010,CB,31,1979,173,65,Right,85.3,79,4,361,0.2,0.09,0.0,2.57,0.0,88.6,9.68,7.2,19.71,0.58,0.3,0.46,3.01,0.68,1.25,6.88,0,0
624,Felipe Ribeiro,ITA,2010,ST,36,1974,189,67,Both,35.1,80,3,268,1.59,0.39,0.0,0.0,0.0,71.6,1.54,2.73,0.82,1.47,-0.4,1.97,12.99,6.54,7.57,9.71,0,0
625,Diego Oliveira,ITA,2010,GK,27,1983,190,76,Left,63.2,82,2,224,0.0,0.0,17.03,2.28,2.71,84.4,1.6,2.38,4.36,0.0,0.5,-0.02,0.0,0.0,0.0,1.44,0,0
626,Bruno Mendes,ITA,2010,RB,19,1991,180,67,Right,13.9,78,2,174,0.18,0.45,0.0,1.33,0.0,82.1,10.77,5.3,9.3,0.86,0.0,0.29,3.49,2.69,6.43,4.97,0,0
627,Vinicius Lima,ITA,2010,LW,34,1976,170,88,Both,69.1,81,4,361,0.62,1.14,0.0,0.54,0.0,85.5,2.41,5.74,2.99,1.72,-0.4,1.1,14.05,4.22,5.11,4.78,0,0
628,Marcelo Carvalho,ITA,2010,CB,21,1989,185,77,Right,32.9,81,4,348,0.32,0.09,0.0,2.61,0.0,90.2,8.91,10.23,23.44,0.78,0.5,-0.25,3.58,0.7,2.18,3.65,0,0
629,Paulo Costa,ITA,2010,RB,33,1977,183,87,Both,66.1,92,4,355,0.35,0.61,0.0,2.36,0.0,84.2,17.16,4.27,8.88,0.6,0.1,0.29,5.64,2.02,5.21,3.17,1,0
630,Leonardo Ribeiro,ITA,2010,GK,21,1989,194,83,Both,42.3,71,3,318,0.0,0.0,19.4,2.28,0.65,82.5,1.04,3.29,5.63,0.0,0.4,-0.01,0.0,0.0,0.0,0.79,0,0
631,Andre Souza,ITA,2010,CAM,33,1977,176,86,Left,44.8,83,4,337,0.37,1.0,0.0,0.61,0.0,82.5,3.37,6.58,2.93,1.15,0.4,0.73,5.29,1.52,10.18,1.97,0,0
632,Leonardo Cavalcanti,ITA,2010,RW,31,1979,182,76,Right,78.2,79,5,470,0.94,0.95,0.0,0.37,0.0,82.5,3.59,5.42,0.84,1.35,-0.2,0.54,6.85,1.88,12.45,5.04,0,0
633,Rodrigo Monteiro,ITA,2010,ST,31,1979,178,73,Right,110.7,81,5,502,0.91,0.41,0.0,0.0,0.0,74.0,2.33,3.01,0.97,0.99,-0.0,1.32,8.24,3.73,6.16,4.67,0,0
634,Andre Nascimento,ITA,2010,RW,22,1988,180,89,Right,43.9,74,5,456,0.8,0.79,0.0,0.34,0.0,80.7,2.07,3.15,2.16,1.58,0.4,0.31,10.03,3.11,13.88,5.32,0,0
635,Andre Araujo,ITA,2010,GK,28,1982,196,77,Left,24.5,76,5,439,0.0,0.0,6.29,1.42,2.48,85.6,0.92,1.56,4.16,0.0,0.5,0.07,0.0,0.0,0.0,1.1,0,0
636,Rodrigo Barbosa,ITA,2010,LB,35,1975,177,75,Right,60.6,89,3,303,0.24,0.4,0.0,2.07,0.0,86.5,15.17,11.25,8.64,0.65,-0.3,0.39,4.17,3.15,5.56,6.63,0,0
637,Pedro Costa,ITA,2010,CM,33,1977,171,65,Left,10.7,70,5,442,0.45,0.39,0.0,1.01,0.0,83.6,9.71,4.18,5.98,0.89,-0.1,0.36,4.43,1.86,7.44,5.18,1,0
638,Felipe Araujo,ITA,2010,LW,26,1984,183,71,Left,80.4,88,1,147,0.47,0.73,0.0,0.56,0.0,76.5,2.04,3.56,2.6,2.31,0.5,1.25,12.55,1.2,21.69,4.33,0,0
639,Roberto Rocha,ITA,2010,CM,26,1984,177,68,Left,34.4,76,2,198,0.27,0.76,0.0,0.49,0.0,90.0,9.01,4.83,4.15,0.66,0.4,0.44,6.25,2.65,8.28,8.28,0,0
640,Gustavo Rodrigues,ITA,2010,CB,27,1983,193,70,Right,82.5,83,5,396,0.15,0.05,0.0,3.22,0.0,86.3,9.37,7.62,37.41,0.7,0.1,0.04,4.98,0.59,2.7,7.0,0,0
641,Lucas Silva,ITA,2010,CDM,21,1989,187,67,Right,33.2,76,2,200,0.21,0.39,0.0,0.92,0.0,86.6,10.68,13.31,8.3,0.41,0.2,0.69,4.42,0.93,6.41,9.35,1,0
642,Arthur Pereira,ITA,2010,CB,23,1987,180,82,Right,41.9,80,2,225,0.22,0.1,0.0,1.55,0.0,89.9,10.79,13.49,34.17,0.65,0.3,-0.06,3.77,1.31,1.5,8.69,1,0
643,Carlos Silva,ITA,2010,CDM,36,1974,170,89,Both,43.0,82,4,358,0.19,0.31,0.0,1.28,0.0,91.7,14.36,13.47,8.23,0.52,-0.0,0.62,6.13,0.78,4.64,9.5,0,0
644,Diego Pereira,ITA,2010,LB,32,1978,184,84,Right,28.7,94,2,173,0.27,0.56,0.0,1.47,0.0,84.6,7.62,6.11,12.02,0.62,0.6,0.68,4.47,2.63,4.55,6.57,0,0
645,Andre Costa,GRE,2010,CDM,37,1973,180,89,Right,37.8,70,4,417,0.17,0.27,0.0,1.36,0.0,86.1,11.88,10.35,11.79,0.52,-0.2,0.37,2.54,0.79,3.09,9.56,1,0
646,Diego Pereira,GRE,2010,CB,36,1974,186,78,Left,52.6,87,3,291,0.25,0.15,0.0,1.63,0.0,86.1,7.53,15.28,30.64,0.31,-0.2,0.57,4.34,0.96,2.48,6.26,1,0
647,Gustavo Rodrigues,GRE,2010,CB,37,1973,188,73,Right,26.7,80,4,390,0.16,0.11,0.0,1.97,0.0,84.4,8.45,14.54,16.44,0.43,-0.0,0.44,4.0,0.81,2.56,5.6,0,0
648,Marcelo Martins,GRE,2010,ST,23,1987,181,80,Right,111.3,83,4,386,1.25,0.39,0.0,0.0,0.0,70.5,2.46,2.02,0.58,0.61,0.8,1.31,12.26,5.38,10.96,6.56,0,0
649,Arthur Costa,GRE,2010,RW,20,1990,184,76,Right,39.4,84,3,270,0.76,0.82,0.0,0.45,0.0,74.4,3.17,3.09,2.35,1.42,0.1,0.84,8.49,4.37,19.68,5.3,0,0
650,Vinicius Monteiro,GRE,2010,CB,21,1989,189,79,Right,38.9,85,5,466,0.14,0.08,0.0,1.85,0.0,87.2,4.75,7.58,33.51,0.4,-0.4,0.39,4.3,1.01,2.02,6.57,0,0
651,Vinicius Pereira,GRE,2010,RB,23,1987,184,74,Left,18.1,83,2,201,0.39,0.33,0.0,1.57,0.0,76.2,12.72,7.61,7.76,1.04,-0.2,0.38,2.34,1.27,6.98,7.96,0,0
652,Pedro Nascimento,GRE,2010,CB,33,1977,190,75,Left,70.4,88,3,334,0.3,0.09,0.0,1.9,0.0,89.5,5.03,8.76,0.0,0.35,0.2,0.32,5.14,0.97,2.59,5.29,1,0
653,Leonardo Rocha,GRE,2010,CAM,22,1988,183,85,Right,39.6,80,4,362,0.69,0.82,0.0,0.55,0.0,80.6,3.33,3.97,2.13,1.82,0.3,1.14,8.98,3.76,12.85,5.0,0,0
654,Thiago Costa,GRE,2010,LW,37,1973,181,81,Right,40.3,78,4,357,0.48,0.79,0.0,0.14,0.0,77.7,3.0,2.63,2.52,1.9,-0.0,0.78,7.05,2.38,20.24,3.66,0,0
655,Paulo Santos,GRE,2010,RW,29,1981,172,70,Right,23.1,71,1,139,0.85,0.85,0.0,0.64,0.0,74.8,2.27,4.99,1.95,1.54,0.3,0.64,10.86,3.62,12.91,6.54,0,0
656,Roberto Pereira,GRE,2010,GK,35,1975,189,85,Right,27.7,86,2,152,0.0,0.0,22.02,2.82,3.29,83.8,0.98,2.69,5.48,0.0,0.5,0.34,0.0,0.0,0.0,1.19,0,0
657,Leonardo Ferreira,GRE,2010,RB,32,1978,191,71,Right,48.3,77,4,371,0.22,0.5,0.0,1.39,0.0,84.5,9.31,12.88,3.31,0.86,0.7,0.24,5.06,2.15,7.42,5.69,0,0
658,Rodrigo Dias,GRE,2010,LB,26,1984,187,89,Both,74.2,98,5,477,0.24,0.75,0.0,2.19,0.0,79.2,11.24,9.21,4.7,0.56,0.6,0.59,5.91,0.23,2.81,4.09,0,0
659,Paulo Monteiro,GRE,2010,CM,37,1973,194,82,Left,13.3,67,3,293,0.39,0.58,0.0,1.29,0.0,92.0,5.61,11.76,3.16,0.63,-0.2,0.16,7.85,1.59,3.63,6.66,0,0
660,Bruno Melo,GRE,2010,LW,35,1975,194,77,Right,38.1,83,3,283,0.77,0.66,0.0,0.73,0.0,80.1,2.56,4.58,2.25,2.32,-0.1,1.21,9.9,2.94,6.03,7.85,0,0
661,Leonardo Costa,GRE,2010,CM,36,1974,193,85,Left,14.2,64,5,402,0.49,0.25,0.0,1.57,0.0,82.0,7.05,11.43,6.13,0.9,-0.1,0.16,7.33,2.02,6.85,2.46,0,0
662,Gabriel Ferreira,GRE,2010,CM,22,1988,173,68,Left,41.3,64,4,400,0.44,0.52,0.0,1.49,0.0,87.9,11.19,7.94,3.25,0.9,0.2,0.44,5.94,1.01,3.98,5.28,1,0
663,Marcelo Silva,GRE,2010,GK,36,1974,185,93,Right,26.0,73,5,458,0.0,0.0,10.9,1.91,0.81,80.3,0.56,1.99,2.91,0.0,0.6,-0.02,0.0,0.0,0.0,0.85,0,0
664,Lucas Nascimento,GRE,2010,LB,22,1988,187,79,Right,34.9,82,3,331,0.26,0.57,0.0,1.66,0.0,85.9,8.75,6.86,7.29,1.04,-0.5,0.55,3.5,2.91,6.93,4.22,0,0
665,Fernando Barbosa,GRE,2010,GK,26,1984,193,80,Right,33.5,72,3,290,0.0,0.0,19.28,2.35,3.16,89.0,1.08,2.23,4.9,0.0,0.9,-0.32,0.0,0.0,0.0,0.72,0,0
666,Andre Almeida,GRE,2010,CDM,34,1976,170,76,Right,21.3,80,6,566,0.26,0.18,0.0,1.05,0.0,88.3,8.05,14.03,5.39,0.53,-0.2,0.03,3.24,0.35,4.61,7.34,1,0
667,Joao Ferreira,GRE,2010,ST,32,1978,191,67,Right,90.3,95,2,243,0.87,0.55,0.0,0.0,0.0,70.2,2.15,1.5,1.15,0.97,0.5,1.61,11.0,5.76,4.42,6.21,0,0
668,Joao Martins,SVN,2010,LB,29,1981,193,77,Right,84.0,95,2,237,0.24,0.45,0.0,3.02,0.0,79.6,9.53,6.51,8.34,0.92,0.1,0.76,5.4,1.58,9.13,4.89,0,0
669,Andre Costa,SVN,2010,RB,26,1984,192,79,Both,96.8,88,4,353,0.26,0.58,0.0,2.69,0.0,84.3,10.76,5.1,0.92,1.06,-0.4,0.17,3.62,2.99,5.84,4.4,0,0
670,Vinicius Costa,SVN,2010,LW,25,1985,178,86,Right,36.1,78,3,314,0.66,0.74,0.0,0.5,0.0,76.9,2.0,1.68,1.73,1.01,0.3,0.74,9.93,1.97,14.96,3.49,0,0
671,Alexandre Ferreira,SVN,2010,CB,23,1987,186,72,Right,32.3,83,3,283,0.26,0.16,0.0,1.67,0.0,88.8,5.74,13.03,22.08,0.62,-0.2,0.12,5.48,1.56,1.21,5.62,1,0
672,Fernando Martins,SVN,2010,RW,28,1982,170,85,Right,31.3,76,6,460,0.69,0.47,0.0,0.42,0.0,75.8,4.03,3.91,1.73,1.5,0.0,1.17,8.14,2.59,12.84,4.09,0,0
673,Heitor Cavalcanti,SVN,2010,CAM,28,1982,175,76,Left,39.6,84,3,298,0.86,1.19,0.0,0.54,0.0,88.7,5.28,3.39,2.36,1.41,0.1,1.13,13.19,2.66,14.3,3.89,0,0
674,Fernando Rocha,SVN,2010,LB,23,1987,172,74,Left,41.8,85,6,481,0.38,0.71,0.0,0.88,0.0,82.9,10.78,6.13,12.46,0.83,0.5,0.39,4.93,2.56,2.31,7.74,0,0
675,Thiago Oliveira,SVN,2010,CB,24,1986,170,87,Right,55.2,81,4,336,0.23,0.09,0.0,2.98,0.0,87.8,12.6,12.33,25.52,0.34,0.4,0.55,3.88,1.51,3.17,6.21,1,0
676,Pedro Melo,SVN,2010,CDM,21,1989,191,80,Left,20.6,72,3,251,0.24,0.33,0.0,1.43,0.0,88.9,14.7,10.47,4.58,0.66,0.2,0.72,3.25,1.09,5.02,7.32,1,0
677,Joao Almeida,SVN,2010,ST,27,1983,181,67,Right,179.0,88,5,517,1.17,0.46,0.0,0.0,0.0,69.7,1.48,2.42,1.65,1.1,0.1,2.0,14.05,7.59,8.24,9.32,0,0
678,Roberto Rodrigues,SVN,2010,CDM,19,1991,192,73,Right,32.3,70,5,526,0.16,0.24,0.0,0.55,0.0,88.8,12.56,13.19,4.26,0.23,-0.0,0.07,4.81,1.0,2.4,7.23,1,0
679,Arthur Rodrigues,SVN,2010,CM,28,1982,185,80,Right,49.3,72,4,405,0.37,0.19,0.0,0.79,0.0,80.9,8.81,9.17,3.09,0.9,0.3,1.0,5.76,1.04,2.42,6.01,0,0
680,Eduardo Silva,SVN,2010,ST,26,1984,187,83,Left,87.5,87,3,265,1.52,0.34,0.0,0.0,0.0,73.7,1.9,4.33,0.57,0.57,0.0,1.42,11.41,3.48,5.48,7.19,0,0
681,Alexandre Souza,SVN,2010,RW,33,1977,183,86,Right,43.5,70,3,307,0.53,0.63,0.0,0.52,0.0,73.3,2.54,6.0,1.85,2.11,-0.3,0.55,7.57,3.13,10.49,4.73,0,0
682,Ricardo Dias,SVN,2010,GK,26,1984,189,75,Left,41.8,76,4,387,0.0,0.0,18.46,2.22,4.29,87.8,1.31,2.6,3.17,0.0,0.6,-0.35,0.0,0.0,0.0,0.71,0,0
683,Andre Freitas,SVN,2010,RB,21,1989,173,69,Right,82.5,86,3,260,0.37,0.54,0.0,2.07,0.0,80.4,10.71,2.88,7.15,0.63,-0.0,0.33,4.87,2.35,6.9,3.01,1,0
684,Joao Cavalcanti,SVN,2010,CB,25,1985,182,73,Right,44.8,91,3,244,0.26,0.08,0.0,1.87,0.0,88.6,5.63,7.94,25.45,0.4,-0.1,0.54,4.15,0.98,1.5,10.16,1,0
685,Diego Almeida,SVN,2010,CM,32,1978,176,72,Left,13.4,71,2,197,0.41,0.84,0.0,0.91,0.0,87.5,5.32,6.4,5.96,0.27,0.1,0.59,5.43,2.31,7.44,6.88,0,0
686,Alexandre Cardoso,SVN,2010,CB,27,1983,172,70,Right,84.5,85,4,394,0.16,0.06,0.0,3.63,0.0,90.7,9.22,9.18,22.78,0.55,-0.1,-0.04,3.37,1.12,0.92,4.86,1,0
687,Arthur Dias,SVN,2010,LW,22,1988,171,89,Right,57.3,75,2,171,0.73,0.48,0.0,0.54,0.0,80.7,3.01,1.79,2.31,1.69,0.6,1.27,10.5,5.32,14.08,3.86,0,0
688,Lucas Melo,SVN,2010,GK,36,1974,197,80,Right,7.1,74,5,439,0.0,0.0,16.2,1.18,2.37,82.9,1.04,1.99,2.91,0.0,1.0,0.09,0.0,0.0,0.0,0.96,0,0
689,Fernando Silva,SVN,2010,GK,23,1987,196,79,Right,36.8,70,2,208,0.0,0.0,13.74,2.24,2.93,89.9,0.82,2.49,5.9,0.0,0.7,-0.36,0.0,0.0,0.0,1.19,0,0
690,Rodrigo Araujo,SVN,2010,CM,32,1978,192,80,Right,48.6,79,3,232,0.74,0.73,0.0,1.01,0.0,85.6,8.19,7.2,8.05,1.06,-0.0,0.06,4.44,1.45,5.09,6.18,0,0
691,Diego Rocha,PRK,2010,RB,30,1980,182,72,Both,37.4,89,5,428,0.34,0.64,0.0,2.57,0.0,83.2,11.25,5.96,16.24,0.52,-0.3,0.28,5.8,1.56,7.54,6.07,0,0
692,Rodrigo Rodrigues,PRK,2010,CM,22,1988,177,88,Right,38.2,78,3,224,0.39,0.51,0.0,1.19,0.0,90.4,10.91,6.79,7.87,1.1,-0.4,0.55,7.08,1.15,5.59,7.07,0,0
693,Lucas Nascimento,PRK,2010,GK,22,1988,193,87,Left,44.9,67,3,300,0.0,0.0,20.35,2.35,2.98,81.7,0.41,1.74,5.32,0.0,0.1,-0.18,0.0,0.0,0.0,1.31,0,0
694,Carlos Cardoso,PRK,2010,GK,23,1987,187,91,Right,33.5,80,5,413,0.0,0.0,16.62,2.64,2.42,87.5,1.09,2.48,3.54,0.0,0.6,-0.58,0.0,0.0,0.0,0.54,0,0
695,Lucas Almeida,PRK,2010,CB,28,1982,179,89,Both,68.2,78,3,293,0.15,0.06,0.0,1.88,0.0,89.4,7.7,8.33,15.4,0.62,-0.5,0.12,5.33,1.5,1.99,7.84,1,0
696,Ricardo Oliveira,PRK,2010,LW,34,1976,181,81,Left,41.1,82,5,433,0.85,0.45,0.0,0.58,0.0,79.5,3.62,3.89,2.96,1.58,-0.1,1.11,7.02,1.45,19.67,4.87,0,0
697,Fernando Martins,PRK,2010,CB,31,1979,187,67,Left,41.4,83,2,199,0.21,0.08,0.0,2.45,0.0,88.1,9.33,9.04,24.0,0.81,0.5,-0.13,3.88,1.1,2.15,7.99,0,0
698,Ricardo Carvalho,PRK,2010,CAM,28,1982,188,77,Right,51.7,87,3,273,0.79,1.14,0.0,0.63,0.0,89.5,3.62,4.28,1.96,1.07,-0.4,0.98,8.88,3.38,7.38,3.79,0,0
699,Gustavo Rocha,PRK,2010,LW,19,1991,178,87,Right,90.3,85,4,378,0.84,0.15,0.0,0.73,0.0,78.6,3.1,2.7,2.17,1.49,0.2,1.47,11.34,3.77,18.15,4.55,0,0
700,Gabriel Cardoso,PRK,2010,LB,26,1984,177,70,Left,30.6,75,4,347,0.29,0.51,0.0,1.27,0.0,85.9,10.41,6.88,11.27,0.65,0.3,0.79,5.07,1.95,5.51,3.53,0,0
701,Andre Rocha,PRK,2010,RW,27,1983,170,81,Right,49.5,82,3,277,0.86,0.91,0.0,0.54,0.0,79.6,2.32,2.25,2.32,1.45,0.3,1.28,13.91,3.56,18.0,3.94,0,0
702,Paulo Cavalcanti,PRK,2010,ST,30,1980,186,79,Right,66.5,68,3,267,0.54,0.41,0.0,0.0,0.0,74.7,2.95,3.87,0.78,0.91,-0.0,0.92,11.48,4.94,6.8,11.57,0,0
703,Heitor Rocha,PRK,2010,CDM,20,1990,187,76,Right,36.9,75,4,376,0.2,0.38,0.0,0.82,0.0,89.2,16.28,14.68,8.6,0.48,0.3,0.23,4.6,0.74,3.52,7.06,1,0
704,Andre Martins,PRK,2010,CDM,25,1985,170,73,Left,37.1,74,4,387,0.22,0.32,0.0,1.11,0.0,91.2,15.14,12.72,6.0,0.61,0.1,0.84,2.01,1.21,2.75,9.11,0,0
705,Arthur Ribeiro,PRK,2010,ST,33,1977,183,67,Right,60.2,87,3,276,1.29,0.44,0.0,0.0,0.0,67.7,1.6,3.0,0.95,0.97,-0.4,1.54,11.52,3.74,9.67,10.01,0,0
706,Arthur Araujo,PRK,2010,LB,20,1990,170,88,Right,26.3,94,4,358,0.43,0.38,0.0,2.39,0.0,86.6,9.83,7.32,4.68,0.91,0.6,0.33,3.67,2.65,8.32,6.83,0,0
707,Ricardo Carvalho,PRK,2010,CB,20,1990,193,82,Left,85.5,88,3,309,0.25,0.11,0.0,2.28,0.0,88.3,3.85,9.72,19.77,0.31,-0.2,0.46,3.42,0.79,2.48,2.99,1,0
708,Andre Freitas,PRK,2010,CM,27,1983,186,78,Right,22.4,74,5,461,0.43,0.64,0.0,0.97,0.0,87.8,9.96,12.72,4.74,0.26,-0.1,0.79,5.94,2.59,7.9,7.05,0,0
709,Joao Melo,PRK,2010,RB,30,1980,172,65,Left,81.3,81,3,298,0.28,0.75,0.0,2.1,0.0,82.1,12.07,10.48,12.59,0.62,0.5,0.55,3.99,1.54,2.48,4.86,0,0
710,Heitor Souza,PRK,2010,CM,25,1985,193,68,Right,17.5,78,5,502,0.57,0.5,0.0,1.1,0.0,90.5,8.14,8.01,4.16,1.13,-0.6,0.76,4.63,2.29,7.14,6.15,0,0
711,Leonardo Gomes,PRK,2010,GK,37,1973,184,84,Right,5.9,69,4,380,0.0,0.0,14.26,1.28,2.93,86.3,0.79,2.08,4.52,0.0,0.3,-0.02,0.0,0.0,0.0,1.38,0,0
712,Felipe Silva,PRK,2010,RW,23,1987,189,84,Right,30.0,84,3,250,0.61,1.14,0.0,0.57,0.0,75.0,4.07,6.07,2.54,1.32,-0.3,0.97,15.19,3.84,14.84,4.71,0,0
713,Paulo Monteiro,PRK,2010,CB,24,1986,186,86,Right,53.4,86,4,313,0.14,0.13,0.0,1.64,0.0,87.7,7.83,12.22,21.14,0.43,0.5,0.7,4.55,1.61,0.84,5.58,1,0
714,Diego Almeida,MAR,2010,CM,28,1982,187,68,Right,15.8,68,3,279,0.35,0.48,0.0,1.26,0.0,87.5,8.06,6.77,5.09,0.65,-0.2,-0.31,6.81,1.57,9.43,7.32,1,0
715,Bruno Rocha,MAR,2010,GK,34,1976,189,91,Right,13.7,70,3,315,0.0,0.0,11.68,2.29,3.32,88.0,0.93,2.7,4.2,0.0,0.3,-0.19,0.0,0.0,0.0,1.04,0,0
716,Lucas Cavalcanti,MAR,2010,CB,29,1981,189,65,Right,50.6,70,1,164,0.25,0.14,0.0,2.33,0.0,90.1,8.54,3.27,20.7,0.5,-0.2,0.51,3.97,0.89,2.09,4.98,1,0
717,Eduardo Rodrigues,MAR,2010,CB,36,1974,177,79,Right,21.5,85,3,274,0.18,0.09,0.0,1.77,0.0,88.7,10.86,9.09,20.32,0.04,-0.4,0.18,3.0,1.37,2.15,6.16,1,0
718,Vinicius Gomes,MAR,2010,LB,29,1981,187,86,Left,100.0,88,2,179,0.28,0.32,0.0,2.54,0.0,81.7,8.88,7.48,13.54,1.16,-0.0,0.32,3.55,3.21,5.66,3.02,1,0
719,Fernando Barbosa,MAR,2010,ST,19,1991,173,70,Right,74.0,80,4,406,0.88,0.51,0.0,0.0,0.0,77.5,1.75,2.7,0.57,0.85,-0.1,1.38,6.95,4.19,12.22,7.95,0,0
720,Diego Cardoso,MAR,2010,CDM,21,1989,177,85,Right,61.0,78,1,120,0.21,0.34,0.0,0.91,0.0,87.4,16.9,2.62,12.26,0.62,0.3,1.03,3.97,1.02,4.05,9.69,1,0
721,Andre Santos,MAR,2010,GK,28,1982,199,88,Left,59.8,78,3,293,0.0,0.0,9.56,2.26,1.47,84.0,0.92,1.32,8.3,0.0,0.8,0.18,0.0,0.0,0.0,0.73,0,0
722,Matheus Gomes,MAR,2010,LB,34,1976,184,74,Right,52.4,92,4,355,0.25,0.58,0.0,2.93,0.0,82.5,14.15,9.47,3.12,0.82,0.3,0.45,3.08,2.45,8.21,4.84,0,0
723,Marcelo Cardoso,MAR,2010,LW,31,1979,177,88,Left,26.8,66,2,257,0.34,0.21,0.0,0.41,0.0,73.7,3.62,6.42,3.02,1.31,-0.4,0.86,9.34,4.08,11.58,4.49,0,0
724,Gabriel Almeida,MAR,2010,ST,27,1983,178,85,Right,107.2,80,4,353,0.45,0.42,0.0,0.0,0.0,64.2,3.44,2.79,1.28,0.57,0.1,1.74,9.91,5.97,9.31,7.5,0,0
725,Ricardo Almeida,MAR,2010,RW,32,1978,179,78,Right,43.8,67,5,453,0.48,0.35,0.0,0.6,0.0,80.2,3.55,2.28,2.01,1.88,0.3,0.44,9.4,3.82,11.95,6.13,0,0
726,Heitor Lima,MAR,2010,RB,22,1988,185,83,Both,29.6,87,3,249,0.3,0.53,0.0,2.07,0.0,80.6,14.32,8.22,10.7,0.84,-0.0,0.21,6.17,1.31,7.3,2.91,0,0
727,Thiago Silva,MAR,2010,CB,30,1980,180,85,Right,64.5,82,4,294,0.21,0.12,0.0,1.94,0.0,82.7,9.61,5.27,12.56,0.51,0.2,0.36,4.28,1.11,2.45,5.13,0,0
728,Pedro Cavalcanti,MAR,2010,GK,31,1979,187,78,Left,13.4,76,5,421,0.0,0.0,12.24,1.02,2.43,84.4,1.23,2.13,2.18,0.0,-0.1,-0.37,0.0,0.0,0.0,1.0,0,0
729,Ricardo Ribeiro,MAR,2010,LW,36,1974,181,89,Right,48.7,89,2,240,0.83,0.69,0.0,0.42,0.0,79.2,2.55,4.16,1.64,1.89,0.1,0.88,8.2,1.65,20.52,3.22,0,0
730,Roberto Freitas,MAR,2010,CAM,32,1978,179,82,Left,62.6,82,3,312,1.01,0.67,0.0,0.43,0.0,85.6,6.01,4.92,2.6,1.09,-0.2,0.74,10.83,1.4,7.15,4.42,0,0
731,Vinicius Souza,MAR,2010,RW,34,1976,189,80,Right,71.2,83,3,306,0.84,0.68,0.0,0.41,0.0,77.5,3.02,3.42,1.47,0.33,-0.6,1.33,4.74,2.51,10.65,1.79,0,0
732,Leonardo Cavalcanti,MAR,2010,RB,28,1982,182,89,Right,65.2,94,2,252,0.3,0.65,0.0,1.8,0.0,79.3,12.67,3.71,9.48,1.19,-0.2,0.35,3.29,2.93,7.24,3.89,0,0
733,Rodrigo Carvalho,MAR,2010,CM,22,1988,178,79,Right,20.1,75,3,268,0.15,0.58,0.0,0.82,0.0,81.8,9.01,11.75,2.42,0.57,0.4,0.42,8.15,1.47,11.1,9.15,0,0
734,Lucas Araujo,MAR,2010,CM,36,1974,171,72,Right,11.0,66,5,463,0.32,0.52,0.0,0.89,0.0,84.5,5.35,6.15,3.01,1.01,-0.2,0.3,7.97,2.52,6.87,6.57,1,0
735,Arthur Mendes,MAR,2010,CB,23,1987,187,73,Both,21.8,69,4,316,0.23,0.13,0.0,0.79,0.0,86.7,10.02,7.41,44.56,0.52,-0.1,0.19,4.21,1.15,1.79,5.89,1,0
736,Fernando Cardoso,MAR,2010,CDM,22,1988,172,77,Right,36.9,78,2,194,0.17,0.34,0.0,1.15,0.0,99.3,13.66,12.78,9.19,0.64,-0.2,0.17,4.98,0.96,4.08,9.19,0,0
737,Neuer,GER,2014,CB,29,1985,173,69,Both,28.4,81,2,208,0.15,0.12,0.0,2.14,0.0,90.3,8.88,11.69,35.12,0.61,0.2,0.47,3.18,1.52,1.95,6.62,0,0
738,Muller,GER,2014,CB,24,1990,175,82,Right,26.5,82,4,376,0.18,0.06,0.0,2.64,0.0,87.1,11.09,10.44,23.87,0.56,0.3,-0.18,2.82,1.23,2.64,3.6,1,0
739,Gnabry,GER,2014,RW,20,1994,193,80,Right,21.8,71,5,389,0.97,0.9,0.0,0.41,0.0,75.5,2.43,4.06,3.34,0.92,-0.0,0.59,5.7,2.26,6.18,6.34,0,0
740,Kimmich,GER,2014,LB,20,1994,170,77,Left,60.9,82,3,279,0.31,0.52,0.0,2.24,0.0,84.6,14.36,7.67,14.72,1.38,-0.1,-0.01,5.35,1.76,6.81,5.8,0,0
741,Goretzka,GER,2014,CM,19,1995,193,89,Right,48.7,64,2,236,0.33,0.81,0.0,0.92,0.0,91.3,3.39,4.46,3.05,0.98,-0.4,0.24,6.53,2.42,8.14,8.53,1,0
742,Hummels,GER,2014,ST,23,1991,189,84,Left,46.7,83,3,325,1.22,0.12,0.0,0.0,0.0,74.7,1.28,3.28,0.72,1.59,0.1,1.17,12.48,9.09,3.88,7.25,0,0
743,Rudiger,GER,2014,CDM,25,1989,174,89,Right,37.3,71,3,275,0.18,0.29,0.0,1.22,0.0,88.2,10.69,12.99,10.09,0.42,-0.4,0.16,4.05,1.24,3.44,8.42,1,0
744,Sule,GER,2014,ST,22,1992,177,78,Right,79.4,81,0,0,1.51,0.31,0.0,0.0,0.0,66.1,2.42,3.06,1.23,0.88,-0.4,0.92,12.73,4.63,8.99,8.52,0,0
745,Gosens,GER,2014,LW,29,1985,182,74,Right,31.3,75,4,377,0.69,0.77,0.0,0.45,0.0,78.5,2.8,3.19,2.66,0.96,0.4,0.72,10.55,3.1,17.44,6.59,0,0
746,Havertz,GER,2014,CB,22,1992,179,79,Right,41.7,84,3,281,0.16,0.06,0.0,1.92,0.0,87.7,8.63,10.28,35.02,0.5,0.1,0.44,2.58,1.04,1.72,4.98,1,0
747,Sané,GER,2014,CDM,35,1979,194,66,Right,21.6,81,6,502,0.2,0.35,0.0,1.43,0.0,86.2,16.99,12.96,8.46,0.44,-0.1,0.08,3.5,0.88,4.04,7.23,0,0
748,Werner,GER,2014,LB,19,1995,181,83,Left,16.4,86,3,351,0.36,0.48,0.0,2.07,0.0,85.9,10.32,8.54,13.33,0.58,0.0,0.07,2.26,2.43,7.15,5.19,0,0
749,Ginter,GER,2014,RB,32,1982,192,88,Left,73.4,89,3,282,0.16,0.56,0.0,2.12,0.0,82.0,7.12,9.08,5.82,0.9,0.3,0.64,3.97,1.19,5.51,7.02,0,0
750,Kehrer,GER,2014,CM,26,1988,172,79,Left,36.0,68,2,208,0.35,0.39,0.0,0.88,0.0,91.9,9.42,9.09,3.73,1.14,0.3,0.41,7.78,1.0,9.13,3.44,0,0
751,Trapp,GER,2014,GK,21,1993,199,86,Left,37.1,79,4,348,0.0,0.0,25.6,2.81,1.96,88.5,1.24,1.7,5.53,0.0,0.3,0.13,0.0,0.0,0.0,1.2,0,0
752,Ter Stegen,GER,2014,RW,35,1979,172,84,Right,22.6,75,4,356,0.61,0.39,0.0,0.69,0.0,76.4,3.06,1.15,1.26,2.24,0.1,0.85,11.45,5.12,7.82,4.68,0,0
753,Brandt,GER,2014,CM,35,1979,180,68,Left,23.4,73,3,296,0.53,0.79,0.0,0.97,0.0,88.1,5.78,6.48,6.85,0.88,0.2,0.3,9.94,2.05,8.14,3.99,0,0
754,Reus,GER,2014,LW,34,1980,187,77,Left,82.0,79,4,363,0.67,0.91,0.0,0.59,0.0,77.5,3.06,4.1,2.9,1.22,-0.3,0.8,10.39,2.93,12.99,8.39,0,0
755,Can,GER,2014,CAM,30,1984,193,65,Left,111.7,79,4,366,0.64,1.38,0.0,0.51,0.0,80.4,3.35,6.99,2.11,1.18,-0.7,0.86,8.65,2.82,8.18,4.41,0,0
756,Schlotterbeck,GER,2014,CB,31,1983,177,80,Right,82.1,87,4,346,0.19,0.07,0.0,2.28,0.0,88.5,5.96,7.49,20.64,0.6,0.0,0.2,3.47,0.84,2.76,5.76,0,0
757,Adeyemi,GER,2014,GK,23,1991,189,90,Right,57.9,89,3,321,0.0,0.0,18.16,3.1,3.87,87.3,1.1,1.72,6.14,0.0,0.1,0.74,0.0,0.0,0.0,0.79,0,0
758,Musiala,GER,2014,RB,37,1977,170,78,Right,11.4,77,3,300,0.32,0.43,0.0,1.28,0.0,82.8,5.77,7.13,11.2,0.76,-0.1,0.19,6.24,1.89,5.06,5.58,0,0
759,Wirtz,GER,2014,GK,22,1992,198,81,Left,16.6,65,3,303,0.0,0.0,24.09,0.79,4.35,84.5,1.12,2.27,5.12,0.0,0.7,-0.02,0.0,0.0,0.0,1.5,0,0
760,Messi,ARG,2014,CB,33,1981,177,66,Right,19.3,72,4,373,0.07,0.09,0.0,1.76,0.0,86.2,6.25,11.12,37.18,0.78,-0.6,-0.07,4.86,1.33,2.77,3.54,1,0
761,Di Maria,ARG,2014,ST,34,1980,179,79,Left,82.0,92,3,326,1.07,0.41,0.0,0.0,0.0,70.6,2.24,2.66,0.4,0.43,0.2,1.25,13.04,6.42,6.9,9.99,0,0
762,Martinez,ARG,2014,RW,31,1983,172,84,Right,74.1,65,6,547,0.74,0.64,0.0,0.62,0.0,81.7,3.1,4.95,1.64,0.94,-0.3,0.52,14.62,5.11,12.64,5.42,0,0
763,Otamendi,ARG,2014,CM,29,1985,171,82,Left,47.7,76,3,281,0.53,0.69,0.0,0.91,0.0,87.1,9.13,7.22,9.31,0.61,-0.2,0.09,5.03,2.29,9.88,6.59,0,0
764,De Paul,ARG,2014,LW,35,1979,171,74,Right,43.1,77,3,330,0.54,0.7,0.0,0.45,0.0,78.8,3.3,1.96,2.48,1.77,-0.2,0.36,11.06,6.73,16.95,5.42,0,0
765,Paredes,ARG,2014,CB,27,1987,171,69,Right,48.6,68,4,378,0.12,0.05,0.0,1.95,0.0,84.3,6.4,3.98,27.28,0.5,0.4,0.09,5.32,1.66,2.6,7.14,1,0
766,Lo Celso,ARG,2014,CB,37,1977,182,82,Right,35.1,84,4,325,0.23,0.14,0.0,1.03,0.0,84.3,9.55,10.99,25.71,0.4,-0.0,0.6,4.11,1.56,1.91,7.03,0,0
767,Lautaro,ARG,2014,CAM,19,1995,194,81,Right,53.6,86,4,398,0.65,0.46,0.0,0.58,0.0,80.7,5.78,4.09,1.6,1.28,0.1,1.3,10.62,1.64,6.65,4.12,0,0
768,Alvarez,ARG,2014,LW,36,1978,186,73,Left,29.2,76,2,219,0.79,0.74,0.0,0.43,0.0,73.8,2.67,2.67,1.82,1.28,0.5,1.1,9.07,2.97,16.55,5.3,0,0
769,Tagliafico,ARG,2014,LB,33,1981,193,88,Left,64.1,87,5,426,0.33,0.32,0.0,1.3,0.0,84.6,7.15,11.81,10.8,0.85,0.1,0.92,4.89,2.68,3.78,3.31,0,0
770,Molina,ARG,2014,CB,30,1984,189,66,Both,70.5,73,2,182,0.19,0.08,0.0,1.97,0.0,86.0,7.95,14.8,29.22,0.52,-0.0,0.11,2.36,0.82,1.3,7.32,1,0
771,Acuna,ARG,2014,ST,26,1988,174,66,Right,109.3,94,5,430,1.25,0.4,0.0,0.0,0.0,75.5,1.69,2.53,1.2,1.03,-0.1,1.36,10.16,9.21,6.01,7.11,0,0
772,Montiel,ARG,2014,RW,25,1989,194,66,Left,17.1,76,4,368,0.71,0.35,0.0,0.68,0.0,76.0,2.31,2.87,3.32,0.68,-0.4,0.81,7.74,6.3,8.73,6.65,0,0
773,Pezzella,ARG,2014,CDM,36,1978,170,86,Right,16.6,64,1,171,0.22,0.43,0.0,0.82,0.0,83.8,8.14,11.77,4.96,0.21,-0.0,-0.25,2.82,0.67,2.6,9.47,1,0
774,Gonzalez,ARG,2014,GK,27,1987,197,82,Both,42.4,84,5,443,0.0,0.0,14.79,1.93,3.9,84.0,1.04,1.74,6.0,0.0,0.7,0.27,0.0,0.0,0.0,1.6,0,0
775,Correa,ARG,2014,RB,29,1985,170,71,Right,40.7,92,3,289,0.18,0.51,0.0,2.6,0.0,87.0,10.46,5.69,10.06,0.6,-0.3,0.54,7.04,2.67,3.01,2.41,0,0
776,Dybala,ARG,2014,GK,29,1985,186,82,Right,38.0,75,3,298,0.0,0.0,16.87,2.56,3.08,87.6,0.84,1.6,3.2,0.0,0.9,0.23,0.0,0.0,0.0,0.34,0,0
777,Rulli,ARG,2014,CDM,31,1983,173,67,Left,35.7,77,5,438,0.15,0.41,0.0,0.74,0.0,86.4,3.84,12.63,10.76,0.53,0.1,0.22,1.54,1.35,1.23,7.45,1,0
778,Armani,ARG,2014,RB,22,1992,178,65,Right,58.2,78,1,108,0.44,0.44,0.0,1.51,0.0,82.1,8.94,8.64,10.32,1.11,-0.2,0.67,4.8,1.98,6.12,4.25,0,0
779,Foyth,ARG,2014,CM,35,1979,172,88,Right,42.3,77,3,315,0.43,0.52,0.0,0.67,0.0,83.1,7.26,9.88,4.32,0.99,0.8,0.61,6.25,0.99,7.53,9.48,0,0
780,Palacios,ARG,2014,LB,32,1982,177,84,Both,49.4,84,3,295,0.09,0.35,0.0,1.95,0.0,79.5,11.66,8.43,9.94,0.58,-0.5,0.41,3.1,2.31,6.4,4.19,0,0
781,Almada,ARG,2014,GK,33,1981,190,92,Right,32.7,92,3,242,0.0,0.0,13.46,3.59,2.51,86.6,1.22,1.86,6.05,0.0,0.9,0.01,0.0,0.0,0.0,0.73,0,0
782,Carboni,ARG,2014,CM,20,1994,175,71,Right,30.1,80,3,261,0.56,0.6,0.0,1.39,0.0,88.5,9.83,7.37,3.34,0.77,0.5,0.13,5.65,1.32,9.47,4.59,0,0
783,Van Dijk,NED,2014,RB,28,1986,182,73,Right,69.1,81,2,208,0.35,0.27,0.0,2.28,0.0,83.7,10.83,6.54,9.69,0.78,-0.3,0.37,2.32,0.95,7.26,4.74,0,0
784,De Jong,NED,2014,ST,22,1992,176,66,Right,88.1,83,2,218,1.74,0.41,0.0,0.0,0.0,72.5,2.14,1.97,1.26,0.86,-0.3,1.37,11.88,6.0,10.48,7.37,0,0
785,Depay,NED,2014,ST,23,1991,172,74,Right,95.1,82,3,270,1.12,0.46,0.0,0.0,0.0,68.8,0.0,3.2,0.65,1.11,-0.4,1.83,10.79,7.69,7.83,11.76,0,0
786,De Ligt,NED,2014,CB,32,1982,173,79,Both,54.0,78,2,194,0.29,0.1,0.0,1.95,0.0,85.9,8.48,8.78,24.21,0.42,0.4,0.52,4.83,0.65,2.3,5.85,1,0
787,Wijnaldum,NED,2014,RW,19,1995,170,75,Right,80.1,83,4,301,0.58,1.05,0.0,0.43,0.0,80.0,2.56,2.67,1.75,1.25,-0.1,0.61,11.51,3.83,16.6,7.51,0,0
788,Blind,NED,2014,CM,20,1994,178,76,Both,41.7,85,6,435,0.49,0.4,0.0,1.43,0.0,86.7,7.03,4.09,7.12,0.74,-0.1,0.71,6.58,1.73,8.02,7.73,0,0
789,Dumfries,NED,2014,CM,33,1981,185,73,Right,35.9,74,4,313,0.5,0.47,0.0,1.0,0.0,87.9,10.66,9.96,5.71,0.52,0.2,0.54,6.73,1.57,5.0,2.02,1,0
790,Berghuis,NED,2014,CB,24,1990,184,89,Right,29.3,82,2,207,0.26,0.1,0.0,2.54,0.0,83.9,9.4,14.34,26.63,0.6,0.3,0.03,5.01,0.85,2.33,4.28,1,0
791,Gakpo,NED,2014,CAM,19,1995,181,86,Left,25.1,80,2,244,0.9,0.95,0.0,0.08,0.0,82.6,4.78,4.28,1.62,0.99,0.1,1.05,9.16,3.66,11.43,6.21,0,0
792,Koopmeiners,NED,2014,CB,31,1983,173,73,Right,79.8,95,3,311,0.05,0.11,0.0,2.48,0.0,90.4,8.42,8.82,22.12,0.54,-0.2,0.28,6.03,1.41,3.12,4.92,0,0
793,Timber,NED,2014,LB,36,1978,187,89,Right,25.1,86,5,423,0.3,0.36,0.0,2.23,0.0,79.2,12.11,11.01,9.26,0.45,-0.3,0.14,5.81,2.43,8.48,5.64,0,0
794,Frimpong,NED,2014,RW,26,1988,185,84,Right,47.6,82,4,406,0.81,0.9,0.0,0.18,0.0,83.1,2.24,4.32,1.52,1.5,-0.0,0.97,8.56,2.17,10.08,7.16,0,0
795,Simons,NED,2014,LB,21,1993,194,75,Right,52.9,88,2,207,0.24,0.17,0.0,1.94,0.0,81.7,7.28,14.92,6.97,0.66,0.1,1.22,6.25,3.13,4.37,4.6,0,0
796,Veerman,NED,2014,LW,31,1983,183,76,Left,58.4,82,4,320,0.87,0.7,0.0,0.34,0.0,78.9,2.16,4.87,1.21,0.67,0.1,1.26,12.42,4.34,10.88,4.96,0,0
797,Reijnders,NED,2014,LW,20,1994,190,80,Right,110.5,93,2,241,0.82,1.21,0.0,0.43,0.0,82.4,3.18,3.55,1.82,1.17,0.2,1.26,10.35,2.94,16.58,3.69,0,0
798,Geertruida,NED,2014,GK,19,1995,192,83,Left,36.3,71,3,295,0.0,0.0,13.6,1.73,2.86,94.5,0.79,2.27,4.75,0.0,-0.0,-0.09,0.0,0.0,0.0,1.25,0,0
799,Hartog,NED,2014,CDM,26,1988,189,82,Both,18.4,77,4,346,0.34,0.38,0.0,0.99,0.0,90.1,9.71,15.71,5.8,0.64,0.0,0.54,5.79,0.9,5.04,8.51,1,0
800,Flekken,NED,2014,CM,27,1987,185,87,Right,67.7,67,4,389,0.57,0.26,0.0,1.1,0.0,86.7,9.71,8.57,4.26,0.78,0.4,0.8,5.19,2.42,5.94,5.63,0,0
801,Verbruggen,NED,2014,CDM,26,1988,190,74,Right,75.3,74,3,258,0.19,0.35,0.0,0.7,0.0,94.4,16.09,15.81,9.12,0.33,0.1,0.65,2.42,1.17,2.68,10.18,0,0
802,Baas,NED,2014,RB,33,1981,183,89,Right,99.4,95,4,293,0.21,0.68,0.0,2.8,0.0,81.8,12.51,8.64,9.57,0.62,0.3,0.62,3.25,3.03,7.34,3.79,0,0
803,Hato,NED,2014,GK,35,1979,193,92,Left,31.2,74,4,442,0.0,0.0,19.13,1.98,2.92,80.6,1.16,2.64,3.52,0.0,0.7,0.1,0.0,0.0,0.0,1.27,0,0
804,Klaassen,NED,2014,CB,32,1982,185,79,Right,92.7,95,3,255,0.11,0.14,0.0,3.1,0.0,85.6,10.31,7.13,22.88,0.32,0.5,0.71,2.41,1.67,1.02,2.8,0,0
805,Malen,NED,2014,GK,21,1993,185,83,Right,40.7,80,4,373,0.0,0.0,9.67,1.6,3.72,84.7,1.73,1.45,6.63,0.0,0.7,0.37,0.0,0.0,0.0,1.25,0,0
806,Neymar,BRA,2014,RW,21,1993,180,71,Right,21.2,78,3,261,0.62,0.47,0.0,0.56,0.0,73.1,2.59,1.58,2.97,2.23,-0.1,0.95,9.55,3.29,13.94,4.89,0,0
807,Vinicius Jr,BRA,2014,CB,35,1979,193,80,Right,62.4,79,6,480,0.17,0.12,0.0,2.13,0.0,82.0,12.21,13.05,18.75,0.22,-0.0,0.3,1.87,0.9,1.99,4.9,0,0
808,Alisson,BRA,2014,CB,26,1988,176,82,Right,63.4,73,3,246,0.29,0.11,0.0,1.55,0.0,87.6,8.59,8.09,13.6,0.51,0.2,0.27,3.63,0.78,1.51,9.56,0,0
809,Thiago Silva,BRA,2014,GK,36,1978,189,78,Right,55.1,86,3,319,0.0,0.0,16.49,2.45,4.15,90.3,1.14,2.57,3.46,0.0,0.7,0.46,0.0,0.0,0.0,0.96,0,0
810,Casemiro,BRA,2014,GK,24,1990,191,90,Right,12.0,66,3,295,0.0,0.0,10.94,0.75,3.81,82.5,1.22,2.25,4.0,0.0,0.6,-0.14,0.0,0.0,0.0,1.25,0,0
811,Marquinhos,BRA,2014,CDM,37,1977,189,65,Left,17.4,75,3,315,0.2,0.33,0.0,1.1,0.0,87.5,15.0,7.37,4.17,0.4,0.4,0.21,4.21,0.48,3.04,7.24,1,0
812,Richarlison,BRA,2014,LW,30,1984,174,80,Left,80.8,71,3,247,0.81,0.64,0.0,0.53,0.0,76.4,4.67,2.69,2.3,1.38,0.1,0.67,12.07,4.42,12.63,3.43,0,0
813,Rodrygo,BRA,2014,ST,32,1982,171,76,Right,151.7,85,4,365,1.81,0.28,0.0,0.0,0.0,71.4,2.48,2.98,0.84,0.44,0.1,1.68,12.27,5.32,2.05,8.87,0,0
814,Lucas Paqueta,BRA,2014,CB,19,1995,185,88,Right,34.5,64,4,391,0.28,0.09,0.0,1.32,0.0,84.6,10.09,8.79,27.78,0.74,-0.1,-0.3,3.3,0.87,1.86,5.57,1,0
815,Ederson,BRA,2014,CDM,37,1977,181,76,Right,21.3,66,4,333,0.29,0.37,0.0,0.94,0.0,92.5,9.41,5.95,10.46,0.64,0.1,-0.12,3.41,0.85,3.9,6.88,0,0
816,Danilo,BRA,2014,GK,33,1981,189,78,Left,32.9,77,3,320,0.0,0.0,9.25,2.29,2.39,88.0,0.93,2.17,6.62,0.0,1.1,-0.06,0.0,0.0,0.0,0.41,0,0
817,Alex Sandro,BRA,2014,CAM,19,1995,188,68,Left,61.3,76,6,555,0.5,1.06,0.0,0.4,0.0,78.7,4.25,5.32,1.05,0.51,-0.1,0.95,12.69,1.75,12.83,3.56,0,0
818,Fabinho,BRA,2014,CB,19,1995,187,83,Right,47.4,75,3,304,0.23,0.07,0.0,1.5,0.0,90.3,6.52,8.19,29.43,0.48,-0.1,0.09,5.24,0.83,2.48,9.29,0,0
819,Fred,BRA,2014,RB,32,1982,175,77,Both,41.9,99,3,234,0.42,0.5,0.0,3.28,0.0,82.6,5.74,5.66,12.88,0.69,-0.4,0.21,4.56,1.96,4.17,5.17,0,0
820,Militao,BRA,2014,CM,35,1979,175,78,Right,19.9,72,1,128,0.34,0.59,0.0,1.14,0.0,85.6,6.15,6.96,3.78,0.97,-0.2,0.62,7.91,2.55,8.38,5.33,0,0
821,Bremer,BRA,2014,CM,24,1990,191,87,Right,34.4,63,3,267,0.34,0.5,0.0,0.74,0.0,90.5,6.37,9.03,6.7,0.81,-0.2,0.28,6.87,1.33,7.89,4.17,0,0
822,Gabriel Jesus,BRA,2014,CM,28,1986,180,76,Right,14.9,66,3,262,0.44,0.54,0.0,1.41,0.0,83.6,9.79,10.63,4.65,0.78,-0.5,0.07,7.42,2.71,4.52,7.27,0,0
823,Gabriel Martinelli,BRA,2014,RW,31,1983,170,86,Right,14.9,74,5,495,0.66,0.51,0.0,0.83,0.0,78.1,1.51,5.87,2.71,1.16,-0.1,0.57,8.4,2.05,15.71,3.4,0,0
824,Bruno Guimaraes,BRA,2014,LB,22,1992,194,67,Right,42.0,78,5,437,0.31,0.34,0.0,1.8,0.0,80.9,4.33,11.43,7.31,0.52,-0.3,0.07,3.83,2.37,6.91,3.55,0,0
825,Eder Militao,BRA,2014,ST,25,1989,194,67,Right,56.6,92,3,238,1.06,0.65,0.0,0.0,0.0,78.4,1.9,3.54,0.95,1.39,0.5,1.67,13.22,7.34,7.83,6.32,0,0
826,Weverton,BRA,2014,LB,37,1977,178,74,Right,45.2,66,6,461,0.28,0.59,0.0,1.62,0.0,82.0,12.1,9.37,9.77,0.62,-0.1,0.2,5.72,1.03,7.14,5.75,0,0
827,Alex Telles,BRA,2014,RB,24,1990,191,74,Left,37.9,79,3,261,0.51,0.72,0.0,0.76,0.0,81.6,13.49,9.51,9.53,0.96,0.2,0.36,4.97,1.46,7.13,2.33,0,0
828,Renan Lodi,BRA,2014,LW,37,1977,184,72,Right,29.6,70,4,356,0.38,0.91,0.0,0.71,0.0,78.9,2.85,4.62,3.48,1.75,-0.3,1.36,13.11,4.09,7.51,4.11,0,0
829,James,COL,2014,CB,28,1986,192,79,Right,72.8,81,2,215,0.19,0.06,0.0,2.35,0.0,88.9,13.88,6.45,31.88,0.48,-0.5,0.28,1.49,0.89,1.49,6.69,0,0
830,Falcao,COL,2014,CAM,28,1986,179,88,Right,38.3,68,5,456,0.37,0.27,0.0,0.76,0.0,82.9,3.98,5.53,2.38,1.13,0.0,0.49,9.27,4.08,8.87,4.45,0,0
831,Cuadrado,COL,2014,CB,24,1990,172,82,Right,31.3,91,3,282,0.3,0.1,0.0,2.3,0.0,83.1,12.18,9.5,47.98,0.46,-0.0,0.74,4.19,1.75,1.62,4.28,1,0
832,Ospina,COL,2014,CM,24,1990,185,78,Right,14.4,78,2,211,0.44,0.22,0.0,1.31,0.0,87.0,10.74,4.78,6.49,0.72,-0.9,0.2,6.48,1.55,5.62,8.12,0,0
833,Mina,COL,2014,ST,34,1980,188,84,Both,37.0,82,3,278,1.49,0.27,0.0,0.0,0.0,71.1,1.95,2.75,1.16,1.0,-0.5,0.66,8.03,4.97,4.49,6.53,0,0
834,Sanchez,COL,2014,LW,32,1982,171,87,Both,50.4,77,2,225,0.28,0.85,0.0,0.45,0.0,75.6,2.85,3.57,2.32,1.66,0.0,0.81,7.95,3.07,12.92,5.96,0,0
835,Diaz,COL,2014,LW,23,1991,186,72,Right,35.6,89,4,318,0.89,0.47,0.0,0.73,0.0,78.1,4.19,4.25,2.26,2.06,0.1,0.97,11.68,6.14,21.34,8.0,0,0
836,Quintero,COL,2014,CM,23,1991,173,70,Right,11.2,67,6,540,0.49,0.57,0.0,1.07,0.0,86.8,6.14,8.41,6.33,0.62,-0.0,0.64,8.04,2.01,9.96,4.39,0,0
837,Borja,COL,2014,CB,34,1980,174,78,Left,80.6,73,4,374,0.27,0.07,0.0,2.54,0.0,87.7,8.86,7.74,29.61,0.56,-0.4,0.28,1.51,1.03,1.42,4.48,1,0
838,Muriel,COL,2014,CM,30,1984,190,74,Right,25.2,76,2,246,0.33,0.53,0.0,1.24,0.0,84.8,4.08,10.9,6.57,0.96,0.0,0.61,8.14,1.48,6.56,7.09,0,0
839,Mojica,COL,2014,LB,31,1983,181,87,Right,49.9,80,3,290,0.29,0.48,0.0,1.72,0.0,78.0,8.34,7.29,10.28,0.87,0.5,0.18,1.91,2.38,6.22,4.5,0,0
840,Lerma,COL,2014,RB,26,1988,172,66,Right,81.0,83,6,473,0.49,0.4,0.0,2.03,0.0,81.9,8.26,7.33,10.42,0.92,-0.5,0.46,3.59,1.96,4.11,2.98,0,0
841,Uribe,COL,2014,GK,31,1983,191,82,Right,13.3,79,2,234,0.0,0.0,25.87,2.59,1.64,85.1,0.91,1.4,5.12,0.0,0.6,-0.17,0.0,0.0,0.0,1.4,0,0
842,Moreno,COL,2014,CDM,21,1993,181,71,Right,29.8,75,3,285,0.27,0.33,0.0,1.06,0.0,91.2,13.41,10.36,4.9,0.4,0.2,0.14,3.73,0.86,3.69,6.44,1,0
843,Duran,COL,2014,RW,34,1980,190,71,Right,53.3,71,3,348,0.4,0.74,0.0,0.53,0.0,80.7,3.46,3.64,1.37,0.85,-0.2,0.43,5.62,5.87,17.22,1.65,0,0
844,Sinisterra,COL,2014,GK,23,1991,199,76,Right,20.4,68,5,390,0.0,0.0,11.14,1.72,2.74,80.8,0.82,3.06,6.17,0.0,0.6,-0.25,0.0,0.0,0.0,1.0,0,0
845,Asprilla,COL,2014,RW,28,1986,182,70,Both,56.1,66,2,158,0.66,0.47,0.0,0.83,0.0,75.2,3.15,4.55,1.98,1.0,-0.3,0.82,7.47,3.94,11.01,3.52,0,0
846,Montoya,COL,2014,LB,30,1984,188,77,Left,122.1,96,3,329,0.4,0.58,0.0,3.11,0.0,81.2,10.34,8.59,12.36,0.57,0.5,0.39,7.95,2.12,7.05,6.81,0,0
847,Vargas,COL,2014,CDM,29,1985,191,81,Right,77.1,76,3,235,0.28,0.31,0.0,0.93,0.0,90.3,9.37,9.28,8.31,0.55,0.0,0.72,1.78,1.04,2.54,7.55,1,0
848,Mosquera,COL,2014,GK,22,1992,196,82,Right,15.7,65,2,190,0.0,0.0,5.63,1.42,2.55,82.3,0.53,2.78,6.68,0.0,0.9,-0.09,0.0,0.0,0.0,0.87,0,0
849,Mejia,COL,2014,CB,34,1980,192,70,Left,22.0,75,3,291,0.11,0.11,0.0,1.56,0.0,94.8,7.34,13.45,22.01,0.56,-0.4,-0.15,2.6,1.31,1.46,5.12,0,0
850,Castano,COL,2014,RB,20,1994,190,66,Right,65.6,75,3,311,0.3,0.43,0.0,1.79,0.0,79.9,9.45,9.92,5.22,0.53,-0.2,0.51,7.63,2.54,6.82,4.82,0,0
851,Arias,COL,2014,ST,19,1995,172,84,Right,83.4,88,3,219,0.85,0.4,0.0,0.0,0.0,69.4,2.09,4.01,0.43,0.46,0.1,1.39,13.2,6.14,8.04,5.7,0,0
852,De Bruyne,BEL,2014,LW,23,1991,191,83,Both,38.9,72,4,355,0.46,0.37,0.0,0.82,0.0,77.6,2.02,3.98,2.85,1.47,0.2,0.82,10.69,4.39,11.12,3.74,0,0
853,Lukaku,BEL,2014,RB,32,1982,175,86,Both,66.5,82,4,332,0.33,0.51,0.0,1.89,0.0,74.7,12.43,8.48,12.22,0.77,0.1,0.59,5.35,3.21,4.4,4.39,0,0
854,Courtois,BEL,2014,CM,20,1994,183,83,Right,48.5,73,4,361,0.29,0.92,0.0,1.25,0.0,86.7,5.27,8.25,4.16,1.01,-0.0,0.26,8.0,1.16,7.11,7.99,0,0
855,Vertonghen,BEL,2014,GK,21,1993,197,85,Right,55.5,89,5,498,0.0,0.0,15.86,2.67,3.93,82.9,1.22,1.69,3.14,0.0,0.4,0.21,0.0,0.0,0.0,0.6,0,0
856,Alderweireld,BEL,2014,CDM,24,1990,175,80,Both,44.3,66,4,344,0.35,0.21,0.0,1.18,0.0,85.1,17.9,9.07,8.24,0.39,0.7,0.22,3.3,1.73,3.65,10.7,1,0
857,Hazard,BEL,2014,LW,30,1984,187,73,Right,87.3,69,5,368,0.68,0.57,0.0,0.54,0.0,77.2,2.61,2.57,1.87,1.13,-0.7,0.86,4.29,4.01,16.52,8.0,0,0
858,Witsel,BEL,2014,CDM,26,1988,172,71,Both,16.9,90,5,464,0.28,0.42,0.0,0.99,0.0,86.8,9.88,7.69,6.2,0.28,0.1,0.03,4.88,1.03,4.58,7.26,1,0
859,Carrasco,BEL,2014,GK,32,1982,193,75,Right,34.3,79,4,297,0.0,0.0,5.53,2.88,1.26,83.9,0.98,3.3,5.15,0.0,0.7,0.19,0.0,0.0,0.0,1.05,0,0
860,Tielemans,BEL,2014,ST,32,1982,191,82,Left,110.6,86,4,355,1.45,0.28,0.0,0.0,0.0,77.4,2.03,3.16,1.15,1.17,-0.3,1.55,7.96,6.37,8.79,4.85,0,0
861,Dendoncker,BEL,2014,ST,26,1988,177,67,Right,103.8,83,3,256,0.87,0.48,0.0,0.0,0.0,73.8,2.9,2.55,1.25,1.33,0.2,0.94,8.09,4.86,6.53,6.48,0,0
862,Meunier,BEL,2014,GK,21,1993,188,77,Right,13.9,82,4,396,0.0,0.0,13.66,2.14,1.68,83.9,1.36,2.46,5.02,0.0,0.6,-0.46,0.0,0.0,0.0,0.92,0,0
863,Castagne,BEL,2014,CM,32,1982,171,72,Right,35.6,67,4,341,0.4,0.4,0.0,1.43,0.0,87.7,8.57,7.7,3.31,0.57,-0.2,0.29,4.91,2.33,10.37,9.1,0,0
864,Theate,BEL,2014,RB,21,1993,192,70,Right,51.7,99,3,296,0.18,0.83,0.0,2.26,0.0,86.8,11.85,8.01,11.36,1.13,0.4,0.56,5.12,1.28,5.21,6.36,0,0
865,Onana,BEL,2014,CB,26,1988,181,68,Right,36.0,83,4,406,0.26,0.1,0.0,1.06,0.0,87.3,10.12,8.62,11.83,0.37,0.4,0.61,2.94,0.5,2.14,4.37,1,0
866,Debast,BEL,2014,CB,25,1989,192,70,Right,14.0,78,2,213,0.18,0.11,0.0,1.25,0.0,90.1,4.78,10.04,18.0,0.44,0.0,0.2,2.85,1.01,2.02,9.33,1,0
867,Openda,BEL,2014,CB,22,1992,179,76,Left,29.0,81,5,432,0.13,0.07,0.0,1.89,0.0,83.8,9.49,11.19,23.35,0.48,-0.1,0.16,3.57,1.57,1.68,5.92,1,0
868,Lukebakio,BEL,2014,RW,20,1994,174,70,Left,43.2,77,3,276,0.82,1.1,0.0,0.62,0.0,75.5,1.63,3.62,3.11,0.38,-0.1,0.45,10.16,5.49,13.7,3.39,0,0
869,Bakayoko,BEL,2014,LB,37,1977,188,74,Left,44.6,87,3,261,0.2,0.39,0.0,2.17,0.0,80.4,7.52,10.48,9.84,0.87,-0.8,0.13,4.32,2.66,5.57,7.36,0,0
870,Mignolet,BEL,2014,RW,29,1985,175,89,Left,84.9,80,6,457,0.98,0.87,0.0,0.52,0.0,77.0,3.77,4.27,1.1,2.13,-0.3,0.56,6.5,5.53,17.99,5.73,0,0
871,Casteels,BEL,2014,CB,33,1981,189,76,Right,35.2,73,1,125,0.2,0.09,0.0,1.1,0.0,85.2,7.88,7.3,15.64,0.68,-0.2,0.51,4.12,1.12,2.27,6.68,0,0
872,Kaminski,BEL,2014,CAM,26,1988,183,81,Right,62.6,67,3,268,0.17,1.41,0.0,0.52,0.0,88.8,4.38,2.1,2.08,0.96,-0.2,0.81,5.22,3.22,11.17,4.47,0,0
873,De Ketelaere,BEL,2014,CM,33,1981,172,69,Left,32.8,74,3,227,0.59,0.75,0.0,0.89,0.0,88.3,9.83,7.98,3.58,0.52,0.2,1.14,9.45,0.56,5.67,8.46,0,0
874,Mangala,BEL,2014,LB,29,1985,181,88,Right,58.2,80,5,457,0.26,0.68,0.0,1.49,0.0,87.5,10.02,3.96,9.73,0.91,0.1,0.56,6.95,2.15,7.31,3.81,0,0
875,Mbappe,FRA,2014,GK,26,1988,187,84,Right,54.7,87,4,393,0.0,0.0,13.24,2.44,2.15,84.1,1.54,0.98,5.02,0.0,0.8,0.22,0.0,0.0,0.0,0.55,0,0
876,Griezmann,FRA,2014,CB,23,1991,179,85,Left,35.6,78,3,269,0.19,0.12,0.0,1.65,0.0,87.9,6.37,13.08,32.72,0.59,0.4,0.58,3.59,0.98,2.56,3.7,0,0
877,Kante,FRA,2014,CDM,24,1990,182,79,Left,36.1,78,3,327,0.27,0.34,0.0,1.15,0.0,85.7,11.91,11.75,9.34,0.65,-0.5,0.39,3.71,1.47,5.55,7.62,0,0
878,Varane,FRA,2014,LB,31,1983,191,84,Right,48.0,72,5,425,0.23,0.47,0.0,1.48,0.0,76.4,10.13,4.31,14.58,0.81,0.0,0.15,4.35,1.32,6.11,6.67,0,0
879,Lloris,FRA,2014,CM,25,1989,185,68,Right,53.4,77,4,316,0.41,0.63,0.0,0.94,0.0,86.0,6.76,7.54,5.12,0.63,-0.1,0.84,7.58,1.46,4.67,3.3,0,0
880,Pogba,FRA,2014,CAM,34,1980,182,84,Right,34.6,70,5,408,0.74,0.67,0.0,0.21,0.0,76.5,5.59,3.6,3.11,1.51,-0.1,0.69,9.57,2.28,7.51,3.67,0,0
881,Hernandez,FRA,2014,CM,34,1980,191,78,Right,21.3,61,4,331,0.26,0.65,0.0,1.33,0.0,79.2,6.87,4.24,6.28,0.76,-0.5,0.7,7.63,0.76,7.14,6.88,0,0
882,Coman,FRA,2014,LW,35,1979,193,74,Left,63.7,77,2,180,0.86,0.56,0.0,0.46,0.0,74.2,3.06,4.76,2.73,1.57,-0.1,0.5,10.33,4.2,6.89,5.98,0,0
883,Dembele,FRA,2014,CB,19,1995,192,69,Right,61.0,78,4,390,0.15,0.12,0.0,1.73,0.0,88.7,5.39,10.04,32.22,0.78,0.4,0.59,3.65,1.35,1.95,8.01,1,0
884,Benzema,FRA,2014,GK,35,1979,199,89,Both,13.8,81,3,292,0.0,0.0,18.55,1.96,2.95,85.4,0.95,1.6,4.52,0.0,0.7,-0.1,0.0,0.0,0.0,0.95,0,0
885,Rabiot,FRA,2014,RW,31,1983,187,66,Left,69.7,79,2,210,0.56,0.83,0.0,0.27,0.0,77.1,2.64,3.57,2.38,1.91,0.4,0.52,12.86,5.76,18.6,3.97,0,0
886,Tchouameni,FRA,2014,LB,37,1977,181,77,Right,63.3,94,4,391,0.31,0.15,0.0,2.89,0.0,81.7,18.23,8.4,12.74,0.57,-0.3,0.08,4.47,1.64,4.8,4.78,0,0
887,Camavinga,FRA,2014,ST,32,1982,174,77,Right,106.0,73,5,428,0.9,0.33,0.0,0.0,0.0,79.1,1.98,2.07,1.49,1.15,0.0,1.26,10.75,3.46,11.02,11.37,0,0
888,Saliba,FRA,2014,RB,33,1981,194,82,Left,71.7,87,1,171,0.2,0.44,0.0,1.95,0.0,77.7,11.11,6.11,9.62,0.71,0.5,0.35,7.54,1.33,6.52,6.24,0,0
889,Upamecano,FRA,2014,CB,20,1994,174,85,Left,75.5,76,3,322,0.2,0.12,0.0,2.19,0.0,91.4,7.99,14.62,34.97,0.34,0.7,0.24,4.62,1.15,1.73,10.43,0,0
890,Kounde,FRA,2014,RW,35,1979,172,70,Right,21.2,73,3,336,1.1,0.69,0.0,0.35,0.0,76.7,2.84,2.58,1.44,0.94,0.0,1.04,11.44,1.69,12.32,6.13,0,0
891,Maignan,FRA,2014,ST,37,1977,178,77,Right,52.7,78,3,275,0.92,0.23,0.0,0.0,0.0,70.9,1.84,3.23,0.94,1.26,0.0,1.28,9.6,8.08,6.25,7.08,0,0
892,Samba,FRA,2014,CB,33,1981,189,77,Right,13.0,82,4,373,0.28,0.07,0.0,1.6,0.0,84.3,7.06,11.17,36.85,0.78,-0.2,0.4,6.25,1.35,1.84,7.52,1,0
893,Konate,FRA,2014,CDM,24,1990,175,67,Right,22.6,64,4,342,0.26,0.2,0.0,0.5,0.0,85.8,17.94,11.37,6.15,0.61,-0.1,-0.09,3.21,0.96,5.12,6.64,0,0
894,Fofana,FRA,2014,GK,23,1991,186,90,Right,29.0,84,4,347,0.0,0.0,7.71,2.29,3.78,81.6,1.37,2.32,4.04,0.0,0.1,0.45,0.0,0.0,0.0,1.12,0,0
895,Nkunku,FRA,2014,LW,23,1991,185,80,Right,65.0,76,2,222,0.53,0.76,0.0,0.24,0.0,82.3,4.31,3.23,0.69,1.57,-0.1,0.93,3.98,3.93,6.23,7.07,0,0
896,Thuram,FRA,2014,RB,36,1978,179,76,Right,18.2,76,3,297,0.23,0.38,0.0,1.31,0.0,82.9,15.09,7.02,5.74,0.96,-0.3,0.6,3.2,2.31,6.52,4.8,0,0
897,Kolo Muani,FRA,2014,CM,19,1995,183,77,Both,32.8,75,2,233,0.54,0.58,0.0,0.92,0.0,88.3,7.22,5.23,5.36,1.07,0.0,0.65,9.19,2.68,9.96,2.35,0,0
898,Alexandre Silva,CRC,2014,GK,24,1990,196,88,Left,18.1,67,3,316,0.0,0.0,8.56,1.84,1.54,90.1,1.19,2.54,5.49,0.0,0.4,-0.29,0.0,0.0,0.0,0.71,0,0
899,Lucas Lima,CRC,2014,CB,25,1989,174,69,Right,44.8,81,4,433,0.25,0.12,0.0,2.5,0.0,85.3,8.09,10.79,39.68,0.45,-0.1,0.26,4.65,1.2,2.59,7.52,0,0
900,Felipe Souza,CRC,2014,RB,26,1988,191,86,Left,11.7,70,6,545,0.27,0.26,0.0,0.83,0.0,78.4,10.06,10.82,8.13,0.88,0.2,0.04,5.34,2.67,6.5,6.69,0,0
901,Leonardo Rocha,CRC,2014,LB,23,1991,183,71,Right,73.5,99,3,257,0.45,0.54,0.0,3.34,0.0,85.0,10.49,7.9,16.64,1.04,0.3,0.81,5.22,0.61,6.34,5.39,0,0
902,Heitor Cardoso,CRC,2014,ST,33,1981,184,89,Left,87.5,83,3,338,0.91,0.31,0.0,0.0,0.0,73.3,2.14,1.66,0.74,1.1,-0.1,1.77,10.59,4.0,13.25,9.11,0,0
903,Pedro Costa,CRC,2014,ST,26,1988,183,79,Right,97.6,89,4,364,1.25,0.35,0.0,0.0,0.0,74.3,2.33,5.21,0.92,0.89,-0.1,1.81,10.34,6.04,8.8,7.67,0,0
904,Andre Martins,CRC,2014,GK,21,1993,189,94,Right,34.1,81,1,152,0.0,0.0,12.62,2.55,3.82,81.9,1.16,1.94,3.29,0.0,0.7,0.27,0.0,0.0,0.0,0.99,0,0
905,Andre Rocha,CRC,2014,RB,24,1990,176,70,Right,92.4,99,3,232,0.32,0.51,0.0,2.6,0.0,82.8,9.23,5.58,7.46,0.75,-0.3,0.65,7.9,2.67,5.99,3.63,0,0
906,Rodrigo Martins,CRC,2014,CM,23,1991,172,76,Left,20.6,72,5,386,0.27,0.44,0.0,0.94,0.0,89.3,6.38,10.1,3.89,0.78,-0.5,0.57,7.52,2.25,9.54,5.82,0,0
907,Rafael Silva,CRC,2014,RW,20,1994,172,67,Both,72.4,84,4,376,0.92,0.53,0.0,0.44,0.0,78.4,2.14,3.09,2.6,1.52,0.0,0.67,13.28,3.17,8.95,3.46,0,0
908,Paulo Costa,CRC,2014,LW,24,1990,186,85,Left,57.7,77,5,390,0.68,0.65,0.0,0.48,0.0,79.9,1.45,4.9,1.97,1.64,0.3,1.34,10.02,2.0,9.51,4.16,0,0
909,Gabriel Silva,CRC,2014,RW,24,1990,172,71,Right,71.4,79,4,370,0.88,0.19,0.0,0.7,0.0,77.0,3.72,3.35,2.66,1.91,0.1,1.16,14.28,5.31,17.85,5.48,0,0
910,Pedro Barbosa,CRC,2014,CM,29,1985,182,71,Left,49.9,80,2,206,0.49,0.37,0.0,0.97,0.0,87.0,10.5,5.49,5.33,0.72,0.8,1.05,1.56,1.28,9.32,4.69,0,0
911,Thiago Pereira,CRC,2014,LB,23,1991,187,81,Right,67.3,76,3,249,0.28,0.57,0.0,2.47,0.0,80.5,7.24,7.74,13.23,0.92,0.1,-0.15,6.48,2.33,8.31,3.22,0,0
912,Paulo Monteiro,CRC,2014,GK,24,1990,188,77,Both,10.7,82,3,312,0.0,0.0,9.88,1.77,3.66,83.8,1.05,2.2,4.27,0.0,0.7,0.13,0.0,0.0,0.0,1.27,0,0
913,Felipe Carvalho,CRC,2014,CB,19,1995,191,86,Right,44.1,88,3,310,0.17,0.13,0.0,1.72,0.0,90.9,9.95,10.65,34.96,0.61,-0.1,0.51,3.71,0.4,1.8,7.23,1,0
914,Heitor Oliveira,CRC,2014,CB,35,1979,177,75,Left,41.6,83,3,274,0.2,0.12,0.0,2.54,0.0,87.3,10.74,8.02,22.54,0.65,-0.4,0.48,3.13,0.49,2.59,7.61,1,0
915,Arthur Barbosa,CRC,2014,CAM,30,1984,185,88,Right,46.7,71,5,437,0.46,0.63,0.0,0.5,0.0,83.6,4.45,7.54,1.24,1.55,0.4,0.56,4.62,3.3,10.41,4.98,0,0
916,Andre Ribeiro,CRC,2014,CDM,26,1988,181,85,Left,44.3,82,3,354,0.28,0.12,0.0,0.87,0.0,88.0,12.23,11.96,9.68,0.64,0.3,0.53,4.99,1.37,4.11,5.69,1,0
917,Rodrigo Monteiro,CRC,2014,CM,24,1990,191,65,Left,40.4,73,3,242,0.58,0.66,0.0,1.35,0.0,81.5,14.94,9.85,6.28,0.64,-0.2,0.29,2.61,2.68,7.71,7.79,1,0
918,Gabriel Araujo,CRC,2014,LW,21,1993,185,67,Left,56.3,80,3,263,0.75,0.8,0.0,0.45,0.0,82.1,2.82,4.48,2.02,0.96,-0.2,0.43,9.3,2.6,13.44,6.57,0,0
919,Rafael Cardoso,CRC,2014,CDM,24,1990,170,84,Both,60.0,89,6,527,0.25,0.26,0.0,1.36,0.0,88.3,10.94,17.25,7.3,0.65,-0.0,0.63,4.34,0.84,3.26,8.64,1,0
920,Rafael Ferreira,CRC,2014,CB,30,1984,183,69,Right,43.9,70,5,363,0.13,0.13,0.0,1.28,0.0,85.2,4.3,9.18,15.58,0.41,-0.3,0.31,4.33,0.96,1.96,7.21,1,0
921,Vinicius Almeida,SUI,2014,LB,37,1977,176,79,Left,37.9,76,4,374,0.31,0.44,0.0,2.07,0.0,83.4,14.89,6.64,5.51,0.89,-0.3,0.45,6.25,2.31,3.7,6.59,0,0
922,Pedro Martins,SUI,2014,CM,34,1980,193,71,Right,41.2,76,4,330,0.46,0.69,0.0,1.28,0.0,87.5,9.86,5.47,5.89,0.69,0.3,0.51,8.83,2.37,8.45,7.62,0,0
923,Joao Cardoso,SUI,2014,ST,31,1983,177,65,Left,96.1,76,3,285,0.66,0.36,0.0,0.0,0.0,70.8,2.12,3.3,0.72,1.35,0.0,1.54,14.83,3.77,7.39,5.5,0,0
924,Roberto Costa,SUI,2014,CDM,35,1979,174,78,Left,21.7,73,4,367,0.16,0.25,0.0,0.96,0.0,82.0,16.82,10.4,7.34,0.28,0.1,0.45,6.0,1.14,4.34,9.38,1,0
925,Bruno Oliveira,SUI,2014,CM,31,1983,186,89,Left,20.7,61,2,210,0.27,0.35,0.0,0.8,0.0,80.9,8.82,9.67,7.69,0.85,-0.1,-0.04,4.69,2.52,3.17,8.27,0,0
926,Carlos Souza,SUI,2014,CDM,21,1993,188,76,Both,40.5,70,3,262,0.33,0.38,0.0,1.4,0.0,93.7,14.8,17.87,4.57,0.43,0.2,0.12,6.27,0.81,4.25,4.4,1,0
927,Arthur Santos,SUI,2014,GK,22,1992,199,85,Right,6.0,75,3,323,0.0,0.0,18.98,1.04,4.24,81.8,0.29,3.09,3.01,0.0,0.5,-0.06,0.0,0.0,0.0,1.38,0,0
928,Lucas Rodrigues,SUI,2014,GK,36,1978,184,92,Right,8.6,60,2,240,0.0,0.0,9.03,1.09,3.51,86.7,1.37,1.91,4.57,0.0,0.6,0.16,0.0,0.0,0.0,1.05,0,0
929,Alexandre Araujo,SUI,2014,LW,31,1983,173,73,Right,53.1,74,2,179,0.68,0.89,0.0,0.68,0.0,77.6,3.35,4.77,1.76,0.98,-0.2,0.7,10.03,0.67,7.53,2.77,0,0
930,Bruno Monteiro,SUI,2014,RW,37,1977,189,87,Left,61.8,75,2,197,0.91,0.97,0.0,0.49,0.0,77.7,1.88,1.68,1.88,1.28,-0.5,0.98,13.13,2.89,8.46,4.34,0,0
931,Andre Rodrigues,SUI,2014,CB,29,1985,193,82,Right,45.5,73,3,285,0.25,0.04,0.0,1.91,0.0,89.6,6.95,7.47,17.27,0.38,-0.1,0.22,3.17,1.09,1.26,7.22,1,0
932,Rafael Santos,SUI,2014,LB,34,1980,186,84,Left,19.4,84,6,516,0.41,0.63,0.0,2.21,0.0,80.1,5.25,3.62,10.69,0.78,0.5,0.54,8.38,2.2,5.51,3.37,0,0
933,Pedro Melo,SUI,2014,RB,28,1986,184,82,Right,25.2,90,5,440,0.38,0.52,0.0,2.0,0.0,78.0,10.81,6.74,8.3,1.05,0.2,0.93,4.9,1.5,9.79,5.09,0,0
934,Arthur Cavalcanti,SUI,2014,LW,34,1980,188,77,Right,61.5,79,4,359,0.44,1.57,0.0,0.28,0.0,76.4,2.13,3.7,1.82,1.64,-0.2,0.79,11.16,4.26,14.33,6.93,0,0
935,Diego Lima,SUI,2014,CB,33,1981,187,73,Right,39.2,73,7,582,0.19,0.09,0.0,1.18,0.0,90.7,3.2,4.68,33.17,0.73,0.2,0.06,4.75,1.34,0.58,10.3,0,0
936,Carlos Melo,SUI,2014,RW,34,1980,172,73,Right,52.2,73,3,313,0.55,0.78,0.0,0.7,0.0,78.1,3.9,5.09,1.62,1.45,-0.0,0.69,11.17,5.24,12.17,6.91,0,0
937,Vinicius Dias,SUI,2014,CB,33,1981,185,78,Right,49.7,86,4,385,0.19,0.07,0.0,2.56,0.0,85.3,8.67,13.53,31.65,0.45,0.1,0.33,3.4,1.03,1.7,4.8,0,0
938,Vinicius Nascimento,SUI,2014,RB,29,1985,193,71,Left,71.2,86,4,359,0.18,0.41,0.0,2.56,0.0,83.3,9.31,10.83,0.0,0.73,0.1,0.21,8.15,1.49,9.06,4.24,0,0
939,Eduardo Dias,SUI,2014,CB,30,1984,181,72,Right,49.2,86,5,424,0.21,0.08,0.0,1.96,0.0,83.1,7.56,8.48,24.33,0.43,-0.0,0.63,3.76,1.09,2.23,5.78,1,0
940,Leonardo Cardoso,SUI,2014,CAM,27,1987,193,70,Left,78.2,71,4,325,0.45,1.1,0.0,0.29,0.0,81.9,6.94,6.68,1.43,0.97,-0.2,0.48,4.97,3.8,10.91,2.82,0,0
941,Diego Mendes,SUI,2014,CM,24,1990,180,78,Right,26.9,71,4,320,0.32,0.74,0.0,1.27,0.0,89.6,1.94,8.79,7.18,1.08,0.7,0.42,7.5,2.38,6.22,2.83,0,0
942,Ricardo Pereira,SUI,2014,ST,27,1987,175,72,Right,48.8,62,3,319,0.12,0.3,0.0,0.0,0.0,72.1,2.41,2.39,1.31,1.6,-0.2,1.5,10.68,5.84,7.86,6.18,0,0
943,Rafael Rocha,SUI,2014,GK,31,1983,187,83,Both,21.3,81,3,228,0.0,0.0,19.85,2.4,3.87,80.6,0.76,3.44,4.27,0.0,1.0,-0.44,0.0,0.0,0.0,1.46,0,0
944,Chicharito,MEX,2014,CM,25,1989,173,68,Both,27.0,75,5,407,0.32,0.79,0.0,0.89,0.0,92.5,7.74,9.1,5.64,0.88,0.2,0.81,5.95,3.19,8.89,5.85,0,0
945,Guardado,MEX,2014,LW,26,1988,179,66,Right,45.1,87,3,280,0.71,0.75,0.0,0.45,0.0,79.6,2.56,4.7,1.72,0.91,0.4,1.12,9.18,2.64,4.7,5.75,0,0
946,Ochoa,MEX,2014,CB,29,1985,171,75,Both,47.4,76,5,485,0.15,0.13,0.0,1.91,0.0,84.0,7.83,13.64,28.64,0.45,-0.2,0.47,6.41,1.04,1.51,5.62,0,0
947,Lozano,MEX,2014,GK,35,1979,195,79,Left,30.9,77,1,118,0.0,0.0,16.97,2.38,1.0,82.9,0.86,1.49,4.38,0.0,0.2,-0.21,0.0,0.0,0.0,0.82,0,0
948,Herrera,MEX,2014,GK,26,1988,188,88,Left,51.2,84,5,391,0.0,0.0,17.69,1.93,2.14,87.8,1.4,1.63,4.45,0.0,0.7,-0.06,0.0,0.0,0.0,1.01,0,0
949,Layun,MEX,2014,CB,25,1989,175,79,Left,65.2,80,1,129,0.23,0.13,0.0,1.8,0.0,86.7,7.83,10.34,35.27,0.32,0.3,0.73,4.3,0.93,1.94,5.75,1,0
950,Moreno,MEX,2014,LW,22,1992,193,78,Left,37.4,75,3,307,0.58,0.72,0.0,0.63,0.0,80.6,4.67,4.78,2.13,1.37,-0.2,0.97,14.98,5.75,12.91,4.62,0,0
951,Gallardo,MEX,2014,CM,25,1989,170,79,Left,10.9,71,4,398,0.55,0.3,0.0,0.48,0.0,85.7,9.97,8.35,5.51,0.35,0.4,0.33,8.74,1.53,8.28,5.4,0,0
952,Alvarez,MEX,2014,LB,30,1984,179,76,Right,21.0,81,4,327,0.26,0.57,0.0,1.49,0.0,81.3,10.42,5.96,7.03,0.85,0.1,0.97,4.23,3.16,3.54,5.12,0,0
953,Montes,MEX,2014,RB,35,1979,185,79,Right,43.5,99,5,411,0.33,0.6,0.0,2.04,0.0,81.4,12.96,9.7,6.68,1.17,0.2,0.78,2.73,1.79,1.97,5.38,0,0
954,Sanchez,MEX,2014,RW,27,1987,174,79,Right,79.3,82,3,296,0.8,0.62,0.0,0.38,0.0,73.9,2.71,3.27,1.87,2.01,-0.1,1.03,15.37,2.69,16.63,7.34,0,0
955,Pineda,MEX,2014,CB,23,1991,179,83,Left,17.9,74,2,254,0.17,0.11,0.0,1.68,0.0,88.4,5.82,15.54,22.69,0.61,-0.2,0.19,4.53,1.73,1.08,9.23,1,0
956,Chavez,MEX,2014,CM,25,1989,175,80,Right,43.6,76,1,128,0.4,0.78,0.0,2.05,0.0,86.4,6.94,10.34,5.35,1.02,0.1,0.94,7.55,1.9,5.56,7.0,0,0
957,Vega,MEX,2014,CAM,19,1995,172,86,Right,57.8,78,3,254,0.3,0.95,0.0,0.43,0.0,80.1,4.26,3.07,2.59,1.26,-0.1,0.77,10.43,2.43,9.21,5.81,0,0
958,Antuna,MEX,2014,RW,32,1982,172,82,Right,60.4,77,4,395,0.7,0.83,0.0,0.67,0.0,80.4,1.74,3.26,2.47,1.87,-0.4,0.78,10.78,3.76,13.46,4.59,0,0
959,Gimenez,MEX,2014,ST,24,1990,180,78,Right,68.7,84,5,434,1.29,0.46,0.0,0.0,0.0,73.2,1.42,3.1,1.21,1.13,0.3,1.37,14.36,5.36,8.12,6.11,0,0
960,Arteaga,MEX,2014,LB,34,1980,182,74,Right,14.7,80,3,278,0.29,0.45,0.0,1.87,0.0,81.3,4.94,7.19,4.83,0.85,-0.0,0.25,4.96,1.36,5.51,4.85,0,0
961,Rodriguez,MEX,2014,RB,35,1979,192,88,Left,30.2,77,3,269,0.27,0.64,0.0,0.81,0.0,84.6,13.12,6.82,7.06,1.44,-0.1,-0.05,3.67,2.63,6.8,5.52,0,0
962,Malagon,MEX,2014,CB,26,1988,182,74,Left,100.4,92,3,298,0.22,0.09,0.0,2.32,0.0,85.8,9.1,11.82,33.29,0.47,0.1,0.52,4.42,1.12,2.33,8.22,1,0
963,Araujo,MEX,2014,CDM,22,1992,185,72,Right,47.9,69,4,379,0.21,0.38,0.0,1.07,0.0,88.2,7.26,14.2,7.58,0.45,-0.2,0.02,4.52,0.86,4.92,10.06,1,0
964,Huerta,MEX,2014,ST,22,1992,187,80,Right,67.7,86,4,382,1.33,0.3,0.0,0.0,0.0,65.9,2.39,2.23,0.94,1.09,-0.3,1.58,12.08,4.74,1.16,9.25,0,0
965,Luna,MEX,2014,GK,30,1984,186,90,Right,38.0,87,2,227,0.0,0.0,23.86,2.33,2.7,80.2,1.27,2.32,3.5,0.0,0.2,0.22,0.0,0.0,0.0,1.08,0,0
966,Sepulveda,MEX,2014,CDM,21,1993,176,69,Right,15.3,67,2,226,0.18,0.25,0.0,0.9,0.0,87.8,11.03,11.43,5.81,0.5,0.2,0.21,2.15,1.55,3.6,7.73,0,0
967,Suarez,URU,2014,CB,33,1981,194,85,Right,58.7,80,3,330,0.17,0.09,0.0,1.69,0.0,84.6,12.66,14.55,29.34,0.35,0.2,0.66,4.82,1.02,2.68,6.23,0,0
968,Cavani,URU,2014,GK,23,1991,194,84,Right,48.2,78,6,517,0.0,0.0,17.82,2.1,2.51,84.4,0.88,2.09,3.84,0.0,0.7,0.27,0.0,0.0,0.0,0.46,0,0
969,Godin,URU,2014,LW,26,1988,181,83,Right,43.1,80,5,476,0.63,0.4,0.0,0.66,0.0,75.5,2.17,5.09,2.74,1.38,-0.1,0.45,12.84,2.71,13.71,5.78,0,0
970,Gimenez,URU,2014,CB,19,1995,189,79,Right,4.5,71,6,548,0.16,0.15,0.0,0.66,0.0,91.9,12.17,9.55,15.74,0.5,-0.4,-0.33,6.24,0.82,1.85,6.43,1,0
971,Valverde,URU,2014,RW,22,1992,188,67,Right,48.3,76,3,291,0.76,0.53,0.0,0.49,0.0,80.9,3.14,4.74,1.75,1.38,0.1,0.55,4.37,2.6,15.6,6.64,0,0
972,Bentancur,URU,2014,RB,25,1989,171,86,Left,18.4,86,3,268,0.24,0.58,0.0,2.15,0.0,81.0,4.85,7.49,10.35,0.88,0.1,0.19,3.65,2.0,7.45,6.43,0,0
973,Nunez,URU,2014,CB,35,1979,190,73,Left,37.7,70,4,395,0.21,0.12,0.0,1.05,0.0,90.6,13.05,9.57,23.46,0.44,-0.2,0.47,3.53,0.97,2.13,4.02,1,0
974,De Arrascaeta,URU,2014,CM,35,1979,177,87,Right,34.6,72,4,336,0.32,0.9,0.0,0.84,0.0,83.0,6.68,9.23,4.79,0.71,-0.2,0.43,10.82,2.86,6.65,6.01,0,0
975,Pellistri,URU,2014,CB,24,1990,185,89,Left,44.7,60,5,432,0.17,0.11,0.0,1.74,0.0,92.4,11.33,11.33,23.49,0.53,0.3,0.14,5.29,1.17,2.25,5.93,0,0
976,Olivera,URU,2014,CM,28,1986,186,69,Right,63.8,73,4,309,0.31,0.72,0.0,1.73,0.0,90.9,13.06,9.63,6.07,0.88,0.1,0.88,2.55,2.38,8.55,7.21,0,0
977,Coates,URU,2014,RB,28,1986,191,88,Left,88.6,79,1,140,0.21,0.37,0.0,2.05,0.0,78.4,6.65,12.52,10.0,0.87,-0.4,0.6,4.35,1.58,4.01,7.28,1,0
978,Rochet,URU,2014,GK,37,1977,183,81,Right,22.7,81,4,379,0.0,0.0,9.74,2.63,1.79,81.2,0.9,1.65,5.67,0.0,0.3,-0.36,0.0,0.0,0.0,1.57,0,0
979,Mele,URU,2014,CDM,24,1990,182,66,Right,31.2,75,4,352,0.16,0.32,0.0,0.98,0.0,84.2,11.65,12.64,7.98,0.5,0.0,0.56,4.39,1.32,4.27,7.27,0,0
980,Caceres,URU,2014,ST,24,1990,171,68,Right,79.6,93,4,331,1.36,0.47,0.0,0.0,0.0,70.2,2.67,5.27,0.77,0.94,0.3,1.62,8.04,6.74,13.25,3.26,0,0
981,Vina,URU,2014,LW,25,1989,193,68,Right,41.0,93,2,177,0.78,1.01,0.0,0.28,0.0,76.1,3.99,5.89,1.46,1.35,-0.0,1.05,11.53,3.89,10.12,3.9,0,0
982,Torres,URU,2014,ST,34,1980,179,72,Left,99.4,86,2,234,1.0,0.48,0.0,0.0,0.0,74.0,1.95,1.99,0.51,0.96,-0.3,1.24,13.13,5.97,6.21,8.14,0,0
983,Canobbio,URU,2014,GK,34,1980,184,75,Right,23.2,75,4,340,0.0,0.0,12.01,1.61,3.8,83.3,0.85,2.8,4.1,0.0,0.3,-0.41,0.0,0.0,0.0,1.03,0,0
984,Araujo,URU,2014,RW,26,1988,177,68,Left,74.9,82,3,284,0.65,0.82,0.0,0.36,0.0,81.2,3.41,4.13,2.28,1.21,0.3,0.7,9.16,1.95,10.92,4.14,0,0
985,Gonzalez,URU,2014,CM,35,1979,189,87,Right,8.7,61,2,226,0.14,0.47,0.0,1.3,0.0,85.0,11.95,9.2,7.64,1.02,-0.3,-0.09,5.59,2.25,6.74,4.32,0,0
986,Rodriguez,URU,2014,LB,31,1983,182,77,Right,44.0,71,2,203,0.39,0.67,0.0,0.56,0.0,88.0,13.46,5.58,15.84,0.76,0.1,0.43,5.57,2.86,3.81,5.51,0,0
987,Alvarez,URU,2014,CDM,29,1985,193,81,Left,64.7,76,2,239,0.26,0.29,0.0,0.75,0.0,88.1,9.35,12.73,6.35,0.57,0.6,0.77,2.34,1.18,3.96,6.3,1,0
988,Bueno,URU,2014,LB,30,1984,171,79,Right,33.7,76,3,347,0.18,0.67,0.0,0.82,0.0,78.7,13.3,2.28,11.04,0.54,0.1,0.42,5.3,2.46,7.28,1.34,0,0
989,Lopez,URU,2014,CAM,27,1987,176,77,Right,62.8,85,5,428,0.57,0.87,0.0,0.64,0.0,81.7,4.13,7.37,2.0,1.71,0.0,0.71,7.44,4.0,12.6,4.51,0,0
990,Gustavo Carvalho,GRE,2014,RB,23,1991,189,78,Left,43.5,85,4,392,0.31,0.47,0.0,1.83,0.0,80.3,8.07,8.87,11.01,0.51,0.5,0.43,5.77,1.22,9.47,4.15,1,0
991,Matheus Silva,GRE,2014,CM,25,1989,181,78,Right,38.4,73,1,156,0.44,0.55,0.0,0.88,0.0,89.3,9.29,6.77,7.09,0.56,0.2,0.79,6.96,1.84,6.31,4.42,0,0
992,Diego Barbosa,GRE,2014,CB,32,1982,171,80,Right,23.4,78,4,307,0.14,0.11,0.0,1.12,0.0,92.6,7.56,12.26,24.5,0.57,-0.3,0.34,5.92,0.49,2.02,3.67,1,0
993,Ricardo Lima,GRE,2014,LW,34,1980,177,89,Right,43.9,75,3,264,0.75,0.48,0.0,0.31,0.0,83.9,3.29,4.34,1.54,1.46,-0.7,0.69,10.06,4.87,16.11,5.73,0,0
994,Eduardo Gomes,GRE,2014,ST,31,1983,190,87,Right,173.1,99,1,151,1.74,0.27,0.0,0.0,0.0,70.7,2.53,2.99,1.09,0.96,-0.2,2.03,7.97,5.84,9.51,5.74,0,0
995,Fernando Santos,GRE,2014,LB,21,1993,170,75,Right,23.1,86,4,372,0.29,0.61,0.0,2.03,0.0,78.0,8.16,2.46,6.93,1.02,0.5,0.44,2.67,1.37,7.22,4.31,0,0
996,Gustavo Ribeiro,GRE,2014,RB,32,1982,184,76,Right,22.6,70,4,386,0.27,0.33,0.0,0.7,0.0,77.8,7.01,8.07,6.06,0.53,0.5,0.12,4.01,1.41,5.62,5.49,0,0
997,Heitor Melo,GRE,2014,CAM,20,1994,178,77,Right,47.5,71,4,356,0.53,0.42,0.0,0.28,0.0,89.3,4.83,1.26,2.29,1.52,-0.4,0.68,7.76,2.61,12.01,4.55,0,0
998,Thiago Silva,GRE,2014,RW,28,1986,176,89,Right,63.2,82,3,323,0.6,0.81,0.0,0.42,0.0,73.2,1.39,3.3,1.22,1.24,-0.2,1.1,7.64,4.72,14.03,2.27,0,0
999,Roberto Silva,GRE,2014,CM,36,1978,184,86,Right,25.8,60,3,228,0.08,0.59,0.0,1.15,0.0,90.2,6.08,6.16,6.33,0.42,0.4,0.71,7.09,1.81,6.63,5.97,0,0
1000,Heitor Almeida,GRE,2014,LB,25,1989,192,82,Right,38.1,81,3,327,0.32,0.22,0.0,2.59,0.0,80.9,12.5,9.35,12.3,1.01,0.1,0.35,6.27,1.95,7.78,6.55,1,0
1001,Pedro Santos,GRE,2014,CB,22,1992,191,75,Right,42.5,88,3,335,0.24,0.07,0.0,1.97,0.0,88.8,8.07,3.83,32.65,0.63,-0.7,0.41,4.38,0.76,1.94,7.52,1,0
1002,Gustavo Monteiro,GRE,2014,RW,35,1979,182,87,Right,86.6,77,1,141,0.71,0.98,0.0,0.64,0.0,78.2,3.28,3.39,1.83,2.02,-0.0,0.81,9.31,4.19,11.87,1.94,0,0
1003,Carlos Monteiro,GRE,2014,GK,29,1985,186,90,Left,23.6,76,5,496,0.0,0.0,7.74,2.46,3.96,83.2,0.58,1.83,3.92,0.0,0.9,-0.44,0.0,0.0,0.0,1.46,0,0
1004,Eduardo Costa,GRE,2014,CM,21,1993,173,87,Right,18.8,67,2,218,0.32,0.47,0.0,1.43,0.0,93.7,7.19,1.63,5.7,0.88,-0.3,0.37,4.26,1.64,7.02,6.23,1,0
1005,Felipe Oliveira,GRE,2014,LW,19,1995,190,71,Right,75.3,72,2,173,0.68,0.67,0.0,0.48,0.0,77.6,3.83,3.48,1.91,1.6,0.2,0.75,6.49,4.93,2.72,6.78,0,0
1006,Diego Souza,GRE,2014,ST,28,1986,187,73,Both,55.4,86,2,248,1.47,0.62,0.0,0.0,0.0,76.6,1.65,3.13,0.64,1.0,-0.3,1.36,11.93,4.24,8.73,4.36,0,0
1007,Diego Dias,GRE,2014,CB,31,1983,186,88,Right,50.3,77,4,338,0.2,0.12,0.0,1.75,0.0,84.9,7.77,9.1,23.05,0.37,0.0,0.4,3.57,0.81,2.05,6.64,1,0
1008,Felipe Souza,GRE,2014,CB,29,1985,191,74,Right,52.1,86,4,392,0.24,0.14,0.0,2.7,0.0,92.1,7.21,7.16,13.98,0.59,0.1,0.1,3.87,1.34,2.6,8.02,0,0
1009,Gustavo Nascimento,GRE,2014,CDM,35,1979,176,78,Both,27.2,71,1,81,0.09,0.26,0.0,1.46,0.0,87.9,9.24,6.04,8.48,0.39,0.3,0.23,4.72,0.82,3.64,11.9,1,0
1010,Diego Araujo,GRE,2014,GK,20,1994,196,93,Right,19.3,79,3,299,0.0,0.0,13.73,2.56,3.23,82.7,0.69,1.6,2.93,0.0,0.3,0.31,0.0,0.0,0.0,1.1,0,0
1011,Diego Mendes,GRE,2014,GK,31,1983,198,75,Left,61.3,87,2,209,0.0,0.0,17.45,3.13,3.47,84.8,1.15,2.09,4.92,0.0,1.1,0.36,0.0,0.0,0.0,1.07,0,0
1012,Carlos Barbosa,GRE,2014,CDM,25,1989,178,67,Right,59.4,77,4,407,0.22,0.23,0.0,1.2,0.0,97.1,8.9,14.23,6.44,0.61,0.1,0.54,1.19,1.39,4.36,7.84,0,0
1013,Paulo Gomes,ALG,2014,LB,28,1986,188,86,Right,52.7,90,3,320,0.21,0.59,0.0,2.28,0.0,83.8,11.53,8.38,3.65,0.55,0.6,0.28,4.16,2.33,5.02,5.06,0,0
1014,Heitor Monteiro,ALG,2014,CM,21,1993,174,75,Right,14.4,75,2,165,0.41,0.64,0.0,1.54,0.0,88.7,6.31,6.72,4.77,0.4,0.1,0.57,8.88,3.67,9.99,7.08,1,0
1015,Ricardo Mendes,ALG,2014,CAM,21,1993,172,72,Both,24.4,61,2,233,0.43,0.79,0.0,0.26,0.0,87.5,2.14,3.08,2.99,1.05,-0.1,0.53,9.43,4.12,12.93,5.09,0,0
1016,Vinicius Oliveira,ALG,2014,GK,20,1994,197,76,Right,18.8,73,3,296,0.0,0.0,8.48,2.06,1.71,87.2,0.97,3.42,5.43,0.0,-0.0,-0.1,0.0,0.0,0.0,0.77,0,0
1017,Gustavo Martins,ALG,2014,CDM,24,1990,181,72,Right,31.0,75,5,481,0.14,0.3,0.0,1.01,0.0,83.9,9.86,9.92,6.86,0.43,0.0,0.55,4.5,0.34,3.55,8.75,1,0
1018,Gabriel Santos,ALG,2014,RW,23,1991,176,81,Right,37.5,76,4,321,0.6,0.65,0.0,0.3,0.0,75.1,2.66,5.04,1.76,1.4,-0.1,1.03,10.17,3.11,11.29,5.39,0,0
1019,Rodrigo Cavalcanti,ALG,2014,LW,26,1988,179,88,Both,61.1,68,4,392,0.47,0.74,0.0,0.65,0.0,79.4,3.13,4.35,2.14,1.51,-0.8,1.21,11.28,3.55,17.08,5.77,0,0
1020,Lucas Araujo,ALG,2014,CB,35,1979,186,67,Right,8.7,73,2,227,0.12,0.1,0.0,1.26,0.0,87.4,8.58,15.73,19.84,0.54,0.4,-0.18,4.55,1.07,1.53,5.13,1,0
1021,Fernando Souza,ALG,2014,RW,31,1983,170,74,Right,42.5,78,4,405,0.86,0.46,0.0,0.74,0.0,80.5,2.63,5.51,2.23,1.06,0.1,1.02,11.08,3.77,20.26,3.52,0,0
1022,Rodrigo Monteiro,ALG,2014,CB,29,1985,170,76,Left,16.5,83,3,320,0.2,0.1,0.0,1.42,0.0,88.9,7.5,10.02,17.31,0.37,-0.2,0.67,4.79,0.76,2.72,7.88,0,0
1023,Andre Melo,ALG,2014,GK,35,1979,194,85,Right,37.8,77,4,359,0.0,0.0,17.41,2.1,1.34,87.3,1.05,1.35,3.88,0.0,0.2,0.14,0.0,0.0,0.0,0.86,0,0
1024,Eduardo Ribeiro,ALG,2014,CDM,20,1994,172,80,Right,62.2,80,4,396,0.24,0.3,0.0,1.64,0.0,91.8,12.66,5.31,9.72,0.68,0.2,0.86,3.07,1.21,5.76,8.41,0,0
1025,Arthur Monteiro,ALG,2014,LB,27,1987,187,85,Left,28.7,85,3,246,0.29,0.3,0.0,1.82,0.0,80.9,6.88,12.9,10.93,0.66,-0.5,0.85,4.59,2.73,7.11,6.74,0,0
1026,Paulo Cardoso,ALG,2014,LW,23,1991,171,66,Right,57.2,80,4,328,0.43,0.48,0.0,0.58,0.0,82.7,2.16,5.44,1.93,1.17,-0.2,1.14,14.22,7.25,10.94,2.47,0,0
1027,Rafael Martins,ALG,2014,RB,32,1982,188,83,Right,62.9,87,3,304,0.26,0.46,0.0,2.34,0.0,85.1,6.74,6.16,9.23,1.2,-0.1,0.05,2.36,2.46,5.38,6.73,0,0
1028,Gustavo Rocha,ALG,2014,CM,28,1986,175,80,Left,63.8,76,3,281,0.49,0.79,0.0,1.1,0.0,89.9,10.86,10.02,7.29,0.66,-0.2,0.41,8.01,2.41,8.12,5.24,0,0
1029,Ricardo Ferreira,ALG,2014,CB,37,1977,171,88,Right,11.1,63,2,189,0.11,0.08,0.0,1.38,0.0,89.4,14.17,7.56,9.1,0.54,0.2,-0.37,4.62,0.87,2.24,4.52,0,0
1030,Pedro Nascimento,ALG,2014,ST,30,1984,174,70,Left,107.3,85,5,441,0.93,0.36,0.0,0.0,0.0,72.1,2.47,2.03,0.37,0.26,0.0,2.07,13.16,4.47,8.99,6.01,0,0
1031,Joao Ribeiro,ALG,2014,ST,22,1992,184,68,Right,98.3,87,4,357,1.27,0.44,0.0,0.0,0.0,68.3,2.0,3.33,0.99,1.35,0.5,1.55,12.31,4.58,10.54,9.27,0,0
1032,Andre Lima,ALG,2014,RB,20,1994,176,78,Right,59.9,93,2,213,0.17,0.52,0.0,2.0,0.0,79.0,12.64,7.33,7.56,0.34,0.1,0.89,5.65,2.76,6.76,2.59,0,0
1033,Roberto Pereira,ALG,2014,CM,29,1985,190,74,Both,21.8,70,1,75,0.49,0.88,0.0,1.04,0.0,84.7,9.68,5.99,5.88,0.36,0.3,0.03,4.0,2.11,6.06,7.71,0,0
1034,Heitor Nascimento,ALG,2014,GK,19,1995,185,91,Left,28.2,73,4,383,0.0,0.0,10.66,1.5,2.38,85.8,0.76,1.37,5.86,0.0,0.6,-0.19,0.0,0.0,0.0,0.94,0,0
1035,Marcelo Ribeiro,ALG,2014,CB,31,1983,179,65,Right,33.8,71,5,402,0.21,0.14,0.0,1.85,0.0,90.4,9.57,8.83,22.05,0.3,-0.2,-0.28,3.83,1.41,2.89,6.42,1,0
1036,Pulisic,USA,2014,RW,37,1977,189,65,Left,50.3,72,2,226,0.49,0.57,0.0,0.55,0.0,83.5,1.79,2.31,0.73,1.24,0.3,0.68,12.97,5.17,16.96,3.69,0,0
1037,McKennie,USA,2014,CB,35,1979,183,66,Right,22.9,66,2,218,0.13,0.03,0.0,1.08,0.0,95.2,8.49,5.02,18.51,0.73,-0.4,-0.01,3.46,1.07,1.54,5.98,0,0
1038,Adams,USA,2014,GK,19,1995,196,91,Right,13.8,71,3,298,0.0,0.0,22.91,1.48,2.35,83.9,1.13,1.99,4.84,0.0,0.2,-0.13,0.0,0.0,0.0,0.54,0,0
1039,Dest,USA,2014,CB,26,1988,177,76,Left,31.7,77,1,147,0.22,0.15,0.0,1.79,0.0,85.7,6.01,12.66,22.59,0.54,-0.1,-0.18,5.93,1.13,1.46,4.31,0,0
1040,Ream,USA,2014,CB,37,1977,188,79,Right,48.0,83,3,312,0.21,0.11,0.0,2.32,0.0,85.9,11.1,9.87,36.09,0.29,-0.3,0.43,4.56,0.82,1.86,5.68,1,0
1041,Turner,USA,2014,CM,35,1979,191,79,Left,32.5,66,3,292,0.4,0.43,0.0,0.45,0.0,86.1,9.63,9.52,6.17,1.14,0.1,0.75,3.66,2.38,5.9,6.18,0,0
1042,Musah,USA,2014,RB,30,1984,194,89,Right,16.0,82,3,306,0.36,0.38,0.0,1.21,0.0,79.1,6.85,5.93,12.36,0.75,0.2,0.56,4.61,0.58,4.26,5.17,0,0
1043,Weah,USA,2014,GK,37,1977,198,77,Right,13.0,77,3,313,0.0,0.0,14.2,1.92,1.76,86.9,0.72,2.56,4.41,0.0,0.7,-0.25,0.0,0.0,0.0,0.7,0,0
1044,Aaronson,USA,2014,ST,31,1983,173,77,Right,67.0,84,4,366,1.19,0.35,0.0,0.0,0.0,74.5,1.51,3.86,1.11,0.91,0.0,1.18,6.37,4.67,5.58,7.42,0,0
1045,Reyna,USA,2014,CB,21,1993,183,88,Both,47.0,74,2,216,0.24,0.14,0.0,1.53,0.0,90.2,2.35,5.53,27.9,0.43,-0.2,0.12,3.05,1.37,2.33,6.57,1,0
1046,Sargent,USA,2014,GK,33,1981,188,76,Right,43.5,82,3,286,0.0,0.0,7.98,2.48,2.18,85.3,0.87,2.36,5.46,0.0,0.7,-0.07,0.0,0.0,0.0,1.19,0,0
1047,Wright,USA,2014,ST,23,1991,190,87,Right,61.8,89,3,246,0.93,0.27,0.0,0.0,0.0,75.6,2.19,3.25,1.44,0.85,-0.3,1.42,14.01,4.7,5.11,2.97,0,0
1048,Zimmerman,USA,2014,CAM,26,1988,171,81,Left,98.4,76,6,582,0.46,1.07,0.0,0.41,0.0,83.2,2.57,5.12,1.72,1.42,0.3,0.79,6.95,2.67,11.82,3.88,0,0
1049,Long,USA,2014,LB,24,1990,175,86,Right,57.3,81,5,496,0.34,0.52,0.0,2.02,0.0,80.8,10.64,6.99,9.4,0.59,0.3,0.58,4.2,2.6,8.52,4.9,0,0
1050,Robinson,USA,2014,CM,31,1983,171,69,Right,29.9,76,2,251,0.43,0.63,0.0,1.06,0.0,93.1,6.72,9.08,2.99,0.81,0.0,0.19,5.22,1.99,6.43,3.66,0,0
1051,Scally,USA,2014,RB,19,1995,191,76,Right,18.6,84,5,425,0.44,0.56,0.0,1.39,0.0,80.3,8.14,5.89,12.58,0.64,-0.7,0.53,5.05,0.81,5.95,4.73,0,0
1052,Yedlin,USA,2014,LW,21,1993,179,87,Right,85.9,80,1,134,0.93,0.71,0.0,0.45,0.0,78.4,3.05,3.2,1.84,1.73,-0.1,0.57,12.46,4.44,15.1,4.18,0,0
1053,Morris,USA,2014,CM,20,1994,190,77,Left,27.6,71,4,400,0.52,0.37,0.0,1.17,0.0,93.2,5.62,10.34,2.97,0.75,-0.4,1.2,5.18,1.38,5.23,2.95,0,0
1054,Hoppe,USA,2014,CDM,35,1979,170,79,Both,12.7,78,4,381,0.19,0.24,0.0,0.83,0.0,91.9,12.13,13.92,11.76,0.45,0.3,0.8,4.84,0.84,3.64,7.77,1,0
1055,Pefok,USA,2014,LB,34,1980,190,66,Right,55.1,77,3,345,0.32,0.76,0.0,1.51,0.0,79.5,13.41,8.09,7.65,0.91,0.4,0.33,3.49,1.65,7.86,6.53,0,0
1056,Vazquez,USA,2014,CDM,36,1978,193,76,Right,21.0,86,2,219,0.27,0.19,0.0,1.07,0.0,85.4,14.86,11.18,9.33,0.37,0.0,0.67,4.51,0.87,3.71,6.38,2,0
1057,Ferreira,USA,2014,LW,33,1981,180,70,Right,44.1,78,3,256,0.42,0.82,0.0,0.55,0.0,83.5,2.65,5.72,2.15,2.18,0.1,0.79,3.13,3.44,10.14,6.55,0,0
1058,Cowell,USA,2014,RW,26,1988,183,80,Right,48.4,78,5,426,0.89,0.46,0.0,0.68,0.0,80.7,3.86,4.54,2.51,1.92,0.1,0.71,16.63,4.16,15.35,5.46,0,0
1059,Rafael Melo,NGA,2014,RB,24,1990,183,89,Right,26.5,82,3,267,0.32,0.6,0.0,1.09,0.0,83.1,8.02,8.57,15.33,0.38,0.0,-0.19,2.77,1.9,8.34,5.28,0,0
1060,Marcelo Souza,NGA,2014,CDM,23,1991,171,81,Left,43.1,73,7,520,0.15,0.33,0.0,1.17,0.0,90.4,18.65,15.11,7.48,0.73,0.2,0.24,3.9,0.69,4.99,10.78,1,0
1061,Paulo Ribeiro,NGA,2014,CB,28,1986,174,83,Left,47.7,80,4,367,0.11,0.06,0.0,2.07,0.0,86.8,11.0,14.88,14.75,0.6,-0.2,0.19,6.27,0.96,2.25,7.58,1,0
1062,Lucas Rodrigues,NGA,2014,CB,28,1986,183,84,Left,45.2,77,5,435,0.21,0.11,0.0,1.78,0.0,85.5,7.15,7.32,33.62,0.36,0.1,0.52,4.46,1.25,1.94,7.61,0,0
1063,Rafael Araujo,NGA,2014,GK,29,1985,186,90,Right,21.6,72,3,272,0.0,0.0,15.32,1.93,1.97,84.9,0.9,1.92,6.48,0.0,1.0,0.43,0.0,0.0,0.0,1.47,0,0
1064,Vinicius Cavalcanti,NGA,2014,LW,31,1983,192,84,Right,47.8,78,4,400,0.77,0.83,0.0,0.32,0.0,78.9,3.47,3.83,1.8,1.24,0.6,1.2,10.28,3.86,10.14,3.95,0,0
1065,Vinicius Mendes,NGA,2014,RB,36,1978,189,76,Right,33.3,90,3,290,0.18,0.74,0.0,1.95,0.0,82.7,11.8,6.83,10.68,1.0,0.1,0.3,4.59,0.49,7.95,3.4,0,0
1066,Joao Barbosa,NGA,2014,CAM,35,1979,178,82,Right,34.6,78,2,240,0.61,0.94,0.0,0.81,0.0,77.0,2.71,5.61,2.41,1.66,-0.1,0.23,8.32,3.34,7.83,3.77,0,0
1067,Leonardo Ferreira,NGA,2014,ST,28,1986,185,86,Right,161.3,88,2,215,1.54,0.41,0.0,0.0,0.0,73.0,2.13,1.88,1.15,1.64,-0.2,1.35,17.18,2.64,8.1,4.71,0,0
1068,Diego Silva,NGA,2014,LB,37,1977,192,78,Right,45.4,90,5,472,0.34,0.49,0.0,2.6,0.0,85.8,9.97,12.9,9.38,0.59,0.0,0.48,4.21,2.63,5.06,7.18,0,0
1069,Gustavo Oliveira,NGA,2014,CM,29,1985,176,72,Left,25.6,75,4,339,0.55,0.51,0.0,1.28,0.0,87.6,6.08,6.69,3.71,0.93,-0.4,0.6,5.72,2.39,7.33,6.51,0,0
1070,Carlos Rodrigues,NGA,2014,GK,33,1981,185,83,Right,21.1,93,5,409,0.0,0.0,22.15,2.96,2.84,83.4,0.94,2.25,2.71,0.0,0.8,0.35,0.0,0.0,0.0,0.6,0,0
1071,Rodrigo Costa,NGA,2014,CDM,26,1988,171,88,Both,22.1,68,3,333,0.21,0.44,0.0,0.61,0.0,86.9,8.68,9.54,9.49,0.58,0.2,-0.2,2.38,0.8,4.59,11.92,0,0
1072,Joao Almeida,NGA,2014,CM,36,1978,179,74,Right,17.9,76,6,526,0.65,0.81,0.0,0.98,0.0,84.1,11.1,9.29,6.86,0.76,-0.3,0.29,8.79,1.44,3.74,6.47,0,0
1073,Diego Rodrigues,NGA,2014,CM,28,1986,182,72,Right,41.4,73,4,331,0.22,0.82,0.0,0.75,0.0,85.3,4.14,16.27,4.86,0.98,-0.1,0.49,4.94,2.08,4.3,7.71,0,0
1074,Heitor Ribeiro,NGA,2014,CB,37,1977,184,70,Right,39.3,81,1,156,0.1,0.1,0.0,2.1,0.0,82.4,11.29,11.73,44.83,0.74,-0.4,0.7,2.15,0.88,1.98,6.37,0,0
1075,Andre Ferreira,NGA,2014,GK,35,1979,185,80,Both,16.2,63,6,530,0.0,0.0,14.67,1.23,2.88,83.6,0.47,2.62,4.75,0.0,0.2,-0.36,0.0,0.0,0.0,0.76,0,0
1076,Rodrigo Martins,NGA,2014,RW,31,1983,187,72,Right,62.7,81,2,211,1.04,0.99,0.0,0.49,0.0,80.9,2.81,3.58,2.43,1.5,0.8,0.77,9.7,2.34,16.95,6.89,0,0
1077,Joao Silva,NGA,2014,RW,34,1980,187,72,Left,81.5,71,3,254,0.88,0.53,0.0,0.62,0.0,71.1,3.3,4.45,1.75,1.66,-0.2,1.05,8.23,5.5,8.61,6.56,0,0
1078,Diego Carvalho,NGA,2014,LB,35,1979,176,87,Right,28.5,80,1,124,0.45,0.5,0.0,1.92,0.0,77.7,17.38,3.42,7.05,0.83,-0.0,0.26,5.37,1.49,3.58,4.46,0,0
1079,Gabriel Melo,NGA,2014,CB,36,1978,186,79,Left,53.3,77,2,197,0.14,0.09,0.0,2.53,0.0,91.3,9.47,12.0,31.31,0.31,-0.7,-0.11,3.59,1.11,1.71,8.32,0,0
1080,Matheus Dias,NGA,2014,LW,23,1991,185,73,Right,41.4,86,3,287,0.43,1.28,0.0,0.54,0.0,81.6,2.41,4.82,2.18,1.2,-0.3,1.06,12.88,0.91,11.3,5.39,0,0
1081,Leonardo Costa,NGA,2014,ST,34,1980,174,73,Right,62.8,91,5,418,1.92,0.19,0.0,0.0,0.0,68.8,1.89,2.45,1.09,0.62,0.3,1.27,7.82,6.64,6.13,9.71,0,0
1082,Gustavo Souza,CHI,2014,GK,36,1978,188,76,Left,13.5,64,3,320,0.0,0.0,17.18,1.64,3.46,90.7,0.93,2.84,5.12,0.0,0.5,0.42,0.0,0.0,0.0,1.16,0,0
1083,Bruno Souza,CHI,2014,RB,30,1984,182,66,Left,33.1,83,3,243,0.36,0.58,0.0,1.2,0.0,78.3,11.61,3.2,8.22,0.26,0.1,0.23,5.69,1.86,8.85,4.44,1,0
1084,Lucas Rocha,CHI,2014,RW,35,1979,171,72,Right,26.3,73,3,315,0.57,0.66,0.0,0.69,0.0,79.7,4.08,1.54,1.73,1.25,0.6,0.78,7.41,1.95,14.38,4.57,0,0
1085,Ricardo Ribeiro,CHI,2014,GK,22,1992,189,75,Right,23.4,73,3,306,0.0,0.0,11.2,1.48,3.16,83.5,0.43,1.76,4.6,0.0,0.2,-0.09,0.0,0.0,0.0,0.93,0,0
1086,Leonardo Mendes,CHI,2014,ST,24,1990,193,73,Right,55.7,85,5,448,1.63,0.37,0.0,0.0,0.0,72.1,1.17,3.27,0.65,1.01,-0.2,1.17,12.25,5.14,8.85,9.94,0,0
1087,Arthur Cavalcanti,CHI,2014,CDM,27,1987,179,66,Left,23.8,75,4,317,0.21,0.3,0.0,0.98,0.0,92.7,13.8,12.38,9.05,0.56,-0.2,0.11,3.64,0.77,6.58,8.73,1,0
1088,Gustavo Barbosa,CHI,2014,LB,37,1977,194,78,Right,47.6,94,4,421,0.2,0.48,0.0,3.39,0.0,80.0,12.19,11.83,12.81,0.82,0.3,0.52,4.23,1.35,7.26,3.0,0,0
1089,Roberto Ribeiro,CHI,2014,RB,26,1988,181,89,Both,59.8,91,3,235,0.12,0.36,0.0,3.63,0.0,81.4,12.46,10.51,5.84,0.6,-0.2,0.13,3.26,3.42,5.71,5.27,0,0
1090,Leonardo Oliveira,CHI,2014,LB,24,1990,182,80,Both,42.9,77,4,332,0.26,0.5,0.0,0.89,0.0,76.6,8.34,4.79,7.02,0.8,0.1,0.66,4.63,2.79,4.89,4.05,0,0
1091,Paulo Mendes,CHI,2014,CB,37,1977,172,88,Left,30.3,76,4,383,0.18,0.09,0.0,2.29,0.0,86.0,1.95,14.56,27.11,0.42,0.2,0.1,4.24,1.48,1.55,9.84,1,0
1092,Bruno Barbosa,CHI,2014,LW,21,1993,176,88,Right,80.2,73,2,237,0.5,0.94,0.0,0.57,0.0,75.0,2.92,3.09,1.86,2.06,-0.4,0.75,7.15,3.59,6.59,2.38,0,0
1093,Rodrigo Rodrigues,CHI,2014,CB,20,1994,177,84,Right,66.9,85,3,246,0.21,0.08,0.0,2.02,0.0,86.8,7.92,8.92,27.41,0.54,-0.2,0.68,0.75,0.68,1.98,6.45,0,0
1094,Matheus Souza,CHI,2014,CM,32,1982,178,73,Right,53.2,78,5,498,0.39,0.63,0.0,0.93,0.0,87.1,11.99,10.25,6.05,0.49,0.0,1.18,3.96,1.3,9.4,5.75,1,0
1095,Thiago Ferreira,CHI,2014,RW,23,1991,190,66,Right,60.2,78,5,427,0.47,0.87,0.0,0.54,0.0,72.5,2.69,3.69,1.27,2.02,-0.2,0.69,6.76,5.46,9.67,4.86,0,0
1096,Gustavo Pereira,CHI,2014,CM,32,1982,191,67,Right,40.1,72,4,359,0.45,0.83,0.0,0.49,0.0,81.6,6.77,5.76,6.37,0.94,-0.0,0.99,5.45,0.96,5.35,4.98,0,0
1097,Marcelo Santos,CHI,2014,CAM,32,1982,183,86,Right,75.7,86,4,305,0.63,1.14,0.0,0.58,0.0,87.3,3.82,1.96,2.38,1.33,-0.6,1.33,8.14,4.06,13.91,5.36,0,0
1098,Marcelo Monteiro,CHI,2014,CDM,30,1984,177,88,Both,25.9,64,4,364,0.35,0.33,0.0,0.64,0.0,89.6,11.34,11.51,10.89,0.46,0.5,-0.42,2.27,0.71,4.9,6.82,1,0
1099,Carlos Souza,CHI,2014,LW,33,1981,180,84,Right,65.4,78,6,443,0.65,1.28,0.0,0.55,0.0,74.7,3.23,3.75,0.8,1.71,-0.0,1.14,16.17,2.65,19.53,6.05,0,0
1100,Lucas Freitas,CHI,2014,CM,33,1981,184,83,Right,36.9,65,2,214,0.39,0.75,0.0,1.08,0.0,85.2,10.92,8.32,1.46,0.78,0.1,0.43,2.43,2.31,8.8,6.04,0,0
1101,Fernando Costa,CHI,2014,GK,28,1986,185,86,Right,49.6,71,4,360,0.0,0.0,8.36,2.14,3.64,89.4,1.05,2.16,2.71,0.0,0.4,0.34,0.0,0.0,0.0,0.95,0,0
1102,Thiago Monteiro,CHI,2014,ST,36,1978,190,80,Right,24.5,94,3,286,1.35,0.48,0.0,0.0,0.0,64.5,2.02,3.47,0.8,1.1,0.4,1.5,7.5,4.53,8.96,7.49,0,0
1103,Andre Mendes,CHI,2014,CB,36,1978,193,73,Right,35.6,73,3,246,0.17,0.07,0.0,1.81,0.0,90.1,7.58,7.73,27.63,0.45,-0.2,0.06,3.31,0.98,1.04,5.15,1,0
1104,Carlos Lima,CHI,2014,CB,22,1992,186,83,Right,55.8,76,3,300,0.13,0.07,0.0,1.77,0.0,85.0,6.84,9.8,24.1,0.46,0.3,0.25,3.78,1.0,1.33,9.79,1,0
1105,Heitor Mendes,CIV,2014,RB,37,1977,192,70,Right,36.5,88,2,206,0.34,0.26,0.0,2.53,0.0,87.3,12.59,7.28,6.68,0.7,0.1,0.49,4.88,1.44,5.41,6.15,0,0
1106,Lucas Monteiro,CIV,2014,RW,31,1983,176,88,Left,68.9,86,3,294,1.02,0.56,0.0,0.47,0.0,79.0,4.27,5.53,2.5,1.62,0.2,0.93,7.92,5.24,16.03,4.7,0,0
1107,Pedro Carvalho,CIV,2014,LB,23,1991,177,77,Right,20.2,84,3,297,0.29,0.4,0.0,1.74,0.0,78.4,8.34,5.68,8.25,0.69,0.1,0.61,5.72,1.38,4.58,5.94,0,0
1108,Joao Cavalcanti,CIV,2014,CB,31,1983,173,72,Right,76.0,74,3,322,0.26,0.13,0.0,2.21,0.0,88.0,4.11,14.23,34.65,0.75,0.1,0.17,6.67,0.7,2.8,8.02,0,0
1109,Paulo Melo,CIV,2014,LW,31,1983,172,67,Left,70.0,69,4,372,0.98,0.32,0.0,0.46,0.0,77.9,1.81,4.92,2.34,1.86,0.4,0.7,11.05,5.21,11.64,5.06,0,0
1110,Vinicius Freitas,CIV,2014,CB,22,1992,187,82,Right,34.4,82,6,536,0.15,0.08,0.0,1.62,0.0,88.9,9.11,7.36,31.32,0.52,0.2,-0.12,5.24,1.28,1.85,5.91,0,0
1111,Heitor Rocha,CIV,2014,GK,22,1992,195,79,Right,22.2,77,6,572,0.0,0.0,13.99,1.78,1.31,88.9,0.62,2.03,5.72,0.0,0.8,0.08,0.0,0.0,0.0,0.9,0,0
1112,Fernando Cardoso,CIV,2014,CM,22,1992,192,82,Left,26.7,63,2,234,0.44,0.62,0.0,0.57,0.0,89.0,11.21,5.9,4.19,0.99,-0.2,0.23,2.54,1.71,8.56,7.8,0,0
1113,Heitor Dias,CIV,2014,LB,30,1984,187,77,Left,61.5,81,3,238,0.23,0.65,0.0,1.62,0.0,84.5,10.71,12.76,7.97,1.06,-0.5,0.56,5.15,2.14,6.59,6.03,0,0
1114,Felipe Nascimento,CIV,2014,RW,25,1989,194,65,Right,74.7,85,4,398,0.81,0.74,0.0,0.48,0.0,81.8,3.97,4.48,2.02,1.19,0.2,0.67,10.2,3.16,8.08,4.15,0,0
1115,Alexandre Cardoso,CIV,2014,CM,20,1994,176,85,Both,49.9,66,3,268,0.53,0.72,0.0,0.69,0.0,87.5,8.21,11.85,6.02,0.87,-0.2,0.31,6.54,1.46,5.32,5.84,0,0
1116,Paulo Cardoso,CIV,2014,RB,31,1983,171,89,Right,43.5,83,3,299,0.27,0.51,0.0,2.16,0.0,84.9,10.85,7.67,7.52,0.49,0.3,0.9,2.84,1.92,8.84,6.23,0,0
1117,Leonardo Araujo,CIV,2014,ST,24,1990,170,79,Left,74.9,80,4,392,1.08,0.32,0.0,0.0,0.0,73.3,1.99,3.15,0.97,0.95,-0.6,1.19,9.65,6.39,5.21,7.64,0,0
1118,Roberto Freitas,CIV,2014,CAM,37,1977,189,65,Left,62.4,80,4,409,0.75,0.54,0.0,0.54,0.0,82.1,2.26,4.38,1.59,1.03,0.2,1.06,8.06,3.24,8.47,3.91,0,0
1119,Paulo Nascimento,CIV,2014,CM,35,1979,176,69,Left,30.8,66,4,360,0.37,0.43,0.0,0.98,0.0,92.0,8.81,7.2,5.12,0.3,0.4,0.36,5.63,2.24,3.06,7.99,0,0
1120,Carlos Barbosa,CIV,2014,CB,31,1983,181,74,Right,69.4,86,2,237,0.16,0.07,0.0,2.04,0.0,89.0,8.61,10.12,23.32,0.5,0.1,0.63,5.0,1.5,2.54,4.82,0,0
1121,Rafael Dias,CIV,2014,CB,36,1978,189,89,Right,46.9,80,3,308,0.24,0.11,0.0,2.34,0.0,83.6,5.91,12.13,27.39,0.44,0.1,0.61,3.24,1.37,1.76,5.39,1,0
1122,Rafael Almeida,CIV,2014,ST,26,1988,190,89,Right,78.0,84,3,257,1.02,0.36,0.0,0.0,0.0,70.0,2.84,3.53,1.16,1.34,0.4,1.91,11.62,6.17,4.51,4.3,0,0
1123,Arthur Silva,CIV,2014,CDM,30,1984,178,80,Right,43.0,84,2,200,0.27,0.29,0.0,1.23,0.0,84.9,18.01,13.58,8.52,0.48,0.3,0.46,4.17,0.75,2.71,7.21,1,0
1124,Bruno Santos,CIV,2014,LW,36,1978,170,89,Right,73.5,80,4,341,0.81,0.82,0.0,0.41,0.0,77.4,3.45,4.08,1.94,2.04,-0.1,1.44,6.41,4.89,15.36,2.19,0,0
1125,Vinicius Freitas,CIV,2014,GK,21,1993,190,81,Right,54.7,90,5,386,0.0,0.0,12.34,2.23,2.69,83.7,1.02,2.24,3.42,0.0,0.5,0.57,0.0,0.0,0.0,0.97,0,0
1126,Pedro Dias,CIV,2014,GK,27,1987,184,88,Left,34.4,74,3,267,0.0,0.0,17.09,1.7,2.49,79.1,0.92,2.91,6.14,0.0,0.8,0.22,0.0,0.0,0.0,1.42,0,0
1127,Gustavo Araujo,CIV,2014,CDM,20,1994,194,78,Right,19.8,73,3,297,0.21,0.26,0.0,1.24,0.0,89.3,9.64,6.46,7.47,0.32,-0.1,0.23,4.88,0.71,3.18,8.55,0,0
1128,Nakata,JPN,2014,GK,32,1982,190,82,Right,37.6,74,2,178,0.0,0.0,21.63,1.58,3.17,84.9,0.85,1.42,5.15,0.0,0.8,0.3,0.0,0.0,0.0,1.51,0,0
1129,Honda,JPN,2014,LB,24,1990,190,66,Right,37.1,74,5,390,0.31,0.34,0.0,2.14,0.0,80.4,3.29,3.57,10.45,1.08,-0.2,-0.07,4.23,1.44,6.26,5.28,0,0
1130,Kagawa,JPN,2014,CB,21,1993,176,66,Both,58.1,78,2,262,0.23,0.09,0.0,2.13,0.0,88.3,2.38,12.17,25.84,0.46,0.1,0.13,3.67,1.05,2.32,9.41,1,0
1131,Nagatomo,JPN,2014,CAM,28,1986,172,65,Right,52.8,78,3,270,0.6,1.12,0.0,0.41,0.0,83.2,3.97,7.97,2.27,1.69,0.1,0.76,3.38,3.42,16.28,3.36,0,0
1132,Yoshida,JPN,2014,RB,25,1989,184,83,Right,32.5,89,4,355,0.13,0.44,0.0,1.91,0.0,84.0,10.89,7.64,13.97,0.91,0.4,0.46,5.21,1.38,8.55,6.94,0,0
1133,Endo,JPN,2014,CB,37,1977,174,71,Right,50.5,77,3,289,0.25,0.1,0.0,2.4,0.0,93.9,3.46,8.44,26.77,0.52,0.1,0.41,4.44,0.93,1.18,5.68,1,0
1134,Minamino,JPN,2014,LW,36,1978,186,78,Right,60.6,73,3,310,0.76,0.74,0.0,0.52,0.0,81.1,3.37,2.71,1.85,1.83,-0.5,0.7,3.87,3.68,19.24,7.3,0,0
1135,Kubo,JPN,2014,CB,22,1992,183,79,Left,37.2,81,4,347,0.26,0.11,0.0,1.37,0.0,88.8,8.95,9.3,17.13,0.65,-0.1,0.37,2.95,0.89,2.06,5.66,1,0
1136,Tomiyasu,JPN,2014,GK,27,1987,186,79,Right,36.7,90,3,259,0.0,0.0,19.55,2.74,2.17,82.7,0.86,2.21,5.27,0.0,0.6,0.07,0.0,0.0,0.0,0.98,0,0
1137,Doan,JPN,2014,CB,34,1980,172,78,Right,38.9,73,5,397,0.15,0.12,0.0,1.69,0.0,84.4,9.84,6.99,24.69,0.43,0.1,0.58,2.74,0.48,3.11,8.75,0,0
1138,Ito,JPN,2014,LB,30,1984,173,69,Right,97.7,85,4,359,0.29,0.52,0.0,2.03,0.0,86.1,10.33,8.14,8.04,1.07,0.5,0.73,1.86,2.47,4.07,4.57,0,0
1139,Maeda,JPN,2014,LW,24,1990,189,74,Right,54.0,79,3,276,0.52,0.32,0.0,0.66,0.0,73.1,3.33,4.68,1.46,1.48,-0.2,0.99,8.13,4.26,16.08,3.35,0,0
1140,Asano,JPN,2014,CDM,22,1992,189,75,Left,50.8,68,5,458,0.2,0.26,0.0,0.78,0.0,85.7,16.15,2.9,5.95,0.61,-0.3,0.49,3.42,0.94,4.81,7.77,1,0
1141,Tanaka,JPN,2014,CM,25,1989,194,80,Right,39.6,68,1,122,0.31,0.4,0.0,0.53,0.0,86.1,3.62,9.76,3.33,0.98,0.1,0.91,5.72,1.79,8.99,5.04,1,0
1142,Soma,JPN,2014,CM,30,1984,178,69,Right,18.0,66,3,264,0.3,0.44,0.0,0.81,0.0,85.3,7.72,5.71,5.52,0.68,0.2,0.36,6.03,2.38,4.5,1.39,0,0
1143,Machino,JPN,2014,RW,27,1987,173,89,Left,70.3,78,3,234,0.86,1.2,0.0,0.46,0.0,83.0,3.23,4.03,2.65,1.33,-0.4,0.34,5.83,5.28,14.31,4.02,0,0
1144,Ueda,JPN,2014,ST,28,1986,184,78,Right,67.2,84,3,242,1.08,0.35,0.0,0.0,0.0,71.9,2.88,3.48,0.79,0.85,-0.3,1.9,6.11,6.74,7.68,9.36,0,0
1145,Kamada,JPN,2014,ST,32,1982,187,88,Right,65.9,89,5,487,1.01,0.32,0.0,0.0,0.0,71.8,2.5,1.96,1.29,1.47,-0.5,1.86,6.73,7.49,8.91,12.26,0,0
1146,Hatate,JPN,2014,CDM,21,1993,179,83,Both,54.8,81,2,172,0.16,0.35,0.0,1.05,0.0,89.3,8.95,17.2,4.04,0.41,-0.1,0.66,1.67,1.55,4.83,7.73,0,0
1147,Suzuki,JPN,2014,RW,32,1982,172,76,Left,27.9,87,3,315,0.68,1.23,0.0,0.6,0.0,77.4,4.45,2.27,1.39,0.99,-0.2,1.13,6.12,2.84,9.5,7.06,0,0
1148,Morita,JPN,2014,CM,32,1982,194,71,Left,31.0,72,2,213,0.38,0.56,0.0,0.93,0.0,92.9,11.78,4.02,4.94,0.6,0.4,0.13,3.77,1.91,8.47,3.62,1,0
1149,Mitoma,JPN,2014,GK,19,1995,190,89,Left,21.5,67,3,238,0.0,0.0,18.77,1.21,1.35,85.0,0.5,2.02,6.58,0.0,0.6,0.09,0.0,0.0,0.0,0.58,0,0
1150,Suzuki,JPN,2014,RB,29,1985,189,81,Right,67.6,79,5,398,0.37,0.49,0.0,1.85,0.0,75.2,5.44,4.53,12.96,0.12,-0.4,0.3,4.72,2.06,2.87,4.38,1,0
1151,Park,KOR,2014,CDM,24,1990,182,76,Right,13.1,70,3,260,0.19,0.31,0.0,1.04,0.0,90.4,13.5,14.45,7.27,0.91,-0.3,0.27,3.32,0.7,4.65,5.21,1,0
1152,Son,KOR,2014,CM,22,1992,179,82,Right,29.2,62,4,305,0.26,0.7,0.0,0.67,0.0,88.0,9.14,9.56,4.56,0.64,0.3,0.42,5.39,3.01,4.54,6.07,0,0
1153,Kim,KOR,2014,CB,21,1993,187,84,Right,62.1,82,4,418,0.2,0.08,0.0,1.95,0.0,89.6,8.69,10.04,21.53,0.52,-0.4,0.06,3.65,0.66,1.99,5.38,1,0
1154,Lee,KOR,2014,CM,19,1995,171,69,Left,17.3,72,5,439,0.45,0.3,0.0,1.38,0.0,83.8,5.63,9.27,9.89,0.73,-0.1,0.69,4.97,1.58,6.55,5.34,0,0
1155,Hwang,KOR,2014,CB,32,1982,189,76,Right,38.4,81,5,443,0.36,0.15,0.0,1.88,0.0,92.7,7.5,17.14,25.3,0.34,0.1,0.85,2.89,1.19,2.28,6.11,1,0
1156,Cho,KOR,2014,LW,22,1992,182,65,Right,49.3,77,4,356,0.65,1.0,0.0,0.39,0.0,80.8,4.04,3.58,1.71,2.32,0.3,0.85,12.63,3.64,18.11,7.12,0,0
1157,Jung,KOR,2014,GK,29,1985,188,76,Right,48.0,87,6,584,0.0,0.0,19.53,2.51,3.44,85.2,1.38,1.32,5.8,0.0,0.6,0.04,0.0,0.0,0.0,0.62,0,0
1158,Hong,KOR,2014,RW,24,1990,170,70,Left,51.2,72,4,388,0.66,0.65,0.0,0.5,0.0,75.7,3.4,5.4,1.86,1.21,-0.3,0.94,5.42,5.99,11.46,5.39,0,0
1159,Kwon,KOR,2014,CM,21,1993,174,81,Left,59.3,82,3,258,0.42,0.91,0.0,1.24,0.0,82.2,7.5,10.17,4.29,0.75,-0.2,1.07,7.69,1.38,6.42,5.95,0,0
1160,Kim,KOR,2014,CDM,27,1987,186,68,Left,48.2,74,2,209,0.23,0.31,0.0,0.85,0.0,90.2,13.26,14.38,10.42,0.5,0.2,0.28,3.24,1.48,5.18,9.12,0,0
1161,Lee,KOR,2014,CB,29,1985,170,74,Right,31.3,92,5,452,0.14,0.14,0.0,2.72,0.0,89.2,6.15,12.52,30.18,0.19,0.4,0.85,4.44,0.97,2.07,3.89,1,0
1162,Park,KOR,2014,CAM,28,1986,187,89,Right,135.4,85,5,411,0.78,1.7,0.0,0.25,0.0,79.3,2.96,6.6,0.98,1.69,-0.4,1.18,11.06,4.35,9.36,6.86,0,0
1163,Seol,KOR,2014,GK,33,1981,188,86,Right,36.4,71,6,544,0.0,0.0,10.26,1.79,1.5,85.1,0.96,2.16,4.63,0.0,0.4,-0.09,0.0,0.0,0.0,1.17,0,0
1164,Choi,KOR,2014,ST,29,1985,179,75,Right,109.1,88,4,357,1.01,0.36,0.0,0.0,0.0,77.6,2.51,2.83,0.28,0.63,-0.4,1.78,9.55,6.0,6.94,9.54,0,0
1165,Yang,KOR,2014,RB,20,1994,194,79,Right,32.2,78,4,364,0.21,0.52,0.0,1.28,0.0,81.6,9.65,6.14,6.71,0.71,-0.3,0.39,7.0,2.34,8.13,5.34,0,0
1166,Bae,KOR,2014,GK,23,1991,199,75,Right,28.8,73,4,375,0.0,0.0,15.87,1.89,2.27,88.6,1.08,2.68,3.86,0.0,0.9,-0.24,0.0,0.0,0.0,1.12,0,0
1167,Kim,KOR,2014,RB,36,1978,191,72,Right,59.5,83,4,414,0.29,0.69,0.0,1.93,0.0,82.0,5.54,10.24,5.73,1.1,0.4,0.46,5.43,1.91,2.73,5.12,0,0
1168,Lee,KOR,2014,LB,33,1981,187,68,Right,19.0,96,4,359,0.26,0.37,0.0,2.32,0.0,86.5,14.87,4.15,12.75,0.82,-0.1,0.76,2.62,2.23,3.49,3.73,1,0
1169,Jeong,KOR,2014,LB,34,1980,171,88,Right,58.4,85,3,291,0.29,0.66,0.0,1.79,0.0,80.3,9.83,11.18,7.21,0.57,-0.1,0.28,3.48,1.7,6.96,4.46,0,0
1170,Oh,KOR,2014,ST,30,1984,175,75,Right,69.2,85,4,331,1.07,0.58,0.0,0.0,0.0,72.8,1.76,1.48,1.02,1.62,0.6,1.58,18.08,3.29,4.21,8.88,0,0
1171,Cho,KOR,2014,RW,30,1984,184,82,Both,86.2,74,3,268,0.41,0.36,0.0,0.36,0.0,73.3,3.09,1.81,1.03,1.71,-0.4,1.43,8.06,3.97,7.97,7.96,0,0
1172,Kim,KOR,2014,CB,34,1980,190,85,Right,62.1,82,2,228,0.29,0.07,0.0,1.59,0.0,84.4,9.27,10.39,26.42,0.45,-0.2,0.89,3.34,0.68,1.4,6.62,0,0
1173,Lee,KOR,2014,LW,32,1982,171,86,Both,59.5,75,3,332,0.53,0.71,0.0,0.48,0.0,73.6,2.93,4.58,1.06,1.63,-0.1,0.57,12.25,5.83,8.63,4.62,0,0
1174,Alexandre Almeida,AUS,2014,RB,24,1990,176,67,Left,60.1,86,3,269,0.42,0.43,0.0,2.51,0.0,84.4,7.86,11.16,7.9,0.81,0.4,0.42,5.53,2.03,8.12,5.52,0,0
1175,Vinicius Lima,AUS,2014,LW,19,1995,177,86,Right,39.7,69,2,179,0.38,0.7,0.0,0.45,0.0,75.1,1.57,4.16,1.51,1.49,0.7,0.91,5.58,2.38,16.47,6.66,0,0
1176,Alexandre Rodrigues,AUS,2014,LB,20,1994,182,84,Right,21.7,71,4,384,0.19,0.29,0.0,0.84,0.0,84.5,9.9,8.41,7.11,0.29,0.2,0.16,4.92,2.5,5.31,5.97,0,0
1177,Paulo Nascimento,AUS,2014,CB,20,1994,190,84,Right,52.6,84,3,280,0.14,0.09,0.0,1.68,0.0,90.3,5.4,12.49,34.54,0.56,-0.0,0.11,4.86,0.68,1.47,5.22,1,0
1178,Lucas Araujo,AUS,2014,CB,25,1989,185,80,Right,23.5,78,5,455,0.12,0.12,0.0,1.8,0.0,87.2,11.13,1.93,29.94,0.28,0.2,0.4,3.95,1.0,2.62,6.5,1,0
1179,Roberto Carvalho,AUS,2014,CM,22,1992,171,71,Right,3.1,60,2,221,0.24,0.38,0.0,0.91,0.0,84.3,9.14,9.19,4.71,0.68,0.1,-0.26,5.39,1.55,8.51,8.99,0,0
1180,Heitor Dias,AUS,2014,GK,25,1989,192,83,Left,26.4,71,3,241,0.0,0.0,8.95,1.59,3.35,83.0,0.82,2.06,4.72,0.0,0.0,-0.07,0.0,0.0,0.0,1.4,0,0
1181,Heitor Monteiro,AUS,2014,CB,27,1987,186,72,Right,26.2,71,2,229,0.1,0.12,0.0,1.19,0.0,86.3,10.31,10.9,15.53,0.22,0.2,-0.09,4.11,0.93,3.03,3.99,0,0
1182,Lucas Lima,AUS,2014,ST,26,1988,179,83,Right,161.4,82,4,377,1.55,0.55,0.0,0.0,0.0,70.7,2.1,4.03,1.46,1.1,0.2,1.59,15.91,2.76,3.18,6.32,0,0
1183,Joao Oliveira,AUS,2014,RW,22,1992,182,71,Left,93.0,73,2,233,1.02,0.73,0.0,0.43,0.0,72.2,2.92,3.94,1.7,1.56,0.1,0.74,13.73,3.54,15.61,6.12,0,0
1184,Fernando Cavalcanti,AUS,2014,CDM,19,1995,174,86,Both,26.1,68,3,278,0.13,0.4,0.0,0.88,0.0,86.9,5.44,11.62,10.41,0.57,0.2,0.08,2.33,0.87,6.56,9.34,1,0
1185,Rodrigo Cardoso,AUS,2014,ST,34,1980,173,78,Both,114.4,90,6,500,1.34,0.26,0.0,0.0,0.0,72.3,0.8,3.06,1.14,1.28,-0.3,1.47,6.42,3.68,4.37,8.92,0,0
1186,Gabriel Freitas,AUS,2014,RW,29,1985,193,84,Right,92.6,83,2,212,1.0,0.79,0.0,0.49,0.0,80.7,4.21,4.43,2.07,1.76,0.0,0.64,10.64,3.07,11.05,4.1,0,0
1187,Matheus Melo,AUS,2014,RB,31,1983,194,78,Right,58.7,97,2,184,0.23,0.53,0.0,2.31,0.0,87.7,7.66,7.72,10.34,1.09,0.2,0.68,3.1,2.29,6.76,5.42,1,0
1188,Felipe Mendes,AUS,2014,CM,28,1986,173,77,Both,18.0,75,3,302,0.48,0.67,0.0,0.83,0.0,87.3,5.82,7.42,5.35,0.82,0.1,0.77,6.5,2.17,9.14,5.59,1,0
1189,Heitor Silva,AUS,2014,CM,31,1983,192,84,Left,9.8,61,3,242,0.4,0.72,0.0,0.98,0.0,86.8,6.39,8.87,2.62,0.91,0.5,0.09,2.7,3.08,9.89,3.49,1,0
1190,Pedro Rodrigues,AUS,2014,CDM,27,1987,193,73,Left,50.4,74,3,270,0.15,0.32,0.0,0.94,0.0,90.9,17.57,9.56,9.33,0.36,0.0,1.0,5.57,1.45,3.66,12.75,1,0
1191,Roberto Ribeiro,AUS,2014,LB,36,1978,176,66,Right,24.2,82,6,533,0.34,0.46,0.0,1.39,0.0,78.1,4.96,8.37,6.33,0.84,0.3,0.87,8.16,3.09,6.18,4.25,0,0
1192,Gustavo Lima,AUS,2014,CAM,31,1983,173,81,Right,86.8,78,5,476,0.65,0.79,0.0,0.78,0.0,82.4,3.63,5.21,2.01,1.19,0.2,1.07,12.63,3.3,1.87,4.24,0,0
1193,Matheus Carvalho,AUS,2014,LW,30,1984,181,70,Left,61.9,71,3,287,0.14,0.97,0.0,0.49,0.0,76.3,1.14,5.81,1.64,0.71,0.2,0.84,10.32,3.73,12.36,3.38,0,0
1194,Lucas Rocha,AUS,2014,GK,33,1981,184,87,Right,29.3,81,5,447,0.0,0.0,20.4,1.7,2.69,93.0,0.93,1.76,4.54,0.0,0.9,0.24,0.0,0.0,0.0,1.59,0,0
1195,Arthur Rodrigues,AUS,2014,CB,35,1979,170,85,Both,25.1,88,5,450,0.22,0.1,0.0,2.57,0.0,94.4,6.69,6.78,12.28,0.42,-0.3,0.22,4.12,0.72,2.44,6.38,1,0
1196,Matheus Ribeiro,AUS,2014,GK,31,1983,190,90,Both,56.2,74,2,246,0.0,0.0,19.13,2.95,3.96,83.0,1.1,2.79,6.81,0.0,0.4,-0.07,0.0,0.0,0.0,1.67,0,0
1197,Eduardo Pereira,IRN,2014,CM,34,1980,183,89,Right,6.5,67,2,233,0.5,0.56,0.0,0.65,0.0,91.0,12.14,8.97,2.89,0.67,-0.3,-0.2,4.86,2.15,7.83,5.32,0,0
1198,Gustavo Monteiro,IRN,2014,CB,29,1985,176,76,Left,36.3,66,2,206,0.16,0.14,0.0,0.81,0.0,86.7,7.4,9.01,23.0,0.48,0.6,0.14,4.32,0.89,1.5,4.93,1,0
1199,Rodrigo Dias,IRN,2014,RW,37,1977,180,66,Left,20.1,74,5,448,0.45,0.55,0.0,0.16,0.0,75.0,3.28,4.91,0.54,2.02,-0.2,1.05,15.57,5.72,7.14,6.87,0,0
1200,Rodrigo Nascimento,IRN,2014,GK,19,1995,188,94,Left,24.9,65,3,307,0.0,0.0,14.19,2.61,2.71,85.1,1.33,2.81,1.73,0.0,1.0,-0.02,0.0,0.0,0.0,0.79,0,0
1201,Eduardo Araujo,IRN,2014,CB,29,1985,192,88,Left,40.9,73,4,380,0.31,0.08,0.0,1.2,0.0,84.9,3.98,11.99,32.17,0.46,-0.1,0.02,4.17,1.23,1.7,4.77,1,0
1202,Lucas Ribeiro,IRN,2014,CDM,28,1986,193,79,Left,44.5,73,3,237,0.25,0.5,0.0,1.06,0.0,87.9,11.2,11.92,8.62,0.8,-0.4,-0.24,4.4,0.44,3.64,7.1,0,0
1203,Lucas Araujo,IRN,2014,LW,28,1986,194,77,Left,49.8,75,3,254,1.01,1.3,0.0,0.74,0.0,78.3,2.24,4.73,1.48,1.86,-0.2,0.41,7.14,5.68,9.97,4.51,0,0
1204,Arthur Nascimento,IRN,2014,LW,29,1985,181,89,Right,97.7,82,5,407,0.72,0.95,0.0,0.56,0.0,76.8,2.78,4.93,2.73,1.93,0.3,0.94,11.94,4.11,14.67,6.37,0,0
1205,Andre Gomes,IRN,2014,LB,23,1991,193,70,Right,59.9,74,4,426,0.33,0.42,0.0,2.03,0.0,77.5,11.07,8.5,5.96,0.96,-0.3,0.25,5.29,1.59,7.0,4.57,1,0
1206,Vinicius Dias,IRN,2014,GK,27,1987,187,82,Right,46.4,76,3,277,0.0,0.0,23.89,1.43,3.4,83.4,0.96,3.04,3.14,0.0,0.2,0.53,0.0,0.0,0.0,0.86,0,0
1207,Pedro Martins,IRN,2014,GK,30,1984,195,86,Left,14.5,78,6,449,0.0,0.0,15.77,1.46,3.68,89.1,1.27,1.5,6.67,0.0,0.4,0.14,0.0,0.0,0.0,0.76,0,0
1208,Lucas Freitas,IRN,2014,ST,19,1995,180,83,Right,50.8,73,4,370,1.22,0.28,0.0,0.0,0.0,74.6,1.95,2.83,1.03,1.29,-0.1,1.12,12.92,6.48,11.02,3.18,0,0
1209,Leonardo Silva,IRN,2014,LB,19,1995,170,77,Both,24.3,79,1,144,0.28,0.37,0.0,1.1,0.0,84.0,7.0,7.79,11.83,1.16,0.1,0.55,7.71,1.25,3.84,4.98,0,0
1210,Rafael Araujo,IRN,2014,CM,21,1993,173,89,Left,45.0,73,3,269,0.56,0.73,0.0,0.95,0.0,84.5,6.21,10.0,4.52,0.64,0.4,0.29,4.18,2.83,9.6,5.81,0,0
1211,Andre Martins,IRN,2014,RB,30,1984,175,84,Left,32.7,83,3,272,0.31,0.44,0.0,1.62,0.0,84.4,12.28,10.96,9.63,0.63,0.1,0.34,4.6,1.9,4.77,6.16,0,0
1212,Carlos Mendes,IRN,2014,CAM,27,1987,189,71,Right,30.2,75,2,236,0.61,1.39,0.0,0.57,0.0,84.6,3.07,4.36,1.37,1.35,0.4,1.1,10.47,2.88,8.86,4.15,0,0
1213,Rafael Ferreira,IRN,2014,RW,30,1984,194,84,Left,21.0,69,4,322,0.77,0.16,0.0,0.73,0.0,74.2,2.19,5.87,2.62,1.33,-0.0,0.8,8.87,3.47,21.52,6.56,0,0
1214,Felipe Rocha,IRN,2014,CM,30,1984,185,87,Right,31.1,71,2,222,0.43,0.87,0.0,0.73,0.0,84.0,8.96,8.39,5.33,0.97,0.1,0.32,5.0,1.97,2.31,6.29,0,0
1215,Felipe Barbosa,IRN,2014,ST,30,1984,181,74,Right,55.1,89,4,361,1.05,0.52,0.0,0.0,0.0,70.3,2.23,4.13,1.23,1.14,-0.3,0.75,14.05,5.83,3.17,6.56,0,0
1216,Pedro Araujo,IRN,2014,RB,35,1979,170,78,Left,50.7,96,4,318,0.21,0.67,0.0,2.51,0.0,78.8,13.02,10.51,7.11,0.62,0.5,0.42,6.46,3.35,6.32,3.44,0,0
1217,Gabriel Ferreira,IRN,2014,CB,28,1986,189,70,Right,27.1,85,5,492,0.3,0.1,0.0,2.26,0.0,90.9,9.51,9.02,25.32,0.54,0.1,-0.24,4.04,1.27,1.65,8.51,0,0
1218,Gabriel Lima,IRN,2014,CB,21,1993,171,73,Right,13.6,60,2,257,0.13,0.13,0.0,1.12,0.0,87.2,3.03,11.63,22.36,0.44,0.0,-0.24,2.14,1.42,1.57,3.68,0,0
1219,Andre Ferreira,IRN,2014,CDM,22,1992,171,84,Right,18.3,68,3,310,0.23,0.3,0.0,1.26,0.0,90.2,12.68,14.25,9.17,0.49,-0.1,0.52,4.12,1.1,2.38,7.37,1,0
1220,Arthur Santos,CMR,2014,ST,37,1977,180,71,Right,79.0,79,4,393,1.14,0.55,0.0,0.0,0.0,77.9,2.26,3.23,1.23,1.76,-0.1,1.4,9.84,6.09,6.53,7.91,0,0
1221,Fernando Mendes,CMR,2014,LB,35,1979,186,70,Both,38.5,74,4,416,0.22,0.55,0.0,1.68,0.0,81.4,6.59,8.4,14.58,0.85,-0.5,-0.23,3.46,2.17,8.97,3.33,0,0
1222,Diego Oliveira,CMR,2014,CB,28,1986,188,75,Right,86.3,81,5,479,0.26,0.11,0.0,2.47,0.0,90.8,6.8,10.42,0.0,0.36,-0.6,0.18,4.47,0.56,1.95,8.96,0,0
1223,Bruno Ribeiro,CMR,2014,LW,22,1992,185,72,Right,47.3,81,3,256,0.45,0.71,0.0,0.68,0.0,78.6,1.53,4.19,2.22,1.32,-0.2,1.23,10.59,4.11,12.49,5.42,0,0
1224,Fernando Rocha,CMR,2014,RB,34,1980,187,77,Right,52.8,74,4,382,0.23,0.5,0.0,1.17,0.0,82.9,10.81,12.84,10.33,1.12,0.4,0.37,4.69,1.3,6.6,5.46,1,0
1225,Roberto Oliveira,CMR,2014,CM,24,1990,184,65,Right,16.5,70,4,385,0.46,0.52,0.0,0.51,0.0,87.8,5.39,8.84,3.71,0.48,0.1,-0.06,5.08,1.59,5.89,8.43,0,0
1226,Joao Oliveira,CMR,2014,RW,31,1983,187,89,Left,43.9,74,4,362,0.78,0.87,0.0,0.77,0.0,77.8,4.17,2.96,2.24,1.18,-0.1,1.28,9.51,3.88,15.1,6.13,0,0
1227,Bruno Silva,CMR,2014,ST,35,1979,190,75,Right,89.6,81,3,292,1.03,0.49,0.0,0.0,0.0,76.5,2.68,2.95,1.2,1.13,0.0,1.4,14.33,4.29,7.55,3.58,0,0
1228,Rodrigo Carvalho,CMR,2014,RB,25,1989,175,85,Left,46.2,84,5,425,0.25,0.36,0.0,1.57,0.0,76.8,11.25,11.38,5.86,0.79,0.3,0.18,6.16,2.7,8.97,3.8,0,0
1229,Matheus Araujo,CMR,2014,CAM,23,1991,183,78,Left,75.8,79,3,302,0.55,1.01,0.0,0.6,0.0,88.6,3.94,3.66,0.91,1.57,0.1,0.71,12.27,2.68,6.85,3.99,0,0
1230,Heitor Pereira,CMR,2014,CB,35,1979,190,82,Right,33.3,75,4,350,0.33,0.08,0.0,1.32,0.0,86.9,8.23,10.04,33.67,0.57,0.0,-0.12,2.31,1.41,1.85,3.58,1,0
1231,Paulo Freitas,CMR,2014,CM,29,1985,183,72,Both,41.8,71,4,353,0.29,0.56,0.0,0.71,0.0,89.5,8.0,5.25,6.57,1.07,-0.3,0.52,7.99,1.84,2.94,4.94,0,0
1232,Fernando Costa,CMR,2014,GK,19,1995,191,86,Right,23.8,85,3,305,0.0,0.0,21.85,2.8,1.66,85.7,1.06,1.71,2.12,0.0,0.3,-0.03,0.0,0.0,0.0,1.09,0,0
1233,Rodrigo Cavalcanti,CMR,2014,CM,21,1993,175,68,Both,35.6,67,4,316,0.7,0.56,0.0,1.56,0.0,86.8,8.07,11.09,3.78,0.76,-0.0,0.17,3.47,1.16,3.48,5.26,1,0
1234,Ricardo Rocha,CMR,2014,CDM,32,1982,192,86,Both,19.0,78,2,187,0.14,0.39,0.0,1.32,0.0,87.2,12.05,12.45,8.62,0.54,0.1,0.35,2.33,1.04,3.35,5.17,0,0
1235,Joao Rodrigues,CMR,2014,GK,30,1984,194,85,Both,38.6,74,3,308,0.0,0.0,13.09,2.32,3.75,84.6,1.2,3.16,4.14,0.0,0.4,-0.61,0.0,0.0,0.0,0.74,0,0
1236,Carlos Barbosa,CMR,2014,LW,30,1984,193,69,Right,73.8,83,5,415,0.48,1.14,0.0,0.58,0.0,80.9,2.74,5.14,1.82,1.92,0.1,1.03,7.79,4.6,19.44,4.63,0,0
1237,Vinicius Ribeiro,CMR,2014,CDM,24,1990,187,84,Left,29.8,77,3,302,0.16,0.53,0.0,0.43,0.0,87.3,16.86,11.2,9.72,0.78,-0.4,0.82,3.35,1.45,5.36,3.77,1,0
1238,Paulo Souza,CMR,2014,RW,30,1984,189,79,Right,30.4,86,1,116,0.78,0.82,0.0,0.65,0.0,76.5,1.48,3.91,1.59,1.45,-0.2,1.12,7.84,6.25,15.65,4.48,0,0
1239,Fernando Ribeiro,CMR,2014,CB,30,1984,184,89,Right,26.8,75,4,404,0.21,0.05,0.0,1.5,0.0,88.0,9.29,11.16,15.93,0.43,0.2,-0.03,3.77,0.64,1.42,1.54,0,0
1240,Alexandre Souza,CMR,2014,CB,23,1991,181,77,Right,51.6,83,3,331,0.27,0.14,0.0,1.9,0.0,88.2,7.64,8.58,38.72,0.47,-0.1,0.36,5.81,0.79,1.21,6.94,1,0
1241,Ricardo Nascimento,CMR,2014,GK,28,1986,191,89,Right,7.8,74,3,246,0.0,0.0,2.41,0.79,3.58,87.8,1.26,0.8,4.57,0.0,0.4,-0.17,0.0,0.0,0.0,1.64,0,0
1242,Marcelo Ribeiro,CMR,2014,LB,37,1977,179,85,Right,46.0,93,3,293,0.25,0.48,0.0,2.82,0.0,82.1,4.28,12.18,10.83,0.47,-0.7,0.1,7.43,1.54,5.95,3.84,1,0
1243,Leonardo Lima,ECU,2014,CDM,20,1994,188,85,Right,46.4,77,3,278,0.26,0.13,0.0,0.97,0.0,85.5,12.7,9.85,5.47,0.56,0.3,0.23,4.13,0.97,4.54,6.88,0,0
1244,Felipe Nascimento,ECU,2014,RW,20,1994,184,72,Right,34.4,70,3,232,0.62,0.69,0.0,0.27,0.0,77.3,3.0,3.15,1.83,0.9,0.1,0.63,7.72,6.75,14.25,3.75,0,0
1245,Fernando Monteiro,ECU,2014,CM,27,1987,175,79,Both,7.1,63,4,414,0.33,0.79,0.0,0.88,0.0,87.7,11.59,6.71,6.11,0.7,-0.5,-0.67,6.18,1.7,5.81,5.9,0,0
1246,Vinicius Souza,ECU,2014,RB,30,1984,191,73,Left,16.2,80,2,233,0.18,0.66,0.0,1.18,0.0,78.7,14.54,5.05,9.66,0.58,0.0,0.64,2.51,1.56,4.19,8.88,0,0
1247,Felipe Martins,ECU,2014,CB,23,1991,187,70,Right,44.6,79,5,447,0.28,0.1,0.0,2.18,0.0,83.0,6.77,8.2,25.1,0.42,-0.0,-0.29,5.35,1.06,1.93,9.21,0,0
1248,Gustavo Mendes,ECU,2014,CB,33,1981,193,73,Right,62.3,81,2,183,0.26,0.1,0.0,2.0,0.0,88.5,8.09,10.5,20.3,0.56,-0.1,0.67,3.52,0.91,2.43,5.48,0,0
1249,Joao Barbosa,ECU,2014,CDM,37,1977,188,75,Left,9.9,74,3,279,0.16,0.31,0.0,1.02,0.0,85.2,10.52,9.49,8.28,0.22,0.1,0.04,2.58,1.16,4.8,12.32,0,0
1250,Carlos Barbosa,ECU,2014,CM,19,1995,186,84,Right,7.7,60,3,247,0.45,0.47,0.0,0.91,0.0,89.2,11.82,10.62,4.45,0.96,0.1,0.01,5.81,1.61,8.36,8.0,0,0
1251,Gustavo Mendes,ECU,2014,CM,22,1992,185,67,Right,22.9,79,5,424,0.62,0.59,0.0,0.71,0.0,93.3,5.75,5.95,5.29,1.07,-0.1,0.44,4.62,1.84,9.77,9.16,1,0
1252,Carlos Dias,ECU,2014,RW,26,1988,175,69,Right,56.8,82,3,304,0.6,0.67,0.0,0.72,0.0,79.1,1.53,3.99,2.49,1.21,0.3,0.71,7.25,3.9,15.36,8.88,0,0
1253,Joao Costa,ECU,2014,CAM,22,1992,191,77,Right,69.2,78,5,433,0.74,0.73,0.0,0.51,0.0,83.0,3.33,2.91,1.59,0.9,-0.6,0.8,4.5,3.76,10.87,5.27,0,0
1254,Joao Carvalho,ECU,2014,LW,34,1980,189,73,Right,58.3,73,6,538,0.58,0.95,0.0,0.29,0.0,77.3,3.37,2.85,2.26,1.64,0.8,1.0,11.02,3.0,14.05,4.67,0,0
1255,Gustavo Mendes,ECU,2014,ST,29,1985,194,83,Left,157.6,81,3,287,0.97,0.53,0.0,0.0,0.0,71.0,1.58,2.81,0.9,0.73,-0.3,1.79,5.32,2.46,8.78,7.48,0,0
1256,Leonardo Melo,ECU,2014,CB,22,1992,181,68,Left,59.7,83,6,482,0.16,0.1,0.0,3.2,0.0,89.7,9.57,8.66,31.27,0.51,-0.3,0.79,3.37,1.09,1.87,6.98,1,0
1257,Eduardo Nascimento,ECU,2014,GK,36,1978,199,82,Right,37.2,75,1,142,0.0,0.0,15.49,1.74,3.08,88.7,1.13,2.06,5.7,0.0,0.7,0.82,0.0,0.0,0.0,0.91,0,0
1258,Fernando Martins,ECU,2014,LB,33,1981,185,76,Right,24.3,78,3,311,0.23,0.43,0.0,1.6,0.0,76.2,13.45,9.68,16.94,0.71,0.3,0.61,3.61,2.08,7.59,3.15,1,0
1259,Gustavo Melo,ECU,2014,LW,22,1992,181,83,Right,20.9,69,2,210,0.38,0.91,0.0,0.57,0.0,78.2,3.12,3.24,1.93,1.13,-0.2,0.43,7.34,4.24,16.56,4.71,0,0
1260,Ricardo Freitas,ECU,2014,ST,21,1993,188,89,Right,29.5,79,4,371,1.4,0.26,0.0,0.0,0.0,71.8,1.59,2.56,0.59,1.22,0.1,1.33,14.35,6.4,5.55,3.44,0,0
1261,Eduardo Gomes,ECU,2014,GK,29,1985,187,83,Right,8.0,72,2,184,0.0,0.0,12.8,1.23,2.04,83.3,0.74,2.34,5.22,0.0,0.0,0.22,0.0,0.0,0.0,1.2,0,0
1262,Diego Oliveira,ECU,2014,LB,28,1986,180,83,Right,79.0,82,3,304,0.34,0.47,0.0,2.02,0.0,80.3,10.31,9.13,11.04,0.87,-0.4,0.31,3.53,2.93,6.04,5.1,0,0
1263,Matheus Nascimento,ECU,2014,RB,36,1978,179,76,Right,68.6,87,3,242,0.33,0.71,0.0,1.8,0.0,81.3,11.45,6.42,10.85,0.78,0.1,0.56,4.33,2.13,5.06,3.02,0,0
1264,Heitor Oliveira,ECU,2014,CB,22,1992,192,78,Both,30.8,68,5,488,0.21,0.14,0.0,1.85,0.0,87.7,9.66,11.43,30.7,0.68,-0.3,-0.24,4.2,1.15,2.21,6.5,1,0
1265,Thiago Almeida,ECU,2014,GK,19,1995,189,80,Right,23.6,72,2,238,0.0,0.0,18.11,1.59,0.66,79.2,0.9,1.96,3.55,0.0,0.4,-0.34,0.0,0.0,0.0,0.4,0,0
1266,Diego Mendes,HON,2014,CB,33,1981,173,70,Left,62.6,83,5,468,0.27,0.09,0.0,2.22,0.0,85.2,1.55,6.85,25.91,0.65,0.1,0.32,4.46,0.87,1.27,6.27,1,0
1267,Gustavo Oliveira,HON,2014,GK,24,1990,198,85,Right,44.0,70,6,510,0.0,0.0,16.67,2.37,1.81,90.7,1.08,1.84,5.3,0.0,0.5,-0.17,0.0,0.0,0.0,0.48,0,0
1268,Matheus Rocha,HON,2014,LW,25,1989,194,71,Right,54.5,84,3,309,1.18,0.36,0.0,0.57,0.0,83.0,3.45,5.69,2.58,1.56,0.3,0.54,13.15,2.8,12.81,4.56,0,0
1269,Matheus Martins,HON,2014,ST,34,1980,192,68,Left,85.5,84,6,535,1.59,0.42,0.0,0.0,0.0,74.0,1.85,3.21,1.48,0.91,-0.4,1.56,12.19,5.04,4.38,7.61,0,0
1270,Rafael Gomes,HON,2014,RB,30,1984,191,70,Left,32.0,82,5,469,0.27,0.5,0.0,1.35,0.0,78.0,11.66,4.16,9.94,0.7,0.1,0.5,5.5,1.67,3.17,6.14,0,0
1271,Rodrigo Rocha,HON,2014,LW,25,1989,179,66,Left,69.6,79,5,469,0.49,1.06,0.0,0.45,0.0,76.2,3.14,4.48,2.56,1.13,0.1,0.85,15.11,5.23,14.79,4.58,0,0
1272,Heitor Gomes,HON,2014,CB,23,1991,191,76,Right,58.2,75,5,389,0.1,0.14,0.0,2.44,0.0,87.8,9.55,4.3,28.99,0.35,-0.1,-0.23,2.53,0.91,2.23,6.51,1,0
1273,Gabriel Ribeiro,HON,2014,GK,20,1994,186,79,Right,24.6,69,3,287,0.0,0.0,17.26,2.02,4.24,89.4,1.24,1.64,5.12,0.0,0.4,0.22,0.0,0.0,0.0,0.28,0,0
1274,Felipe Barbosa,HON,2014,RW,31,1983,170,88,Left,47.2,73,4,353,0.32,0.53,0.0,0.64,0.0,73.0,1.76,4.47,2.32,1.77,0.2,0.43,9.83,3.67,9.23,6.33,0,0
1275,Felipe Silva,HON,2014,RB,26,1988,175,80,Right,20.7,79,2,239,0.27,0.5,0.0,1.34,0.0,84.3,10.7,5.91,7.79,0.74,0.7,0.54,3.6,2.5,7.76,3.67,0,0
1276,Joao Silva,HON,2014,CAM,28,1986,187,82,Right,39.0,76,3,254,0.66,1.56,0.0,0.7,0.0,79.9,4.02,5.69,2.24,1.71,0.5,0.95,15.3,2.5,5.53,3.81,0,0
1277,Gustavo Monteiro,HON,2014,LB,32,1982,193,69,Left,26.6,91,6,448,0.24,0.44,0.0,2.77,0.0,85.9,9.01,7.7,11.34,0.66,-0.3,0.4,4.66,2.35,4.64,7.08,1,0
1278,Heitor Pereira,HON,2014,CDM,29,1985,181,75,Both,40.6,73,3,337,0.22,0.18,0.0,0.72,0.0,90.5,10.38,10.3,7.28,0.37,-0.3,0.21,4.93,1.23,2.5,5.66,1,0
1279,Eduardo Rodrigues,HON,2014,RW,29,1985,186,74,Right,80.7,72,3,320,0.63,1.01,0.0,0.15,0.0,75.4,3.54,3.99,2.35,1.19,0.1,0.99,4.06,2.35,18.14,5.49,0,0
1280,Felipe Santos,HON,2014,LB,36,1978,185,69,Right,22.4,94,3,264,0.4,0.44,0.0,2.56,0.0,86.4,2.09,8.1,5.57,0.9,0.9,0.62,5.29,2.01,4.23,3.54,1,0
1281,Arthur Barbosa,HON,2014,CM,25,1989,185,85,Right,14.9,60,5,433,0.32,0.2,0.0,0.55,0.0,88.3,9.77,7.51,5.83,0.54,-0.1,0.69,5.11,1.97,5.45,5.88,1,0
1282,Alexandre Carvalho,HON,2014,CM,22,1992,193,70,Left,23.6,77,3,346,0.47,0.45,0.0,0.15,0.0,90.9,7.9,8.89,4.88,0.77,-0.3,0.74,7.04,1.92,6.75,6.75,0,0
1283,Alexandre Freitas,HON,2014,ST,24,1990,175,85,Right,29.1,80,4,333,0.75,0.62,0.0,0.0,0.0,72.4,1.53,2.58,1.09,0.97,-0.6,1.14,10.58,7.81,7.69,7.26,0,0
1284,Arthur Ferreira,HON,2014,CDM,21,1993,182,74,Right,38.0,77,4,302,0.13,0.32,0.0,1.03,0.0,84.9,11.01,13.93,4.89,0.49,0.4,0.91,2.52,0.94,2.77,8.35,0,0
1285,Roberto Souza,HON,2014,CM,26,1988,187,76,Right,30.6,61,4,345,0.46,0.6,0.0,1.14,0.0,85.7,8.48,7.68,6.38,0.74,-0.3,0.46,3.83,1.47,5.91,7.94,0,0
1286,Eduardo Araujo,HON,2014,CB,32,1982,175,75,Left,22.8,90,4,364,0.05,0.09,0.0,2.75,0.0,83.0,5.51,8.01,31.49,0.53,0.3,0.81,3.12,0.69,2.0,5.48,1,0
1287,Heitor Martins,HON,2014,GK,27,1987,192,87,Right,66.2,87,3,323,0.0,0.0,13.93,2.41,2.89,84.0,0.91,1.68,4.63,0.0,0.6,0.07,0.0,0.0,0.0,1.53,0,0
1288,Rodrigo Almeida,HON,2014,CB,25,1989,187,82,Right,22.2,82,4,336,0.14,0.14,0.0,2.16,0.0,87.0,12.39,6.31,11.03,0.36,-0.1,0.59,1.65,1.49,1.38,6.04,1,0
1289,Andre Silva,BIH,2014,CAM,31,1983,182,74,Left,76.4,82,5,443,0.62,0.78,0.0,0.83,0.0,84.6,3.38,5.74,2.56,1.51,-0.4,1.28,8.84,4.25,13.11,6.63,0,0
1290,Lucas Ferreira,BIH,2014,RW,22,1992,175,83,Both,83.8,83,4,316,0.81,0.98,0.0,0.2,0.0,81.9,2.1,5.27,0.95,2.05,0.1,1.29,10.91,2.91,16.82,3.57,0,0
1291,Eduardo Mendes,BIH,2014,LB,34,1980,194,80,Right,46.0,82,5,443,0.35,0.59,0.0,1.81,0.0,82.9,9.74,12.46,9.54,1.1,-0.0,0.02,4.83,2.19,5.03,6.9,1,0
1292,Thiago Souza,BIH,2014,LB,26,1988,174,66,Right,48.0,75,5,484,0.23,0.42,0.0,1.58,0.0,82.7,13.32,9.66,6.03,0.94,-0.2,0.71,5.46,1.98,6.71,6.67,0,0
1293,Heitor Mendes,BIH,2014,GK,33,1981,188,87,Both,11.3,64,5,457,0.0,0.0,16.98,1.45,3.05,82.5,1.23,1.25,6.47,0.0,0.5,0.06,0.0,0.0,0.0,0.3,0,0
1294,Gustavo Carvalho,BIH,2014,LW,23,1991,194,80,Right,46.7,83,3,275,0.45,1.02,0.0,0.65,0.0,76.3,3.56,5.65,2.89,1.44,0.3,0.94,15.29,5.2,12.56,5.68,0,0
1295,Ricardo Pereira,BIH,2014,CB,23,1991,184,79,Left,27.2,94,4,362,0.24,0.13,0.0,3.08,0.0,85.5,6.39,7.93,15.62,0.56,0.0,1.1,5.42,0.79,2.44,9.66,1,0
1296,Alexandre Ribeiro,BIH,2014,CB,34,1980,190,78,Left,38.4,85,6,490,0.17,0.09,0.0,2.68,0.0,82.0,5.54,6.95,20.78,0.23,-0.3,0.27,4.37,0.76,1.97,7.63,0,0
1297,Roberto Cardoso,BIH,2014,CDM,21,1993,194,84,Right,58.5,86,4,439,0.15,0.3,0.0,1.37,0.0,86.8,16.71,12.27,5.94,0.56,0.0,0.2,4.93,0.83,3.22,10.82,0,0
1298,Carlos Ribeiro,BIH,2014,GK,20,1994,192,91,Left,67.2,96,5,477,0.0,0.0,21.26,3.21,2.2,80.6,1.01,2.24,6.21,0.0,1.0,0.1,0.0,0.0,0.0,1.27,0,0
1299,Felipe Cardoso,BIH,2014,LW,34,1980,178,87,Both,89.5,81,4,355,1.2,1.28,0.0,0.46,0.0,76.1,2.76,2.95,3.1,0.84,0.2,0.59,10.09,6.57,14.81,5.54,0,0
1300,Carlos Barbosa,BIH,2014,CDM,33,1981,187,69,Left,47.7,77,3,273,0.23,0.37,0.0,0.93,0.0,91.5,11.76,16.25,12.98,0.39,-0.3,0.08,2.59,0.25,4.15,7.7,0,0
1301,Gabriel Oliveira,BIH,2014,RB,32,1982,173,66,Right,83.0,92,3,299,0.27,0.62,0.0,1.97,0.0,84.4,11.15,6.26,9.37,0.51,-0.3,0.38,4.1,1.73,7.52,3.75,0,0
1302,Diego Dias,BIH,2014,CM,36,1978,194,69,Right,41.3,78,4,342,0.39,0.46,0.0,0.63,0.0,84.2,5.44,10.88,4.39,0.47,0.0,0.7,9.19,3.1,4.94,6.39,1,0
1303,Andre Pereira,BIH,2014,RB,22,1992,176,84,Left,46.1,82,4,366,0.23,0.31,0.0,1.99,0.0,83.3,13.89,9.9,9.23,0.64,-0.4,0.32,7.65,1.11,7.52,5.3,0,0
1304,Lucas Melo,BIH,2014,CM,36,1978,177,87,Right,36.0,68,4,360,0.56,0.62,0.0,0.48,0.0,86.6,7.97,11.4,2.96,0.35,0.2,0.61,2.68,1.53,4.22,7.39,1,0
1305,Gustavo Mendes,BIH,2014,CB,23,1991,177,73,Right,21.4,69,5,407,0.15,0.04,0.0,1.27,0.0,93.1,7.02,4.71,26.74,0.53,0.1,-0.37,5.79,0.83,1.68,6.06,0,0
1306,Arthur Santos,BIH,2014,ST,35,1979,184,79,Left,120.3,81,3,294,1.79,0.44,0.0,0.0,0.0,70.5,1.22,3.74,1.06,1.15,-0.0,1.51,7.95,5.66,8.96,5.86,0,0
1307,Carlos Rodrigues,BIH,2014,CB,19,1995,188,88,Right,82.0,87,2,214,0.21,0.1,0.0,2.25,0.0,87.0,8.81,4.79,1.62,0.62,-0.3,0.75,5.34,1.47,1.42,6.42,1,0
1308,Paulo Nascimento,BIH,2014,ST,25,1989,183,84,Right,102.5,87,3,305,1.81,0.36,0.0,0.0,0.0,67.5,2.26,5.54,0.96,0.95,0.1,1.17,7.48,4.45,12.42,6.39,0,0
1309,Alexandre Gomes,BIH,2014,GK,25,1989,194,90,Right,22.2,88,5,393,0.0,0.0,13.24,3.07,3.98,86.8,0.98,1.77,4.39,0.0,0.4,0.25,0.0,0.0,0.0,0.86,0,0
1310,Arthur Araujo,BIH,2014,RW,22,1992,192,65,Right,37.8,74,4,384,0.79,0.87,0.0,0.63,0.0,74.2,1.52,5.39,2.49,2.17,-0.5,0.74,11.34,3.99,8.63,4.93,0,0
1311,Pedro Costa,BIH,2014,CM,28,1986,184,76,Left,16.0,75,2,252,0.27,0.71,0.0,1.14,0.0,87.4,8.91,5.25,4.12,0.99,0.4,0.41,5.13,1.18,5.26,6.12,0,0
1312,Alexandre Cavalcanti,RUS,2014,GK,31,1983,191,76,Right,8.7,74,3,280,0.0,0.0,17.85,2.04,3.08,84.7,1.14,1.55,7.02,0.0,0.3,-0.55,0.0,0.0,0.0,0.76,0,0
1313,Rafael Monteiro,RUS,2014,RB,35,1979,170,86,Right,24.5,86,4,388,0.38,0.55,0.0,1.85,0.0,81.2,2.8,4.17,11.18,0.67,0.5,0.43,7.71,2.4,8.38,6.04,1,0
1314,Diego Costa,RUS,2014,RW,37,1977,176,75,Right,63.0,72,5,525,0.45,0.75,0.0,0.76,0.0,78.2,2.81,4.76,2.13,1.47,0.3,0.82,10.86,3.42,21.63,6.69,0,0
1315,Roberto Ribeiro,RUS,2014,CB,22,1992,186,81,Right,26.9,86,5,390,0.18,0.08,0.0,1.69,0.0,86.4,6.87,12.95,30.88,0.51,0.4,0.42,3.55,0.3,2.39,5.55,1,0
1316,Andre Melo,RUS,2014,CB,37,1977,183,70,Left,45.0,81,3,235,0.14,0.12,0.0,1.68,0.0,84.9,9.96,9.01,37.82,0.55,0.2,0.81,3.52,1.66,1.87,8.83,1,0
1317,Vinicius Santos,RUS,2014,CDM,32,1982,186,84,Both,18.1,84,3,325,0.2,0.45,0.0,0.96,0.0,93.4,6.83,14.0,9.32,0.42,-0.2,-0.04,4.6,1.26,5.22,6.49,2,0
1318,Felipe Gomes,RUS,2014,LW,23,1991,181,68,Left,60.0,74,3,344,0.52,0.99,0.0,0.68,0.0,74.7,3.92,5.41,2.56,1.17,0.0,0.51,7.19,5.3,14.68,5.9,0,0
1319,Paulo Barbosa,RUS,2014,LB,29,1985,179,68,Right,73.6,80,2,193,0.32,0.68,0.0,2.01,0.0,83.4,11.69,6.58,10.38,0.68,0.7,0.4,2.86,2.19,4.11,2.6,0,0
1320,Heitor Lima,RUS,2014,CM,35,1979,184,69,Left,32.8,77,4,357,0.4,0.39,0.0,0.94,0.0,87.0,6.08,8.07,6.36,0.84,0.3,0.8,5.79,1.79,5.93,3.99,0,0
1321,Bruno Barbosa,RUS,2014,CB,24,1990,177,76,Left,54.4,74,4,411,0.28,0.14,0.0,1.5,0.0,94.9,6.97,6.29,26.26,0.43,0.1,0.42,3.77,0.65,1.39,7.97,0,0
1322,Pedro Rocha,RUS,2014,RW,31,1983,193,73,Both,25.2,72,2,181,0.74,0.83,0.0,0.45,0.0,83.5,2.5,1.66,2.45,1.57,0.0,0.32,8.27,3.78,18.4,5.41,0,0
1323,Eduardo Rodrigues,RUS,2014,CAM,29,1985,192,88,Right,43.2,84,4,330,0.71,0.47,0.0,0.71,0.0,85.4,4.33,4.23,1.68,1.17,0.3,1.39,8.89,3.64,12.28,4.42,0,0
1324,Paulo Freitas,RUS,2014,GK,31,1983,183,81,Left,38.7,73,4,366,0.0,0.0,19.01,2.53,4.53,86.8,0.83,1.93,4.99,0.0,0.0,0.08,0.0,0.0,0.0,1.27,0,0
1325,Joao Cavalcanti,RUS,2014,CM,28,1986,180,77,Left,9.4,69,3,261,0.34,0.37,0.0,0.94,0.0,84.1,8.43,7.48,3.99,1.06,0.7,-0.28,3.27,1.52,9.31,8.3,1,0
1326,Matheus Cardoso,RUS,2014,CB,28,1986,183,81,Right,68.9,80,2,211,0.2,0.12,0.0,1.78,0.0,92.1,11.1,8.75,12.7,0.27,0.0,0.31,3.86,1.32,1.87,4.53,0,0
1327,Lucas Monteiro,RUS,2014,GK,26,1988,195,77,Left,39.2,72,3,287,0.0,0.0,13.18,2.08,3.27,85.7,1.54,1.89,7.37,0.0,0.2,0.06,0.0,0.0,0.0,0.8,0,0
1328,Paulo Melo,RUS,2014,LW,25,1989,173,79,Left,25.4,82,4,342,0.93,1.06,0.0,0.45,0.0,80.0,3.2,5.2,1.58,1.63,0.0,0.67,6.72,4.79,11.71,3.41,0,0
1329,Andre Almeida,RUS,2014,CM,32,1982,191,72,Right,18.4,64,5,420,0.24,0.76,0.0,1.23,0.0,90.3,6.88,8.93,3.38,0.73,-0.2,0.01,4.74,1.88,9.04,3.06,0,0
1330,Marcelo Lima,RUS,2014,RB,21,1993,193,75,Right,19.8,82,4,371,0.27,0.53,0.0,1.73,0.0,80.9,13.34,6.18,4.4,0.95,-0.2,0.42,7.15,2.24,3.01,6.8,0,0
1331,Alexandre Nascimento,RUS,2014,LB,21,1993,191,68,Right,34.3,90,5,480,0.41,0.31,0.0,1.58,0.0,80.2,13.99,9.0,8.28,0.91,0.3,0.55,4.32,1.73,7.36,2.75,0,0
1332,Marcelo Rodrigues,RUS,2014,ST,20,1994,193,65,Right,45.0,85,4,397,0.99,0.54,0.0,0.0,0.0,71.1,1.74,2.5,0.82,0.95,0.1,1.78,13.97,4.54,7.5,8.19,0,0
1333,Joao Freitas,RUS,2014,ST,28,1986,190,84,Left,88.5,88,3,312,1.13,0.42,0.0,0.0,0.0,69.6,1.22,4.41,1.44,1.31,-0.1,1.34,15.83,9.24,8.83,4.44,0,0
1334,Bruno Silva,RUS,2014,CDM,23,1991,185,86,Left,30.1,68,6,551,0.22,0.34,0.0,1.04,0.0,92.2,13.54,11.87,7.49,0.41,-0.3,0.09,3.16,1.35,5.63,4.82,1,0
1335,Kane,ENG,2014,CB,28,1986,170,72,Both,74.1,75,4,395,0.26,0.14,0.0,1.29,0.0,85.1,4.16,0.2,15.02,0.67,-0.1,0.77,2.61,0.92,2.72,4.65,1,0
1336,Sterling,ENG,2014,CDM,20,1994,186,84,Both,51.6,77,4,382,0.28,0.27,0.0,0.98,0.0,94.4,11.12,8.53,9.55,0.45,0.0,0.68,3.19,0.54,4.65,8.94,0,0
1337,Pickford,ENG,2014,ST,20,1994,177,85,Left,80.2,87,3,285,1.03,0.42,0.0,0.0,0.0,69.8,2.21,2.5,1.23,1.34,0.1,1.52,13.28,7.11,5.54,9.3,0,0
1338,Walker,ENG,2014,RB,29,1985,174,72,Right,46.8,83,1,153,0.38,0.21,0.0,2.17,0.0,81.1,8.42,4.77,11.03,0.78,-0.0,0.82,5.36,2.76,6.38,5.47,1,0
1339,Stones,ENG,2014,GK,32,1982,192,84,Right,24.6,75,2,201,0.0,0.0,19.86,2.86,2.98,83.5,1.78,1.98,4.75,0.0,0.3,-0.51,0.0,0.0,0.0,1.3,0,0
1340,Maguire,ENG,2014,GK,31,1983,199,91,Both,16.6,67,4,335,0.0,0.0,15.45,1.76,2.73,83.9,1.05,2.61,5.51,0.0,0.4,-0.33,0.0,0.0,0.0,0.67,0,0
1341,Henderson,ENG,2014,CDM,37,1977,178,83,Left,15.5,70,2,192,0.14,0.2,0.0,1.02,0.0,91.3,19.08,9.57,5.93,0.65,-0.1,0.37,4.37,0.57,4.15,10.58,1,0
1342,Rice,ENG,2014,CM,28,1986,182,80,Left,45.3,61,3,259,0.27,0.61,0.0,1.22,0.0,93.7,7.0,7.32,6.07,0.68,-0.4,0.24,2.84,1.92,6.88,4.43,0,0
1343,Foden,ENG,2014,RW,26,1988,185,89,Both,75.9,79,3,253,0.56,0.33,0.0,0.75,0.0,76.3,2.97,5.61,2.35,2.02,-0.1,1.29,10.26,5.03,23.75,4.48,0,0
1344,Mount,ENG,2014,LB,31,1983,181,89,Right,40.8,82,3,295,0.28,0.55,0.0,2.07,0.0,82.7,14.19,12.18,9.95,1.05,-0.2,0.58,6.87,1.46,5.15,8.81,0,0
1345,Grealish,ENG,2014,CM,27,1987,172,79,Right,7.5,67,3,307,0.35,0.66,0.0,1.14,0.0,88.6,10.79,11.47,6.35,0.43,0.0,-0.23,4.0,2.78,6.83,5.46,0,0
1346,Saka,ENG,2014,LB,37,1977,186,85,Both,73.2,85,4,297,0.23,0.94,0.0,1.97,0.0,81.8,12.47,10.43,8.85,1.02,-0.2,0.58,4.23,2.55,8.0,4.51,0,0
1347,Rashford,ENG,2014,GK,22,1992,194,87,Right,14.2,79,3,295,0.0,0.0,22.72,2.84,2.5,84.8,1.29,1.67,5.24,0.0,0.3,-0.07,0.0,0.0,0.0,1.02,0,0
1348,Sancho,ENG,2014,CB,19,1995,180,80,Both,27.9,84,3,233,0.26,0.11,0.0,1.73,0.0,84.9,9.35,13.7,14.4,0.43,-0.1,0.7,2.67,1.23,1.93,7.39,1,0
1349,Trippier,ENG,2014,CB,27,1987,194,75,Right,41.2,74,4,390,0.1,0.08,0.0,1.94,0.0,91.1,4.39,10.91,30.65,0.31,0.1,0.5,5.03,1.79,2.02,8.26,0,0
1350,Shaw,ENG,2014,CB,23,1991,177,85,Right,51.3,73,3,330,0.3,0.12,0.0,1.47,0.0,89.7,13.08,11.12,25.52,0.74,-0.5,0.49,0.15,0.77,3.08,5.36,1,0
1351,Chilwell,ENG,2014,LW,36,1978,182,84,Left,41.1,84,6,564,0.65,0.88,0.0,0.71,0.0,78.0,3.82,2.56,2.21,1.71,0.0,1.2,9.77,1.19,4.12,2.31,0,0
1352,Coady,ENG,2014,RB,37,1977,171,83,Right,31.5,98,4,367,0.4,0.63,0.0,2.92,0.0,84.5,14.64,8.45,7.88,0.8,0.1,0.3,5.92,1.95,3.53,5.59,0,0
1353,Pope,ENG,2014,CAM,25,1989,175,85,Left,43.6,72,2,204,0.45,0.97,0.0,0.48,0.0,81.4,5.97,4.35,2.32,1.43,-0.9,0.49,3.7,2.35,9.38,4.55,0,0
1354,Ramsdale,ENG,2014,CM,25,1989,187,85,Right,39.3,79,5,457,0.33,0.55,0.0,1.24,0.0,84.6,7.01,11.16,4.11,0.64,0.6,0.45,5.69,3.65,8.24,8.74,0,0
1355,White,ENG,2014,LW,26,1988,190,85,Left,48.2,79,4,402,0.64,0.49,0.0,0.35,0.0,79.0,2.92,2.67,1.02,1.31,0.0,0.79,10.16,5.25,13.27,3.32,0,0
1356,Guehi,ENG,2014,RW,24,1990,182,71,Right,63.0,67,2,241,0.34,1.03,0.0,0.46,0.0,82.0,1.51,5.28,1.77,1.48,-0.2,0.72,13.86,4.0,13.4,4.21,0,0
1357,Bellingham,ENG,2014,ST,26,1988,181,80,Right,27.1,82,4,360,0.39,0.38,0.0,0.0,0.0,71.4,1.84,3.86,0.31,1.44,-0.0,1.52,11.07,4.17,5.65,10.22,0,0
1358,Casillas,ESP,2014,CAM,32,1982,178,72,Left,33.0,77,3,292,0.6,1.24,0.0,0.48,0.0,80.9,2.05,5.24,1.93,1.28,0.0,0.5,7.01,2.63,11.38,4.32,0,0
1359,Ramos,ESP,2014,RB,22,1992,185,80,Right,93.1,92,4,367,0.48,0.55,0.0,2.68,0.0,83.5,11.69,9.39,10.51,0.16,-0.3,0.1,5.0,1.51,3.65,5.24,0,0
1360,Pique,ESP,2014,CB,19,1995,176,88,Right,41.9,74,4,385,0.25,0.12,0.0,1.11,0.0,86.7,9.36,9.85,25.17,0.5,-0.5,0.41,4.3,0.76,1.67,9.01,1,0
1361,Busquets,ESP,2014,CDM,23,1991,177,78,Left,79.2,79,3,244,0.16,0.23,0.0,1.81,0.0,90.0,6.97,10.93,9.17,0.65,-0.2,0.67,3.75,1.34,2.9,8.06,0,0
1362,Iniesta,ESP,2014,GK,37,1977,185,89,Right,64.2,89,4,386,0.0,0.0,22.59,3.15,4.18,86.1,0.53,3.02,5.89,0.0,0.9,0.52,0.0,0.0,0.0,1.13,0,0
1363,Xavi,ESP,2014,CDM,31,1983,180,77,Left,16.8,78,2,218,0.25,0.38,0.0,1.37,0.0,90.0,11.89,11.06,8.38,0.4,-0.1,0.5,3.15,1.16,3.96,4.49,1,0
1364,Villa,ESP,2014,ST,31,1983,177,77,Left,26.9,76,1,145,0.36,0.31,0.0,0.0,0.0,69.1,2.18,2.54,0.92,0.56,-0.0,1.47,14.63,1.75,4.02,5.39,0,0
1365,Torres,ESP,2014,ST,30,1984,177,76,Right,142.2,88,2,175,1.11,0.29,0.0,0.0,0.0,73.8,1.7,3.27,1.27,1.01,-0.1,1.77,13.51,5.3,3.91,2.73,0,0
1366,Alba,ESP,2014,RW,32,1982,174,83,Right,26.6,81,4,359,0.48,0.24,0.0,0.39,0.0,78.0,3.4,3.69,0.9,1.03,0.3,1.55,6.48,2.44,14.67,2.72,0,0
1367,Arbeloa,ESP,2014,RB,28,1986,186,86,Left,32.4,71,2,175,0.27,0.36,0.0,1.16,0.0,79.1,12.48,9.87,9.55,0.6,-0.0,-0.05,4.61,1.4,7.61,3.38,0,0
1368,Silva,ESP,2014,GK,29,1985,193,90,Right,9.3,70,4,399,0.0,0.0,11.87,2.02,4.27,86.1,1.03,1.96,4.29,0.0,0.3,-0.34,0.0,0.0,0.0,0.46,0,0
1369,Pedro,ESP,2014,CB,23,1991,185,82,Right,21.5,78,2,222,0.14,0.1,0.0,2.46,0.0,84.7,8.67,8.54,32.07,0.44,-0.6,0.44,4.28,1.21,1.97,7.5,1,0
1370,Navar,ESP,2014,LW,33,1981,173,81,Right,63.3,87,5,417,0.72,0.94,0.0,0.36,0.0,74.4,3.18,2.97,0.81,1.9,0.6,1.29,3.68,4.17,17.6,4.45,0,0
1371,Llorente,ESP,2014,LB,20,1994,184,72,Left,31.4,89,4,351,0.29,0.78,0.0,3.07,0.0,83.0,13.15,7.85,5.13,0.96,0.5,0.07,5.37,2.53,6.15,5.05,0,0
1372,Morata,ESP,2014,RW,22,1992,183,70,Right,43.0,82,3,284,0.53,0.93,0.0,0.72,0.0,77.8,1.95,4.55,2.84,1.76,-0.2,0.58,14.16,5.98,9.62,0.4,0,0
1373,Asensio,ESP,2014,CM,36,1978,192,69,Left,8.1,61,2,209,0.38,0.73,0.0,0.92,0.0,87.3,6.95,11.44,6.53,0.48,0.6,0.2,5.45,1.71,8.81,7.33,0,0
1374,Sarabia,ESP,2014,CB,25,1989,183,89,Right,11.2,69,5,415,0.32,0.1,0.0,0.77,0.0,83.3,4.69,9.93,23.93,0.4,-0.4,-0.04,6.01,0.92,2.12,3.8,1,0
1375,Unai Simon,ESP,2014,CM,29,1985,173,76,Right,15.2,66,3,347,0.44,0.88,0.0,1.07,0.0,86.0,9.65,8.87,5.35,0.81,-0.5,0.33,6.37,2.04,10.59,7.66,0,0
1376,Rodri,ESP,2014,CM,30,1984,188,71,Right,19.0,78,4,359,0.41,0.65,0.0,0.46,0.0,85.9,4.76,6.46,5.21,0.96,-0.1,0.6,5.99,2.26,2.58,3.78,0,0
1377,Gavi,ESP,2014,LB,36,1978,190,82,Right,61.0,80,3,300,0.29,0.59,0.0,1.69,0.0,84.3,5.97,5.2,9.45,1.27,-0.1,0.33,5.59,2.31,5.4,1.67,0,0
1378,Pedri,ESP,2014,CB,25,1989,174,72,Right,43.4,81,2,169,0.26,0.11,0.0,1.89,0.0,89.1,7.49,12.22,21.39,0.58,0.6,0.35,3.44,1.58,2.11,6.28,0,0
1379,Ferran Torres,ESP,2014,LW,36,1978,181,72,Right,109.3,81,3,314,1.02,1.04,0.0,0.29,0.0,74.6,2.96,5.52,2.48,1.64,0.1,1.37,4.57,2.56,10.52,4.28,0,0
1380,Olmo,ESP,2014,GK,34,1980,195,77,Right,22.8,76,3,265,0.0,0.0,18.35,1.32,3.55,82.1,0.49,1.68,7.16,0.0,0.8,0.24,0.0,0.0,0.0,1.23,0,0
1381,Carlos Santos,ITA,2014,CM,24,1990,190,87,Right,27.4,64,5,386,0.34,0.67,0.0,0.89,0.0,84.4,7.45,9.18,1.44,0.7,-0.2,0.37,6.97,0.99,4.22,5.13,0,0
1382,Gustavo Barbosa,ITA,2014,CM,37,1977,181,78,Right,33.4,62,4,409,0.26,0.83,0.0,0.73,0.0,86.9,5.92,9.19,5.36,1.12,0.1,0.62,5.13,2.23,8.72,6.39,1,0
1383,Bruno Ferreira,ITA,2014,LB,33,1981,175,70,Left,25.3,86,2,230,0.24,0.4,0.0,2.29,0.0,79.9,9.84,9.12,7.31,0.57,-0.2,0.77,5.37,1.22,3.15,6.55,0,0
1384,Leonardo Barbosa,ITA,2014,CM,29,1985,183,84,Right,38.2,72,2,211,0.48,0.39,0.0,1.18,0.0,84.8,10.04,7.33,4.33,0.64,0.5,0.83,4.9,1.71,8.93,9.08,0,0
1385,Fernando Cardoso,ITA,2014,CDM,31,1983,191,89,Left,51.3,78,2,183,0.22,0.23,0.0,0.82,0.0,91.5,17.66,21.65,6.07,0.53,0.3,0.57,0.88,0.85,3.92,8.13,1,0
1386,Alexandre Carvalho,ITA,2014,CB,19,1995,175,70,Both,23.7,81,3,294,0.16,0.13,0.0,1.44,0.0,90.7,7.53,10.9,32.72,0.32,0.1,0.3,3.96,1.74,1.99,8.26,0,0
1387,Andre Gomes,ITA,2014,CDM,19,1995,173,81,Left,61.3,64,4,402,0.13,0.22,0.0,1.33,0.0,87.0,14.47,12.84,9.16,0.44,0.2,0.21,3.61,0.49,5.29,8.55,0,0
1388,Bruno Costa,ITA,2014,CB,35,1979,193,71,Left,41.7,86,5,472,0.19,0.12,0.0,2.44,0.0,87.0,5.16,9.76,30.77,0.48,-0.0,0.38,5.36,1.1,2.55,10.63,0,0
1389,Heitor Cavalcanti,ITA,2014,RW,30,1984,170,72,Right,69.2,78,5,364,0.43,0.81,0.0,0.49,0.0,74.3,3.15,3.74,2.89,1.29,0.4,1.08,9.01,3.25,15.36,4.14,0,0
1390,Fernando Freitas,ITA,2014,GK,32,1982,183,93,Left,46.9,92,5,474,0.0,0.0,10.43,2.97,2.95,83.3,0.8,2.94,4.65,0.0,0.4,0.22,0.0,0.0,0.0,1.18,0,0
1391,Pedro Carvalho,ITA,2014,RB,21,1993,194,83,Left,15.9,79,2,229,0.43,0.16,0.0,0.88,0.0,75.2,5.26,6.06,7.64,0.67,-0.0,0.17,3.24,1.15,7.5,6.17,1,0
1392,Rafael Melo,ITA,2014,ST,24,1990,189,87,Right,43.9,88,3,315,1.22,0.43,0.0,0.0,0.0,72.6,1.46,3.26,1.37,0.77,-0.0,1.1,8.79,5.53,7.98,8.13,0,0
1393,Gustavo Lima,ITA,2014,RW,36,1978,183,75,Right,14.4,76,4,400,0.55,0.66,0.0,0.36,0.0,76.1,3.53,5.11,2.44,2.13,-0.2,0.17,10.6,4.15,20.13,2.27,0,0
1394,Felipe Nascimento,ITA,2014,CAM,28,1986,184,84,Both,22.0,64,3,277,0.5,0.94,0.0,0.69,0.0,88.1,2.16,4.35,1.7,0.87,-0.0,0.66,11.06,2.76,10.0,4.13,0,0
1395,Fernando Rodrigues,ITA,2014,GK,30,1984,194,78,Right,24.3,83,3,263,0.0,0.0,9.18,2.54,2.81,84.4,1.11,2.25,6.17,0.0,0.6,-0.25,0.0,0.0,0.0,1.41,0,0
1396,Marcelo Carvalho,ITA,2014,CB,32,1982,191,84,Both,29.0,88,2,255,0.12,0.11,0.0,2.28,0.0,90.6,7.29,8.63,25.42,0.51,-0.1,0.38,2.03,1.3,4.08,5.98,1,0
1397,Carlos Oliveira,ITA,2014,LW,29,1985,172,68,Left,27.7,76,4,355,0.76,0.81,0.0,0.38,0.0,75.2,4.94,3.63,2.2,1.16,-0.0,1.26,10.96,2.5,20.79,7.22,0,0
1398,Heitor Dias,ITA,2014,CB,20,1994,192,65,Left,11.5,66,5,411,0.12,0.09,0.0,1.5,0.0,86.6,10.12,13.38,22.42,0.63,-0.0,0.18,2.45,0.98,1.86,7.24,1,0
1399,Eduardo Melo,ITA,2014,GK,30,1984,196,81,Left,13.4,71,2,214,0.0,0.0,20.78,1.62,3.34,83.8,0.23,1.83,5.64,0.0,0.5,-0.3,0.0,0.0,0.0,1.1,0,0
1400,Roberto Gomes,ITA,2014,ST,36,1978,173,83,Right,63.5,80,3,248,0.94,0.46,0.0,0.0,0.0,70.0,2.68,2.32,0.75,1.27,0.3,1.55,6.65,3.95,8.66,3.36,0,0
1401,Carlos Pereira,ITA,2014,LB,29,1985,175,68,Right,69.0,87,4,365,0.34,0.51,0.0,2.1,0.0,82.7,8.98,9.92,11.33,1.13,-0.0,0.56,3.88,2.25,2.06,4.46,0,0
1402,Vinicius Rodrigues,ITA,2014,LW,37,1977,181,81,Right,41.7,75,4,390,0.75,0.48,0.0,0.26,0.0,79.1,3.22,1.49,0.86,1.97,-0.2,0.81,14.79,5.13,8.5,6.06,0,0
1403,Bruno Santos,ITA,2014,RB,35,1979,183,67,Right,14.8,81,5,431,0.39,0.47,0.0,1.62,0.0,82.7,8.52,10.71,13.35,0.96,-0.4,0.38,5.83,1.41,6.98,3.96,0,0
1404,Ronaldo,POR,2014,CM,25,1989,193,75,Left,15.6,77,4,352,0.21,0.49,0.0,1.27,0.0,79.5,5.17,9.02,5.08,0.77,-0.7,0.22,3.7,1.6,4.52,9.39,0,0
1405,Pepe,POR,2014,RW,36,1978,180,80,Right,35.9,80,4,368,0.45,0.44,0.0,0.44,0.0,77.4,2.51,2.74,1.71,1.7,-0.2,0.75,7.38,4.71,14.56,7.12,0,0
1406,Silva,POR,2014,CDM,29,1985,189,72,Right,11.1,75,4,392,0.21,0.2,0.0,0.48,0.0,85.2,15.56,10.89,10.14,0.49,0.1,0.37,4.65,1.53,3.92,2.78,1,0
1407,Cancelo,POR,2014,CB,33,1981,190,74,Right,67.8,80,2,256,0.17,0.06,0.0,1.69,0.0,86.1,12.49,14.94,21.11,0.53,-0.5,0.55,3.94,0.19,1.38,4.53,1,0
1408,Dias,POR,2014,CM,36,1978,191,72,Right,37.2,76,6,468,0.42,0.53,0.0,1.4,0.0,88.6,9.37,4.72,5.43,0.83,0.1,0.44,3.76,1.44,8.3,8.16,0,0
1409,Fernandes,POR,2014,CB,23,1991,171,75,Right,71.6,83,4,395,0.21,0.13,0.0,2.24,0.0,86.0,7.91,11.41,35.48,0.67,-0.1,0.33,2.86,1.3,2.29,6.37,0,0
1410,Jota,POR,2014,LW,19,1995,192,73,Right,23.5,90,2,196,0.77,0.83,0.0,0.41,0.0,79.9,3.84,3.3,2.81,2.46,0.1,1.08,8.86,2.29,13.27,4.33,0,0
1411,Felix,POR,2014,LB,20,1994,172,76,Left,66.5,84,6,501,0.32,0.52,0.0,1.38,0.0,79.2,12.02,9.46,6.71,0.42,-0.8,0.68,5.45,2.2,8.21,5.66,0,0
1412,Leao,POR,2014,CAM,22,1992,173,88,Right,33.2,70,3,340,0.31,0.52,0.0,0.27,0.0,78.1,4.47,6.12,1.68,1.16,0.4,0.53,10.61,3.08,11.34,3.06,0,0
1413,Neves,POR,2014,RB,31,1983,184,80,Left,56.1,99,2,180,0.33,0.69,0.0,2.39,0.0,83.4,15.82,7.55,9.54,1.1,-0.2,0.38,5.48,2.18,4.86,3.3,0,0
1414,Palhinha,POR,2014,RB,20,1994,170,73,Left,81.5,91,4,332,0.38,0.75,0.0,1.85,0.0,85.2,12.58,6.01,12.18,1.0,-0.3,0.73,4.45,1.51,4.63,5.38,0,0
1415,Carvalho,POR,2014,CB,25,1989,181,85,Right,18.2,83,4,349,0.17,0.1,0.0,1.86,0.0,83.5,5.97,9.26,14.06,0.57,-0.4,0.68,3.74,0.94,1.76,3.89,1,0
1416,Inacio,POR,2014,ST,26,1988,182,78,Right,70.9,93,4,366,1.96,0.6,0.0,0.0,0.0,66.5,2.2,3.19,1.28,0.57,-0.4,1.46,8.0,6.04,5.87,6.41,0,0
1417,Ramos,POR,2014,LB,32,1982,171,85,Right,57.3,85,3,256,0.28,0.46,0.0,1.92,0.0,85.7,13.04,5.17,7.39,1.01,0.3,0.25,9.33,1.67,6.8,5.49,0,0
1418,Silva,POR,2014,GK,27,1987,192,93,Right,48.0,76,1,166,0.0,0.0,13.81,1.84,2.94,87.1,1.63,2.73,4.55,0.0,0.4,0.21,0.0,0.0,0.0,1.0,0,0
1419,Conceicao,POR,2014,CB,25,1989,174,87,Right,29.7,75,3,283,0.24,0.09,0.0,1.13,0.0,88.7,9.03,10.59,45.37,0.58,0.7,0.25,1.99,0.75,2.0,5.08,0,0
1420,Costa,POR,2014,GK,26,1988,186,75,Left,29.0,79,3,290,0.0,0.0,16.56,2.2,3.02,77.8,0.6,2.4,3.79,0.0,0.9,0.01,0.0,0.0,0.0,0.88,0,0
1421,Sa,POR,2014,ST,29,1985,189,86,Right,132.0,91,3,250,1.03,0.54,0.0,0.0,0.0,71.1,2.63,2.28,0.6,1.12,-0.1,1.42,16.26,5.08,5.34,5.67,0,0
1422,Mendes,POR,2014,LW,33,1981,192,85,Left,40.7,73,0,83,0.65,0.73,0.0,0.56,0.0,74.4,1.3,6.23,0.71,0.81,0.1,0.72,5.33,3.5,14.24,5.66,0,0
1423,Guerreiro,POR,2014,CDM,32,1982,190,68,Both,19.1,75,3,325,0.25,0.32,0.0,0.63,0.0,83.6,15.49,11.63,9.02,0.51,-0.5,0.32,2.5,0.9,4.37,7.17,0,0
1424,Dalot,POR,2014,RW,21,1993,190,81,Right,40.3,79,3,316,0.62,1.15,0.0,0.44,0.0,75.6,4.41,3.8,1.76,1.56,-0.1,1.14,11.61,3.82,8.16,2.69,0,0
1425,Neto,POR,2014,GK,29,1985,190,82,Right,23.3,71,3,256,0.0,0.0,13.94,1.88,2.77,83.0,0.83,2.54,3.66,0.0,0.4,-0.3,0.0,0.0,0.0,0.76,0,0
1426,Ramos,POR,2014,CM,32,1982,186,74,Right,19.8,60,5,443,0.29,0.66,0.0,1.38,0.0,87.9,12.83,8.85,6.75,0.48,-0.0,0.22,5.7,1.51,4.32,5.18,0,0
1427,Modric,CRO,2014,CDM,27,1987,173,75,Left,21.8,77,3,277,0.29,0.45,0.0,1.46,0.0,88.1,10.64,18.0,10.41,0.52,0.0,-0.02,2.98,0.71,2.05,5.77,1,0
1428,Perisic,CRO,2014,ST,33,1981,170,77,Left,91.2,84,3,295,1.28,0.41,0.0,0.0,0.0,69.1,3.28,2.39,0.93,1.08,0.2,1.35,12.58,4.21,8.25,8.14,0,0
1429,Brozovic,CRO,2014,ST,27,1987,190,79,Both,150.7,91,4,326,1.58,0.29,0.0,0.0,0.0,69.0,2.41,2.74,1.34,1.11,-0.2,1.79,13.65,5.52,5.29,6.21,0,0
1430,Kovacic,CRO,2014,CM,26,1988,190,88,Right,25.8,68,3,283,0.45,0.49,0.0,0.89,0.0,95.8,9.31,6.81,6.6,0.81,0.3,0.31,7.02,2.62,7.65,6.31,1,0
1431,Livakovic,CRO,2014,CDM,22,1992,190,81,Left,35.6,71,2,152,0.25,0.25,0.0,1.09,0.0,88.8,15.47,7.24,6.98,0.67,0.3,0.44,4.37,0.93,4.7,8.93,1,0
1432,Gvardiol,CRO,2014,CB,34,1980,178,86,Right,26.4,83,5,389,0.27,0.15,0.0,2.52,0.0,87.1,3.59,11.16,26.95,0.48,-0.3,0.61,2.62,0.78,2.14,4.19,1,0
1433,Juranovic,CRO,2014,CB,37,1977,186,76,Left,24.0,86,4,302,0.23,0.14,0.0,2.45,0.0,80.3,11.09,8.22,20.21,0.53,0.3,0.4,2.38,1.22,3.43,7.65,1,0
1434,Sosa,CRO,2014,CB,27,1987,180,77,Left,13.7,77,3,308,0.18,0.12,0.0,1.18,0.0,86.8,10.78,12.42,25.38,0.66,0.6,0.21,3.6,0.63,1.39,5.95,0,0
1435,Pasalic,CRO,2014,RB,30,1984,189,69,Left,65.0,91,5,455,0.21,0.58,0.0,2.2,0.0,80.4,9.32,3.72,4.61,1.06,0.3,0.89,4.66,1.54,5.66,5.76,0,0
1436,Vlasic,CRO,2014,CM,19,1995,193,66,Left,37.8,74,4,394,0.45,0.51,0.0,1.03,0.0,85.0,7.59,9.58,6.34,0.94,0.1,0.59,8.02,1.84,4.8,7.03,0,0
1437,Petkovic,CRO,2014,LB,24,1990,188,86,Left,12.1,80,5,437,0.35,0.58,0.0,1.19,0.0,86.9,14.63,7.4,7.82,0.94,-0.2,0.33,3.45,1.78,6.19,2.98,1,0
1438,Kramaric,CRO,2014,LB,27,1987,188,87,Right,43.8,81,5,448,0.46,0.5,0.0,1.38,0.0,76.9,13.12,7.36,11.99,0.66,0.5,0.44,3.22,1.86,3.14,3.58,0,0
1439,Majer,CRO,2014,CM,33,1981,170,65,Left,44.0,73,1,123,0.42,0.52,0.0,0.6,0.0,86.4,5.2,7.24,4.12,0.76,0.1,0.52,7.45,1.43,9.65,2.63,0,0
1440,Sutalo,CRO,2014,LW,24,1990,178,85,Both,53.3,73,3,291,0.6,0.71,0.0,0.5,0.0,82.3,2.97,2.6,2.03,1.34,-0.1,0.57,8.59,7.55,7.55,4.0,0,0
1441,Stanisic,CRO,2014,GK,23,1991,198,87,Both,31.4,76,4,344,0.0,0.0,16.04,2.01,4.27,86.4,1.13,2.43,5.85,0.0,0.8,-0.26,0.0,0.0,0.0,1.31,0,0
1442,Susnjara,CRO,2014,RB,20,1994,179,78,Right,99.3,91,4,360,0.35,0.74,0.0,2.64,0.0,82.9,4.83,6.39,7.21,0.97,-0.3,0.59,3.04,2.21,7.59,5.3,0,0
1443,Labrovic,CRO,2014,LW,29,1985,179,69,Right,33.2,85,2,227,0.6,1.11,0.0,0.44,0.0,77.1,2.48,4.48,1.99,1.68,-0.1,1.13,8.53,2.97,10.95,3.93,0,0
1444,Ivusic,CRO,2014,GK,23,1991,189,85,Left,33.6,76,2,210,0.0,0.0,23.57,1.44,4.2,88.2,1.03,2.13,5.53,0.0,0.9,0.32,0.0,0.0,0.0,1.1,0,0
1445,Beljo,CRO,2014,CB,34,1980,185,78,Right,86.7,89,5,388,0.2,0.11,0.0,2.67,0.0,87.4,8.5,7.98,25.63,0.4,0.2,0.35,5.76,1.11,1.33,7.29,1,0
1446,Baturina,CRO,2014,GK,21,1993,194,82,Left,10.0,60,4,298,0.0,0.0,18.42,1.7,3.56,85.5,1.59,1.57,6.34,0.0,0.8,0.02,0.0,0.0,0.0,1.11,0,0
1447,Sučić,CRO,2014,RW,25,1989,189,82,Right,26.0,80,4,401,0.64,0.97,0.0,0.32,0.0,78.3,1.78,6.23,2.22,2.78,0.5,0.57,14.65,4.54,12.27,5.45,0,0
1448,Bijelod,CRO,2014,CAM,34,1980,192,66,Right,63.7,84,2,230,0.43,0.99,0.0,0.62,0.0,74.9,2.79,6.69,2.15,1.13,0.0,0.78,10.94,3.28,9.17,5.67,0,0
1449,Pjaca,CRO,2014,RW,33,1981,186,89,Right,24.3,91,4,406,0.62,0.54,0.0,0.34,0.0,79.8,3.57,3.19,2.93,0.89,0.3,1.17,12.73,3.0,11.26,5.28,0,0
1450,Carlos Martins,AUS,2014,RB,29,1985,178,69,Right,19.8,92,3,319,0.23,0.38,0.0,2.21,0.0,82.7,9.25,4.2,4.66,0.76,0.3,0.48,3.88,2.85,5.29,3.85,0,0
1451,Leonardo Araujo,AUS,2014,CM,33,1981,174,82,Left,28.7,69,5,396,0.46,0.72,0.0,0.8,0.0,89.9,9.48,7.28,4.02,0.9,0.0,0.53,5.01,2.68,8.02,7.3,0,0
1452,Leonardo Monteiro,AUS,2014,RB,25,1989,176,73,Right,34.7,83,5,396,0.37,0.63,0.0,1.58,0.0,83.9,12.16,11.38,11.14,0.23,-0.0,0.44,5.4,1.6,5.02,3.68,0,0
1453,Rafael Gomes,AUS,2014,LB,32,1982,191,67,Right,104.2,98,4,441,0.25,0.74,0.0,2.95,0.0,84.6,13.02,11.07,12.35,1.03,-0.1,0.38,6.83,3.32,5.94,5.32,0,0
1454,Lucas Cardoso,AUS,2014,CAM,30,1984,180,76,Both,53.4,82,2,218,0.47,1.49,0.0,0.69,0.0,88.9,2.36,5.3,1.07,0.9,-0.2,0.78,5.94,3.03,8.67,4.21,0,0
1455,Felipe Oliveira,AUS,2014,CM,19,1995,191,83,Right,73.6,76,0,71,0.51,0.51,0.0,1.11,0.0,88.1,4.23,6.79,5.62,1.01,0.1,1.08,5.09,1.98,8.93,6.47,0,0
1456,Andre Nascimento,AUS,2014,CB,32,1982,194,67,Right,70.5,91,4,324,0.17,0.11,0.0,2.85,0.0,88.5,10.16,8.48,8.31,0.47,-0.5,0.56,5.54,1.26,2.51,5.14,0,0
1457,Eduardo Araujo,AUS,2014,CM,24,1990,188,72,Left,30.7,67,5,430,0.27,0.81,0.0,1.15,0.0,84.1,9.99,13.25,7.05,0.98,-0.3,0.13,3.85,2.12,8.66,6.94,0,0
1458,Rafael Melo,AUS,2014,CB,20,1994,185,75,Right,27.2,73,2,182,0.28,0.09,0.0,1.69,0.0,90.3,4.08,9.58,36.5,0.68,-0.0,0.09,4.21,1.04,2.31,4.89,0,0
1459,Diego Barbosa,AUS,2014,CDM,27,1987,178,89,Left,75.4,82,3,247,0.14,0.35,0.0,1.22,0.0,85.9,15.95,7.66,9.31,0.6,0.6,0.29,2.52,0.96,2.59,8.02,1,0
1460,Arthur Costa,AUS,2014,ST,24,1990,185,78,Both,102.8,85,4,421,1.26,0.49,0.0,0.0,0.0,76.5,1.9,3.13,0.74,0.74,-0.1,1.37,8.27,5.92,8.08,9.65,0,0
1461,Gabriel Rodrigues,AUS,2014,CB,34,1980,182,80,Left,25.5,90,3,226,0.19,0.1,0.0,1.91,0.0,86.2,9.2,9.66,34.68,0.44,0.0,0.6,4.55,0.75,2.22,7.19,0,0
1462,Diego Melo,AUS,2014,CB,24,1990,192,71,Right,17.7,76,3,287,0.24,0.09,0.0,2.05,0.0,88.1,8.5,10.04,29.72,0.71,0.0,-0.23,3.33,0.4,2.44,5.09,1,0
1463,Felipe Dias,AUS,2014,CDM,23,1991,189,84,Both,64.7,77,2,202,0.16,0.38,0.0,1.57,0.0,92.7,13.76,11.14,2.1,0.46,0.5,0.39,4.08,1.15,2.04,8.96,1,0
1464,Roberto Dias,AUS,2014,RW,37,1977,180,80,Left,36.5,70,4,387,0.46,0.41,0.0,0.3,0.0,82.4,3.12,3.7,2.68,0.54,0.2,0.77,14.3,3.44,19.17,5.68,0,0
1465,Arthur Santos,AUS,2014,GK,33,1981,186,84,Right,13.5,74,3,240,0.0,0.0,9.12,1.83,5.04,86.8,1.14,2.24,7.43,0.0,0.7,-0.21,0.0,0.0,0.0,1.26,0,0
1466,Fernando Martins,AUS,2014,LB,25,1989,174,82,Right,67.4,86,3,296,0.13,0.58,0.0,2.47,0.0,79.4,5.69,5.58,7.47,0.86,-0.2,0.22,3.06,2.62,5.34,5.78,1,0
1467,Roberto Dias,AUS,2014,LW,31,1983,182,65,Right,113.6,78,3,258,1.07,0.68,0.0,0.4,0.0,76.4,1.6,4.82,1.85,0.92,-0.2,1.08,10.74,3.7,6.59,5.86,0,0
1468,Thiago Silva,AUS,2014,GK,23,1991,193,85,Right,7.8,71,1,137,0.0,0.0,10.69,1.75,2.09,80.9,1.18,1.93,3.47,0.0,1.2,-0.11,0.0,0.0,0.0,1.32,0,0
1469,Matheus Melo,AUS,2014,LW,26,1988,175,73,Left,79.8,80,3,275,0.67,1.06,0.0,0.25,0.0,78.7,1.69,3.66,1.36,1.29,0.0,1.11,7.25,4.02,9.84,6.59,0,0
1470,Lucas Monteiro,AUS,2014,RW,28,1986,189,68,Left,40.2,68,2,238,0.59,0.46,0.0,0.29,0.0,82.0,2.47,3.97,2.66,1.61,-0.2,0.38,1.6,3.17,18.0,6.04,0,0
1471,Diego Martins,AUS,2014,GK,29,1985,183,85,Right,6.7,62,4,333,0.0,0.0,11.87,0.68,1.83,85.5,0.56,1.52,3.66,0.0,0.5,-0.03,0.0,0.0,0.0,0.79,0,0
1472,Arthur Ferreira,AUS,2014,ST,33,1981,170,78,Both,49.3,78,3,313,1.1,0.66,0.0,0.0,0.0,70.8,1.91,2.87,1.07,1.09,0.4,0.65,10.15,5.58,4.94,9.55,0,0
1473,Mbappe,FRA,2018,GK,32,1986,192,92,Left,10.8,72,5,435,0.0,0.0,27.38,0.54,3.55,83.5,1.28,1.64,5.96,0.0,0.0,0.03,0.0,0.0,0.0,1.51,0,0
1474,Griezmann,FRA,2018,CB,23,1995,191,67,Right,68.9,82,4,348,0.22,0.15,0.0,3.08,0.0,90.5,10.23,7.03,26.63,0.29,-0.2,0.36,4.3,0.91,3.07,3.9,1,0
1475,Kante,FRA,2018,RB,19,1999,187,71,Left,90.9,84,2,165,0.42,0.47,0.0,2.98,0.0,85.2,12.0,6.37,11.8,1.11,-0.1,0.22,3.86,2.08,4.48,6.6,0,0
1476,Varane,FRA,2018,CAM,34,1984,184,71,Right,22.3,78,2,201,0.67,1.16,0.0,0.43,0.0,85.9,3.98,6.85,1.99,1.61,-0.4,0.54,7.11,1.48,11.25,2.62,0,0
1477,Lloris,FRA,2018,CB,30,1988,179,89,Right,31.6,77,3,257,0.22,0.09,0.0,2.37,0.0,86.9,5.42,8.5,39.7,0.34,-0.1,-0.35,1.15,0.98,2.5,8.59,1,0
1478,Pogba,FRA,2018,LW,23,1995,175,85,Right,83.0,76,5,431,0.5,0.89,0.0,0.77,0.0,81.4,3.8,5.13,1.63,1.16,-0.3,0.9,11.9,6.0,15.43,7.71,0,0
1479,Hernandez,FRA,2018,RW,29,1989,182,69,Right,43.6,79,3,270,1.43,0.65,0.0,0.38,0.0,74.7,2.59,4.12,1.73,1.48,-0.2,0.44,12.29,2.4,2.63,6.31,0,0
1480,Coman,FRA,2018,GK,22,1996,195,78,Right,36.3,82,2,251,0.0,0.0,24.53,2.81,2.57,85.7,0.79,1.91,6.1,0.0,0.1,0.14,0.0,0.0,0.0,0.87,0,0
1481,Dembele,FRA,2018,CM,25,1993,175,84,Right,32.4,83,4,392,0.46,0.87,0.0,1.16,0.0,86.7,9.9,7.99,4.14,1.0,-0.1,1.04,2.03,2.49,4.79,6.17,1,0
1482,Benzema,FRA,2018,CM,29,1989,173,68,Right,34.0,64,5,404,0.55,0.52,0.0,1.06,0.0,89.6,5.45,9.66,4.49,0.72,-0.0,0.26,5.03,2.33,4.59,5.49,0,0
1483,Rabiot,FRA,2018,CB,20,1998,186,89,Both,25.3,79,5,447,0.16,0.14,0.0,2.38,0.0,91.1,5.81,11.12,21.3,0.42,0.2,0.16,5.08,1.35,1.14,4.46,0,0
1484,Tchouameni,FRA,2018,RW,37,1981,188,89,Right,44.5,77,4,306,1.05,0.58,0.0,0.85,0.0,73.4,3.46,4.03,2.08,0.72,0.2,1.14,4.52,4.56,6.53,5.72,0,0
1485,Camavinga,FRA,2018,CDM,29,1989,179,85,Right,61.6,77,3,233,0.24,0.33,0.0,1.1,0.0,85.7,13.05,8.53,9.91,0.36,-0.4,0.51,5.11,1.19,3.31,7.78,0,0
1486,Saliba,FRA,2018,LW,29,1989,172,83,Right,104.2,83,6,594,0.64,1.17,0.0,0.51,0.0,77.5,1.8,6.01,3.44,1.89,0.3,0.9,7.69,3.97,7.28,7.29,0,0
1487,Upamecano,FRA,2018,CDM,24,1994,180,69,Right,25.3,77,3,250,0.25,0.34,0.0,0.76,0.0,95.0,17.69,3.1,10.12,0.45,-0.2,0.34,6.88,1.18,4.67,7.81,1,0
1488,Kounde,FRA,2018,ST,37,1981,185,85,Right,79.8,96,4,360,1.3,0.57,0.0,0.0,0.0,68.6,2.02,2.73,0.82,0.75,-0.3,1.94,13.56,3.34,9.04,9.42,0,0
1489,Maignan,FRA,2018,ST,37,1981,173,72,Right,23.6,81,4,291,1.07,0.63,0.0,0.0,0.0,71.3,1.75,2.95,1.23,1.21,-0.8,1.15,5.35,3.99,7.78,10.4,0,0
1490,Samba,FRA,2018,GK,26,1992,193,75,Right,19.3,73,4,345,0.0,0.0,16.2,1.47,2.2,79.2,0.94,1.24,3.27,0.0,0.6,-0.1,0.0,0.0,0.0,0.41,0,0
1491,Konate,FRA,2018,CB,28,1990,180,84,Right,62.8,91,3,268,0.26,0.06,0.0,2.75,0.0,92.0,10.49,12.98,28.32,0.61,0.1,0.32,5.09,0.64,1.35,10.54,0,0
1492,Fofana,FRA,2018,LB,33,1985,181,83,Left,42.4,82,3,281,0.21,0.29,0.0,2.51,0.0,76.8,9.11,9.16,8.21,1.18,0.3,0.3,4.36,1.14,4.83,5.77,1,0
1493,Nkunku,FRA,2018,LB,26,1992,192,83,Both,28.9,84,4,382,0.38,0.51,0.0,2.53,0.0,84.6,6.14,8.59,10.93,0.94,0.0,0.45,5.14,1.98,5.01,2.96,0,0
1494,Thuram,FRA,2018,CM,20,1998,175,79,Right,17.6,68,4,369,0.43,0.42,0.0,0.68,0.0,88.9,3.71,9.72,5.28,1.12,0.1,0.73,6.75,1.67,9.0,3.59,0,0
1495,Kolo Muani,FRA,2018,RB,24,1994,191,69,Right,29.6,84,3,271,0.26,0.61,0.0,2.4,0.0,82.1,11.9,5.32,12.54,0.95,-0.4,0.07,6.76,1.79,4.14,5.23,0,0
1496,Modric,CRO,2018,RW,33,1985,172,84,Left,90.0,79,3,312,0.54,0.74,0.0,0.46,0.0,78.0,2.49,2.12,2.09,1.07,-0.1,1.4,6.81,3.67,17.02,7.07,0,0
1497,Perisic,CRO,2018,GK,35,1983,194,81,Right,24.1,71,3,273,0.0,0.0,17.94,2.28,3.18,83.0,0.91,2.63,5.28,0.0,0.6,-0.32,0.0,0.0,0.0,1.27,0,0
1498,Brozovic,CRO,2018,ST,36,1982,179,77,Left,38.4,89,4,380,1.59,0.59,0.0,0.0,0.0,72.5,2.48,3.61,1.01,0.92,-0.3,1.65,7.93,7.57,2.74,10.01,0,0
1499,Kovacic,CRO,2018,CM,20,1998,191,81,Both,32.0,69,4,409,0.47,0.45,0.0,1.71,0.0,85.1,11.04,8.51,4.07,0.75,-0.2,0.23,7.97,2.77,7.03,7.46,1,0
1500,Livakovic,CRO,2018,CDM,36,1982,180,88,Both,27.2,75,3,267,0.15,0.45,0.0,0.75,0.0,90.5,11.03,15.83,5.06,0.22,0.2,0.47,4.23,1.48,5.87,6.39,0,0
1501,Gvardiol,CRO,2018,CB,36,1982,179,75,Right,71.4,88,4,329,0.21,0.1,0.0,3.19,0.0,87.3,10.14,9.99,22.87,0.6,-0.2,0.71,2.79,0.88,2.28,4.63,1,0
1502,Juranovic,CRO,2018,LW,27,1991,183,76,Left,96.1,84,3,289,0.77,0.77,0.0,0.51,0.0,74.9,4.03,4.51,2.24,1.8,0.4,0.55,11.82,4.0,17.16,3.67,0,0
1503,Sosa,CRO,2018,CAM,32,1986,177,77,Right,53.6,70,4,342,0.7,0.58,0.0,0.89,0.0,79.6,3.02,6.15,1.16,0.83,-0.4,0.76,5.32,2.43,14.93,6.19,0,0
1504,Pasalic,CRO,2018,RB,29,1989,185,78,Right,39.1,83,3,285,0.19,0.26,0.0,2.0,0.0,83.2,10.48,10.46,13.33,0.87,0.2,0.01,6.07,1.99,5.9,3.98,0,0
1505,Vlasic,CRO,2018,LB,26,1992,171,77,Left,111.7,85,2,238,0.32,0.32,0.0,2.04,0.0,87.1,8.38,11.32,9.43,0.63,0.3,0.81,3.91,1.14,5.5,6.78,0,0
1506,Petkovic,CRO,2018,GK,25,1993,195,86,Right,29.7,66,3,298,0.0,0.0,12.35,1.59,3.64,85.7,0.37,2.5,2.58,0.0,0.1,0.15,0.0,0.0,0.0,0.97,0,0
1507,Kramaric,CRO,2018,ST,19,1999,180,88,Right,31.7,85,5,416,1.6,0.38,0.0,0.0,0.0,72.2,1.81,1.62,0.97,1.25,-0.2,1.14,15.69,3.41,6.96,9.7,0,0
1508,Majer,CRO,2018,RB,28,1990,176,78,Right,25.4,83,3,259,0.41,0.58,0.0,1.53,0.0,86.1,13.98,6.85,13.77,1.19,-0.2,0.25,5.91,3.3,9.67,3.7,0,0
1509,Sutalo,CRO,2018,CB,24,1994,186,74,Right,41.0,89,4,343,0.22,0.07,0.0,2.23,0.0,83.3,5.08,10.72,20.82,0.51,0.1,0.25,3.35,0.99,1.2,5.32,1,0
1510,Stanisic,CRO,2018,LB,34,1984,182,89,Right,25.0,89,3,320,0.27,0.37,0.0,2.6,0.0,83.2,10.43,6.82,10.22,0.45,0.2,0.86,6.5,3.13,7.42,4.69,1,0
1511,Susnjara,CRO,2018,RW,21,1997,179,89,Both,112.8,86,4,386,0.98,1.07,0.0,0.42,0.0,80.4,3.15,6.34,2.34,1.92,0.0,1.03,8.6,3.71,15.08,4.24,0,0
1512,Labrovic,CRO,2018,CB,20,1998,179,86,Right,44.6,85,3,292,0.18,0.08,0.0,2.45,0.0,90.5,2.06,7.57,30.89,0.15,0.0,0.36,1.07,1.37,2.37,7.89,0,0
1513,Ivusic,CRO,2018,GK,34,1984,193,91,Right,61.1,85,2,213,0.0,0.0,19.18,2.39,2.9,82.2,1.06,2.86,4.41,0.0,0.3,0.58,0.0,0.0,0.0,0.96,0,0
1514,Beljo,CRO,2018,CM,27,1991,178,65,Right,69.0,62,3,290,0.47,0.68,0.0,0.53,0.0,91.5,3.75,6.66,3.91,0.73,-0.1,0.53,8.45,2.29,5.05,5.58,0,0
1515,Baturina,CRO,2018,CB,25,1993,181,83,Right,25.7,76,4,417,0.19,0.09,0.0,1.12,0.0,86.7,8.27,11.51,21.61,0.54,-0.3,0.53,7.0,0.64,2.61,7.97,0,0
1516,Sučić,CRO,2018,LW,31,1987,172,84,Left,26.0,84,1,156,0.65,0.52,0.0,0.38,0.0,77.3,3.08,4.61,2.04,1.51,0.0,1.39,16.79,1.3,16.23,5.64,0,0
1517,Bijelod,CRO,2018,CM,20,1998,191,71,Right,23.5,75,2,196,0.43,0.54,0.0,1.2,0.0,83.7,5.16,8.57,5.97,0.7,0.1,0.92,7.66,1.59,8.49,2.75,0,0
1518,Pjaca,CRO,2018,CDM,24,1994,183,88,Right,17.5,60,2,190,0.17,0.4,0.0,0.33,0.0,90.3,10.35,12.01,8.19,0.41,0.8,0.36,2.71,0.72,5.71,8.23,0,0
1519,De Bruyne,BEL,2018,CAM,24,1994,190,76,Right,27.7,83,2,148,0.25,1.27,0.0,0.84,0.0,81.9,4.03,2.21,2.44,1.34,-0.2,0.83,11.35,2.31,4.98,0.69,0,0
1520,Lukaku,BEL,2018,LB,24,1994,183,72,Both,17.5,73,4,367,0.31,0.44,0.0,0.99,0.0,80.7,8.68,3.34,5.25,1.1,0.1,0.07,4.33,1.38,5.44,5.47,0,0
1521,Courtois,BEL,2018,ST,20,1998,188,77,Right,38.1,85,5,409,1.52,0.4,0.0,0.0,0.0,69.5,2.62,4.79,0.65,1.23,0.1,1.13,4.51,3.24,7.47,8.54,0,0
1522,Vertonghen,BEL,2018,LW,33,1985,191,72,Left,43.1,80,3,338,0.64,0.69,0.0,0.69,0.0,81.4,3.63,6.03,1.87,1.96,0.0,0.75,11.28,5.03,14.17,5.03,0,0
1523,Alderweireld,BEL,2018,CB,34,1984,174,88,Right,22.8,92,4,359,0.1,0.11,0.0,2.95,0.0,91.8,7.41,9.12,20.7,0.47,0.2,0.51,5.28,0.93,1.94,6.38,0,0
1524,Hazard,BEL,2018,RB,25,1993,189,83,Left,53.7,80,6,571,0.28,0.64,0.0,1.87,0.0,84.3,7.72,11.89,13.21,0.8,-0.4,0.39,5.51,2.26,4.56,3.44,0,0
1525,Witsel,BEL,2018,LB,24,1994,180,66,Left,61.0,90,4,364,0.3,0.73,0.0,2.55,0.0,80.4,10.8,8.72,10.02,0.24,0.2,0.43,5.16,0.58,2.68,4.25,0,0
1526,Carrasco,BEL,2018,CDM,30,1988,173,70,Right,42.7,76,4,366,0.08,0.23,0.0,0.66,0.0,84.0,11.79,14.12,4.09,0.62,-0.2,0.44,6.37,1.19,3.38,6.26,1,0
1527,Tielemans,BEL,2018,CM,21,1997,185,73,Left,11.3,68,4,396,0.1,0.43,0.0,0.77,0.0,83.0,13.56,6.66,3.49,1.15,0.1,0.79,6.97,3.08,7.76,7.13,0,0
1528,Dendoncker,BEL,2018,CB,26,1992,186,84,Left,62.4,70,5,471,0.18,0.08,0.0,1.42,0.0,89.9,10.58,8.25,20.29,0.5,-0.3,0.51,2.65,1.08,1.17,5.66,0,0
1529,Meunier,BEL,2018,CDM,29,1989,190,83,Right,16.5,75,5,411,0.08,0.07,0.0,1.25,0.0,90.5,14.86,17.07,7.35,0.27,-0.1,0.53,4.44,1.72,4.97,9.38,1,0
1530,Castagne,BEL,2018,CB,31,1987,177,70,Both,21.4,89,2,259,0.16,0.11,0.0,2.35,0.0,95.3,11.93,12.74,16.76,0.57,-0.3,0.42,4.56,1.52,2.06,5.33,0,0
1531,Theate,BEL,2018,GK,35,1983,183,92,Left,7.9,66,3,247,0.0,0.0,18.01,1.52,3.53,82.9,0.0,1.12,6.54,0.0,0.3,-0.43,0.0,0.0,0.0,0.98,0,0
1532,Onana,BEL,2018,LW,37,1981,172,82,Left,53.0,79,4,339,0.67,0.64,0.0,0.58,0.0,77.6,3.25,4.46,1.44,1.63,-0.0,0.92,14.93,2.18,18.91,3.1,0,0
1533,Debast,BEL,2018,RB,19,1999,172,81,Right,59.6,80,6,582,0.35,0.49,0.0,1.15,0.0,83.8,11.53,8.44,8.69,0.92,-0.4,0.76,7.04,1.69,3.71,2.97,0,0
1534,Openda,BEL,2018,GK,28,1990,196,93,Left,23.7,81,2,226,0.0,0.0,16.51,1.61,2.1,86.0,1.13,1.94,3.11,0.0,0.5,0.04,0.0,0.0,0.0,0.99,0,0
1535,Lukebakio,BEL,2018,CB,35,1983,194,84,Left,26.7,85,3,296,0.21,0.11,0.0,1.65,0.0,87.1,11.6,9.62,20.92,0.64,-0.3,0.35,2.31,0.73,1.57,6.69,1,0
1536,Bakayoko,BEL,2018,ST,23,1995,191,87,Left,122.2,91,2,192,1.44,0.38,0.0,0.0,0.0,75.8,2.28,3.88,0.9,1.37,-0.0,1.46,10.52,7.37,11.82,7.68,0,0
1537,Mignolet,BEL,2018,RW,31,1987,186,68,Right,64.1,80,2,211,1.24,0.6,0.0,0.65,0.0,78.1,3.06,4.25,1.84,1.84,0.4,0.3,9.59,5.19,18.49,4.42,0,0
1538,Casteels,BEL,2018,CM,22,1996,174,74,Left,48.6,69,2,259,0.31,0.76,0.0,0.69,0.0,92.4,4.65,7.05,3.06,0.91,0.2,0.65,5.34,1.94,11.25,5.31,1,0
1539,Kaminski,BEL,2018,CM,28,1990,182,68,Both,51.6,75,2,212,0.51,0.58,0.0,0.86,0.0,88.0,10.14,6.94,7.74,1.34,-0.6,0.41,5.69,2.45,11.94,4.4,0,0
1540,De Ketelaere,BEL,2018,RW,21,1997,189,84,Right,53.4,87,3,273,1.02,1.13,0.0,0.85,0.0,77.9,5.06,5.59,2.74,1.47,0.1,1.17,11.56,6.69,14.84,6.86,0,0
1541,Mangala,BEL,2018,GK,26,1992,195,75,Right,3.9,67,3,295,0.0,0.0,15.47,0.89,2.44,85.4,0.64,1.53,2.44,0.0,0.6,-0.4,0.0,0.0,0.0,1.17,0,0
1542,Kane,ENG,2018,GK,24,1994,197,85,Left,35.6,67,5,401,0.0,0.0,10.07,2.11,2.67,76.8,1.35,1.29,3.72,0.0,1.2,-0.01,0.0,0.0,0.0,0.95,0,0
1543,Sterling,ENG,2018,RW,28,1990,175,68,Left,87.0,72,1,141,0.48,0.74,0.0,0.59,0.0,79.6,3.68,2.93,2.18,1.36,-0.4,1.28,8.15,4.13,11.48,4.51,0,0
1544,Pickford,ENG,2018,ST,31,1987,194,72,Both,132.6,85,4,312,1.25,0.37,0.0,0.0,0.0,70.2,1.34,4.11,1.48,1.3,-0.1,1.57,13.79,4.92,9.07,8.47,0,0
1545,Walker,ENG,2018,CDM,30,1988,185,89,Left,40.0,67,3,289,0.19,0.34,0.0,0.72,0.0,91.3,17.62,10.03,2.85,0.36,0.0,0.53,2.51,1.05,2.42,8.38,0,0
1546,Stones,ENG,2018,RB,37,1981,190,77,Both,70.1,96,2,216,0.41,0.6,0.0,2.23,0.0,89.5,5.95,9.46,8.16,0.94,0.4,0.94,3.19,2.73,5.4,5.47,0,0
1547,Maguire,ENG,2018,GK,28,1990,198,93,Right,33.1,82,6,551,0.0,0.0,17.67,1.63,3.98,86.0,0.83,2.45,4.88,0.0,0.7,0.28,0.0,0.0,0.0,0.86,0,0
1548,Henderson,ENG,2018,LW,21,1997,194,70,Right,41.6,69,5,441,0.42,0.65,0.0,0.48,0.0,76.6,1.91,2.81,2.22,2.04,0.2,0.45,11.42,5.95,7.96,9.34,0,0
1549,Rice,ENG,2018,CB,29,1989,174,84,Right,19.5,78,3,258,0.16,0.08,0.0,2.52,0.0,86.2,8.17,8.69,15.39,0.62,-0.3,-0.14,3.84,0.88,1.73,5.13,0,0
1550,Foden,ENG,2018,GK,33,1985,199,82,Left,18.4,94,2,221,0.0,0.0,12.36,2.62,1.86,89.1,1.13,2.43,4.4,0.0,0.6,0.14,0.0,0.0,0.0,0.98,0,0
1551,Mount,ENG,2018,CDM,24,1994,190,70,Right,18.5,76,3,272,0.22,0.41,0.0,1.35,0.0,92.5,8.98,9.95,9.09,0.23,0.0,0.24,3.86,0.93,7.28,7.02,0,0
1552,Grealish,ENG,2018,RW,37,1981,189,85,Right,33.8,81,4,419,1.0,0.69,0.0,0.64,0.0,80.7,3.21,3.2,1.66,2.48,0.4,0.51,10.52,4.8,9.4,5.86,0,0
1553,Saka,ENG,2018,CB,37,1981,185,79,Right,38.2,78,1,118,0.08,0.09,0.0,2.09,0.0,86.4,7.44,3.23,19.28,0.69,0.0,0.39,3.17,0.85,1.26,7.85,0,0
1554,Rashford,ENG,2018,CB,26,1992,175,89,Right,80.5,85,3,251,0.36,0.1,0.0,1.75,0.0,86.9,12.41,6.68,24.55,0.44,-0.3,0.77,4.46,1.22,1.79,5.36,0,0
1555,Sancho,ENG,2018,ST,25,1993,178,78,Right,119.0,83,4,351,0.99,0.49,0.0,0.0,0.0,68.3,1.98,3.59,1.14,0.44,0.3,1.85,14.66,2.94,8.69,7.14,0,0
1556,Trippier,ENG,2018,CB,25,1993,172,65,Right,34.4,79,4,429,0.15,0.14,0.0,1.77,0.0,92.5,7.4,9.62,31.25,0.43,-0.2,0.63,3.77,1.51,2.55,2.53,1,0
1557,Shaw,ENG,2018,CM,33,1985,174,78,Right,9.4,73,5,422,0.48,0.76,0.0,1.05,0.0,89.2,6.61,8.41,2.65,0.63,-0.5,0.15,4.26,3.51,6.01,7.76,0,0
1558,Chilwell,ENG,2018,LB,22,1996,192,69,Right,40.1,95,4,377,0.17,0.21,0.0,3.21,0.0,77.4,14.08,4.81,4.13,0.92,-0.1,0.99,9.51,2.25,6.19,6.67,0,0
1559,Coady,ENG,2018,LB,28,1990,177,86,Right,47.8,79,1,160,0.27,0.57,0.0,3.03,0.0,79.3,12.34,4.73,9.24,0.6,0.1,0.38,2.77,2.98,6.1,6.52,1,0
1560,Pope,ENG,2018,LW,19,1999,186,74,Right,103.9,81,4,354,0.76,0.47,0.0,0.63,0.0,81.0,4.07,4.44,1.7,0.81,0.6,1.39,10.54,2.53,9.91,7.2,0,0
1561,Ramsdale,ENG,2018,CM,20,1998,194,80,Right,25.9,82,3,279,0.32,0.59,0.0,0.83,0.0,89.5,7.02,9.07,5.12,0.92,0.4,0.82,5.77,1.98,6.82,6.0,0,0
1562,White,ENG,2018,RB,29,1989,188,71,Left,49.5,99,5,466,0.25,0.65,0.0,1.91,0.0,85.1,14.91,5.39,12.99,1.09,0.5,0.7,7.59,1.94,6.92,4.72,0,0
1563,Guehi,ENG,2018,CM,33,1985,194,73,Right,15.3,67,4,377,0.4,0.27,0.0,0.9,0.0,82.9,6.72,9.62,7.01,1.1,0.1,-0.03,7.76,1.66,10.62,9.6,0,0
1564,Bellingham,ENG,2018,CAM,20,1998,175,68,Left,90.1,90,5,452,0.62,0.93,0.0,0.32,0.0,84.4,3.89,4.22,2.98,1.06,0.1,1.42,8.41,3.58,7.33,5.04,0,0
1565,Suarez,URU,2018,LB,32,1986,179,70,Right,103.7,89,5,458,0.28,0.57,0.0,2.76,0.0,80.0,4.64,8.66,12.55,0.85,0.1,0.5,3.65,1.68,6.22,6.46,1,0
1566,Cavani,URU,2018,LB,29,1989,190,85,Left,73.2,87,4,379,0.2,0.38,0.0,2.01,0.0,81.6,5.41,7.08,10.88,0.38,-0.1,0.36,4.66,1.91,7.74,5.77,1,0
1567,Godin,URU,2018,CDM,22,1996,188,77,Right,55.5,69,3,288,0.22,0.2,0.0,0.96,0.0,89.3,16.01,12.3,6.92,0.51,-0.1,0.72,2.94,0.91,0.99,6.53,1,0
1568,Gimenez,URU,2018,LW,26,1992,173,68,Right,27.6,74,5,491,0.35,0.99,0.0,0.41,0.0,75.1,2.83,5.26,1.78,1.76,-0.2,0.64,11.96,4.8,15.54,5.9,0,0
1569,Valverde,URU,2018,CB,32,1986,175,72,Right,87.4,91,4,376,0.16,0.06,0.0,2.5,0.0,90.7,8.8,11.65,27.67,0.49,-0.2,0.61,1.42,0.53,1.51,4.96,0,0
1570,Bentancur,URU,2018,GK,37,1981,196,85,Right,52.4,94,3,266,0.0,0.0,14.17,3.14,2.22,84.4,0.82,2.8,0.8,0.0,0.6,0.22,0.0,0.0,0.0,0.77,0,0
1571,Nunez,URU,2018,CAM,34,1984,186,69,Right,27.2,71,4,397,0.72,0.57,0.0,0.61,0.0,83.9,3.61,4.16,2.56,0.73,-0.0,0.42,6.71,2.45,9.06,5.05,0,0
1572,De Arrascaeta,URU,2018,LW,35,1983,194,76,Both,56.9,79,3,251,0.74,0.39,0.0,0.68,0.0,75.9,0.93,6.53,3.04,1.15,0.4,0.68,5.67,5.87,15.08,6.36,0,0
1573,Pellistri,URU,2018,GK,37,1981,193,87,Right,18.7,67,4,318,0.0,0.0,19.99,1.43,2.14,86.9,1.54,1.96,5.85,0.0,0.8,-0.21,0.0,0.0,0.0,0.74,0,0
1574,Olivera,URU,2018,GK,29,1989,198,89,Right,32.9,76,5,455,0.0,0.0,12.04,1.67,2.47,87.6,0.82,2.73,3.6,0.0,0.7,-0.05,0.0,0.0,0.0,0.62,0,0
1575,Coates,URU,2018,CB,26,1992,191,81,Right,46.0,79,2,221,0.26,0.08,0.0,1.68,0.0,88.3,3.06,3.75,36.12,0.56,0.2,0.3,5.9,0.98,1.85,8.04,0,0
1576,Rochet,URU,2018,CM,36,1982,172,86,Left,40.4,70,3,249,0.36,0.72,0.0,1.08,0.0,85.0,9.77,6.65,5.93,0.48,-0.7,0.75,7.24,1.54,6.68,6.75,0,0
1577,Mele,URU,2018,ST,26,1992,189,82,Right,84.0,83,3,251,0.74,0.48,0.0,0.0,0.0,73.7,2.77,2.92,0.87,1.27,-0.4,1.82,15.12,5.1,7.92,6.71,0,0
1578,Caceres,URU,2018,CB,20,1998,192,76,Right,41.1,90,4,329,0.33,0.15,0.0,2.51,0.0,91.5,9.86,12.4,22.86,0.25,0.1,0.16,5.8,0.57,1.55,7.25,1,0
1579,Vina,URU,2018,CM,32,1986,174,76,Left,36.1,67,2,214,0.43,0.76,0.0,1.34,0.0,85.9,4.12,4.87,4.24,0.43,0.4,0.42,6.01,1.35,7.5,6.05,0,0
1580,Torres,URU,2018,CM,35,1983,178,68,Right,23.1,65,5,493,0.69,0.5,0.0,1.18,0.0,90.9,10.5,7.29,4.63,0.99,0.5,0.1,6.65,1.2,5.68,6.23,0,0
1581,Canobbio,URU,2018,RB,21,1997,171,78,Right,58.5,92,1,103,0.37,0.56,0.0,3.16,0.0,81.1,7.07,8.04,9.56,0.6,-0.1,0.17,2.9,3.09,9.15,4.81,0,0
1582,Araujo,URU,2018,RW,21,1997,179,79,Right,62.9,86,4,428,0.57,0.89,0.0,0.69,0.0,73.4,1.55,3.49,2.56,2.06,0.1,0.8,14.37,3.82,7.89,5.21,0,0
1583,Gonzalez,URU,2018,RW,31,1987,173,72,Left,20.8,80,4,360,0.81,0.85,0.0,0.47,0.0,72.4,2.0,5.1,1.09,1.25,-0.4,0.67,7.5,5.16,16.54,2.78,0,0
1584,Rodriguez,URU,2018,CDM,23,1995,184,78,Left,30.6,75,4,419,0.15,0.39,0.0,0.73,0.0,89.8,10.08,17.74,8.36,0.54,-0.1,0.49,3.3,1.15,4.38,10.87,1,0
1585,Alvarez,URU,2018,RB,23,1995,191,80,Right,32.2,74,2,198,0.27,0.41,0.0,1.29,0.0,84.8,10.43,7.87,7.62,1.31,0.7,-0.15,1.97,1.91,7.59,5.79,0,0
1586,Bueno,URU,2018,CB,30,1988,188,75,Right,43.6,69,2,198,0.24,0.06,0.0,1.61,0.0,87.3,0.5,7.85,31.23,0.38,-0.2,0.01,5.44,0.7,1.75,5.25,1,0
1587,Lopez,URU,2018,ST,19,1999,188,79,Right,75.5,85,4,413,1.39,0.44,0.0,0.0,0.0,70.4,2.3,3.13,1.28,1.1,-0.2,1.7,10.99,4.3,6.02,9.52,0,0
1588,Neymar,BRA,2018,LB,35,1983,193,67,Right,51.2,84,5,432,0.28,0.52,0.0,2.02,0.0,79.0,10.56,11.13,7.54,0.75,-0.4,0.18,2.09,1.62,3.52,7.93,0,0
1589,Vinicius Jr,BRA,2018,ST,29,1989,175,85,Right,159.1,86,2,222,1.72,0.72,0.0,0.0,0.0,72.3,2.09,4.4,1.45,1.6,0.1,1.28,11.35,5.5,9.13,4.54,0,0
1590,Alisson,BRA,2018,GK,27,1991,185,76,Right,44.7,71,3,320,0.0,0.0,19.57,2.82,2.14,83.8,0.81,2.17,2.46,0.0,0.6,-0.41,0.0,0.0,0.0,1.08,0,0
1591,Thiago Silva,BRA,2018,CB,20,1998,180,78,Right,23.2,90,3,352,0.09,0.14,0.0,3.16,0.0,91.9,4.98,10.81,13.6,0.3,-0.3,0.19,2.22,0.7,1.7,7.95,0,0
1592,Casemiro,BRA,2018,GK,34,1984,197,93,Right,19.9,72,5,445,0.0,0.0,16.01,1.37,2.35,90.8,0.97,1.74,4.04,0.0,0.9,0.0,0.0,0.0,0.0,0.68,0,0
1593,Marquinhos,BRA,2018,RW,21,1997,175,77,Right,14.3,66,4,368,0.83,0.8,0.0,0.52,0.0,84.3,2.71,4.22,2.16,1.18,0.3,0.04,11.3,4.28,7.44,5.7,0,0
1594,Richarlison,BRA,2018,CM,36,1982,176,78,Left,9.4,75,4,338,0.41,0.56,0.0,0.9,0.0,85.1,6.27,7.07,3.08,0.79,0.2,0.27,4.64,1.3,4.48,6.76,0,0
1595,Rodrygo,BRA,2018,LW,26,1992,177,80,Right,106.7,77,3,307,0.76,0.72,0.0,0.52,0.0,75.2,2.2,4.67,1.67,1.58,0.2,0.81,5.43,0.64,17.28,1.25,0,0
1596,Lucas Paqueta,BRA,2018,CM,32,1986,188,70,Left,38.7,68,4,355,0.45,0.44,0.0,1.05,0.0,86.7,10.8,11.24,7.31,0.91,0.1,0.28,6.4,1.85,8.4,7.49,0,0
1597,Ederson,BRA,2018,CDM,37,1981,172,82,Right,31.7,70,3,324,0.21,0.46,0.0,0.83,0.0,95.1,8.97,21.29,7.43,0.55,-0.1,0.33,3.56,0.83,4.26,6.61,1,0
1598,Danilo,BRA,2018,RB,30,1988,171,77,Both,54.3,83,4,410,0.23,0.68,0.0,1.25,0.0,87.2,10.55,3.68,11.79,1.16,-0.2,0.43,4.41,1.09,5.14,5.17,0,0
1599,Alex Sandro,BRA,2018,CB,19,1999,174,77,Right,98.3,87,4,362,0.14,0.13,0.0,3.36,0.0,84.2,9.7,10.17,33.87,0.85,0.1,0.2,5.26,1.16,1.75,5.38,1,0
1600,Fabinho,BRA,2018,CB,21,1997,174,73,Left,53.2,91,4,416,0.18,0.08,0.0,3.55,0.0,84.8,4.07,8.86,22.06,0.67,0.3,-0.05,2.12,0.68,2.2,6.29,0,0
1601,Fred,BRA,2018,CDM,32,1986,182,77,Right,51.4,79,3,302,0.17,0.48,0.0,0.81,0.0,91.7,8.93,12.04,8.2,0.22,-0.1,0.9,2.57,1.12,2.84,11.33,0,0
1602,Militao,BRA,2018,CM,34,1984,175,85,Left,20.0,74,4,362,0.63,0.72,0.0,0.69,0.0,81.6,6.29,6.01,6.36,0.72,0.4,0.49,6.56,2.15,4.24,1.21,0,0
1603,Bremer,BRA,2018,RW,29,1989,184,75,Right,57.3,78,4,385,0.63,0.36,0.0,0.52,0.0,78.0,3.67,5.29,1.4,1.65,-0.2,1.48,11.12,3.04,15.32,5.61,0,0
1604,Gabriel Jesus,BRA,2018,RB,35,1983,194,86,Right,83.4,86,2,192,0.42,0.49,0.0,2.51,0.0,78.7,13.96,2.03,13.49,0.72,-0.1,0.45,5.3,2.34,4.78,6.58,1,0
1605,Gabriel Martinelli,BRA,2018,LB,24,1994,188,85,Left,51.7,86,5,435,0.41,0.37,0.0,2.22,0.0,82.3,14.18,8.69,12.26,1.05,0.3,0.68,5.82,2.24,6.94,7.04,1,0
1606,Bruno Guimaraes,BRA,2018,CB,26,1992,187,77,Right,40.3,62,6,541,0.21,0.15,0.0,0.99,0.0,89.6,7.89,12.23,24.4,0.45,0.0,0.0,4.36,1.1,2.03,7.57,0,0
1607,Eder Militao,BRA,2018,GK,35,1983,191,84,Right,33.1,82,4,442,0.0,0.0,9.83,3.23,4.95,81.9,1.14,1.83,6.03,0.0,0.6,-0.33,0.0,0.0,0.0,1.24,0,0
1608,Weverton,BRA,2018,LW,30,1988,182,88,Right,44.3,87,3,319,0.79,0.7,0.0,0.53,0.0,84.3,4.1,4.63,2.67,1.54,-0.1,1.31,13.38,2.94,15.68,3.19,0,0
1609,Alex Telles,BRA,2018,ST,22,1996,170,71,Right,100.3,78,4,326,0.84,0.38,0.0,0.0,0.0,73.0,1.52,2.69,0.74,0.96,-0.6,1.5,12.69,7.19,9.74,5.85,0,0
1610,Renan Lodi,BRA,2018,CAM,32,1986,191,67,Both,22.2,69,4,301,0.56,0.53,0.0,0.52,0.0,85.0,4.06,6.15,2.06,1.09,0.1,1.22,5.1,1.54,10.97,2.14,0,0
1611,Rodrigo Santos,SWE,2018,CB,36,1982,190,88,Left,27.8,83,5,403,0.21,0.08,0.0,2.42,0.0,86.6,9.16,10.01,27.49,0.78,0.1,0.03,3.5,1.03,2.62,4.13,0,0
1612,Felipe Monteiro,SWE,2018,CM,34,1984,181,89,Right,37.3,69,4,369,0.1,0.17,0.0,1.35,0.0,87.2,6.37,6.97,1.62,0.73,-0.6,0.96,3.49,1.73,9.08,4.3,0,0
1613,Pedro Pereira,SWE,2018,LW,23,1995,172,85,Right,46.5,78,3,309,0.85,1.03,0.0,0.31,0.0,78.9,3.32,3.57,1.85,2.22,0.1,0.62,12.28,3.73,21.7,5.32,0,0
1614,Thiago Monteiro,SWE,2018,CB,31,1987,173,86,Left,38.5,82,3,309,0.19,0.08,0.0,2.55,0.0,87.1,3.1,10.65,19.04,0.39,-0.2,0.77,2.78,0.74,2.16,6.59,1,0
1615,Ricardo Freitas,SWE,2018,RW,27,1991,180,89,Left,29.7,77,7,649,0.83,0.64,0.0,0.68,0.0,82.1,3.49,3.27,2.79,1.44,0.5,1.26,11.47,6.18,7.71,3.51,0,0
1616,Matheus Martins,SWE,2018,GK,32,1986,189,80,Right,58.1,98,6,454,0.0,0.0,14.65,2.89,3.08,84.9,0.94,2.65,3.12,0.0,0.7,0.38,0.0,0.0,0.0,1.02,0,0
1617,Fernando Nascimento,SWE,2018,LB,27,1991,176,83,Left,73.4,84,4,349,0.12,0.54,0.0,2.28,0.0,80.3,3.74,12.3,6.43,0.66,-0.1,0.63,4.25,2.25,6.09,5.73,0,0
1618,Alexandre Rocha,SWE,2018,ST,35,1983,182,87,Right,55.8,87,3,347,1.3,0.3,0.0,0.0,0.0,71.3,1.97,0.55,1.04,0.39,0.0,1.41,10.14,3.31,5.2,11.21,0,0
1619,Vinicius Oliveira,SWE,2018,GK,26,1992,190,92,Right,69.2,89,3,301,0.0,0.0,19.83,3.86,5.12,86.3,0.6,1.92,6.9,0.0,0.7,0.43,0.0,0.0,0.0,1.14,0,0
1620,Bruno Monteiro,SWE,2018,CB,29,1989,178,67,Left,32.0,90,3,228,0.22,0.1,0.0,2.52,0.0,90.3,5.13,13.28,10.43,0.31,-0.4,0.68,3.24,1.12,1.87,4.74,1,0
1621,Matheus Monteiro,SWE,2018,CB,37,1981,192,87,Left,37.8,86,5,485,0.22,0.06,0.0,3.1,0.0,83.3,10.12,5.66,28.68,0.57,0.3,0.28,3.59,0.24,1.35,5.48,0,0
1622,Rafael Freitas,SWE,2018,CM,22,1996,179,77,Right,32.6,74,3,292,0.23,0.39,0.0,0.99,0.0,88.7,8.31,6.88,4.8,0.75,-0.5,0.48,7.0,1.64,9.78,5.0,0,0
1623,Joao Mendes,SWE,2018,GK,25,1993,198,83,Right,16.2,69,2,177,0.0,0.0,14.82,1.7,4.05,90.8,1.39,2.69,4.94,0.0,0.5,0.18,0.0,0.0,0.0,0.81,0,0
1624,Bruno Monteiro,SWE,2018,LB,36,1982,172,85,Right,32.4,84,3,276,0.11,0.36,0.0,1.75,0.0,80.6,10.33,7.74,6.47,0.83,0.4,0.27,3.16,3.01,1.94,7.1,0,0
1625,Rodrigo Lima,SWE,2018,CAM,26,1992,174,66,Right,55.0,88,4,349,0.63,1.39,0.0,0.44,0.0,81.2,3.64,2.87,2.78,0.7,0.2,1.14,9.11,1.98,10.35,3.1,0,0
1626,Matheus Santos,SWE,2018,ST,36,1982,183,79,Left,73.0,74,4,379,1.04,0.48,0.0,0.0,0.0,76.7,1.57,3.39,0.99,0.77,0.6,1.46,13.01,6.73,4.87,7.33,0,0
1627,Fernando Lima,SWE,2018,CDM,37,1981,177,66,Both,38.0,75,3,312,0.22,0.23,0.0,0.66,0.0,83.7,9.47,11.18,10.88,0.48,0.4,0.62,4.07,0.6,3.83,10.51,0,0
1628,Alexandre Martins,SWE,2018,CDM,33,1985,188,73,Right,54.3,79,3,322,0.19,0.38,0.0,0.95,0.0,96.8,10.5,12.85,4.61,0.54,0.2,0.42,5.79,0.9,3.93,8.36,1,0
1629,Carlos Santos,SWE,2018,RW,25,1993,185,87,Right,51.7,71,3,317,0.71,0.96,0.0,0.49,0.0,73.9,2.37,4.68,1.48,1.35,-0.5,0.33,17.57,3.81,12.97,6.81,0,0
1630,Felipe Dias,SWE,2018,RB,21,1997,173,74,Right,18.5,77,5,383,0.19,0.48,0.0,0.94,0.0,82.7,12.32,6.07,9.19,0.77,0.3,0.56,5.22,1.73,8.04,5.16,0,0
1631,Vinicius Barbosa,SWE,2018,CM,21,1997,184,86,Right,45.5,74,5,386,0.31,0.55,0.0,1.19,0.0,86.4,7.2,8.43,5.18,0.46,0.3,0.53,5.16,2.5,6.91,6.0,0,0
1632,Leonardo Melo,SWE,2018,RB,26,1992,180,71,Right,24.9,93,4,328,0.33,0.77,0.0,2.26,0.0,83.6,9.86,10.35,10.81,0.58,0.2,0.26,4.66,2.05,6.49,6.65,0,0
1633,Gustavo Cavalcanti,SWE,2018,LW,28,1990,193,88,Right,58.5,75,3,286,0.71,0.67,0.0,0.44,0.0,77.0,2.2,4.58,3.18,0.84,0.1,0.8,10.3,4.83,11.13,4.68,0,0
1634,Fernando Mendes,RUS,2018,LW,27,1991,173,75,Right,49.0,86,4,408,0.64,1.2,0.0,0.28,0.0,76.1,4.1,5.61,1.25,2.27,-0.3,1.2,7.94,1.93,18.02,6.94,0,0
1635,Vinicius Ribeiro,RUS,2018,RB,37,1981,177,74,Right,48.2,78,4,344,0.34,0.36,0.0,2.19,0.0,81.7,11.45,5.89,12.61,1.2,0.0,-0.27,4.29,1.16,4.8,5.52,0,0
1636,Alexandre Gomes,RUS,2018,CB,19,1999,184,70,Left,74.2,75,2,206,0.23,0.12,0.0,2.31,0.0,88.8,5.59,10.0,10.05,0.53,0.1,0.35,4.55,1.07,2.48,7.77,0,0
1637,Marcelo Cardoso,RUS,2018,GK,30,1988,183,76,Right,34.6,85,5,468,0.0,0.0,13.79,2.94,1.7,85.1,0.58,2.96,5.83,0.0,0.6,0.36,0.0,0.0,0.0,0.71,0,0
1638,Matheus Costa,RUS,2018,CM,25,1993,190,87,Right,17.1,81,4,350,0.4,0.89,0.0,1.13,0.0,84.3,7.53,7.39,3.06,0.78,0.1,0.68,5.0,1.45,7.42,4.43,0,0
1639,Alexandre Gomes,RUS,2018,LW,22,1996,189,88,Left,74.3,72,3,309,0.85,0.66,0.0,0.4,0.0,78.0,3.37,4.55,0.96,1.46,0.2,0.62,9.23,2.57,18.33,3.93,0,0
1640,Alexandre Nascimento,RUS,2018,ST,37,1981,173,85,Left,24.9,79,4,417,1.24,0.66,0.0,0.0,0.0,69.9,2.7,2.97,0.9,1.04,0.2,0.99,8.97,6.34,10.84,5.08,0,0
1641,Paulo Oliveira,RUS,2018,CB,25,1993,184,70,Right,16.6,79,2,187,0.17,0.12,0.0,1.56,0.0,85.5,6.86,12.55,25.08,0.53,0.1,0.48,5.29,1.06,1.51,7.8,1,0
1642,Matheus Freitas,RUS,2018,RW,33,1985,194,80,Right,63.8,70,4,405,0.75,0.67,0.0,0.63,0.0,76.1,2.54,4.62,1.4,1.74,-0.1,0.82,7.26,3.93,16.06,3.26,0,0
1643,Alexandre Cavalcanti,RUS,2018,GK,35,1983,189,86,Right,21.1,77,3,241,0.0,0.0,5.92,1.96,2.4,85.1,0.86,2.33,6.67,0.0,0.3,0.4,0.0,0.0,0.0,1.38,0,0
1644,Joao Martins,RUS,2018,RW,20,1998,176,83,Right,35.0,73,1,162,0.46,0.99,0.0,0.41,0.0,81.8,3.35,3.29,1.7,0.81,-0.3,0.64,15.62,3.83,10.36,3.09,0,0
1645,Bruno Oliveira,RUS,2018,GK,19,1999,189,87,Left,28.0,79,5,389,0.0,0.0,11.17,1.77,2.12,85.6,0.71,2.1,6.49,0.0,1.0,0.03,0.0,0.0,0.0,1.21,0,0
1646,Felipe Oliveira,RUS,2018,LB,28,1990,172,65,Left,24.8,99,5,421,0.18,0.72,0.0,1.94,0.0,82.3,9.61,5.22,10.73,0.64,-0.8,0.77,3.13,2.09,4.07,5.41,0,0
1647,Diego Monteiro,RUS,2018,CB,35,1983,178,86,Both,52.8,84,4,366,0.16,0.11,0.0,2.09,0.0,87.5,6.43,11.35,26.83,0.52,-0.3,0.08,2.73,1.07,1.11,4.13,1,0
1648,Ricardo Rocha,RUS,2018,CM,32,1986,174,71,Right,49.1,77,4,374,0.45,0.41,0.0,0.9,0.0,86.9,4.17,10.09,5.7,0.57,-0.2,0.61,8.65,1.79,3.76,6.06,1,0
1649,Fernando Martins,RUS,2018,CDM,32,1986,189,83,Left,27.8,69,5,442,0.21,0.33,0.0,0.7,0.0,89.6,17.83,14.13,5.4,0.67,-0.3,0.05,2.84,1.27,4.39,8.33,0,0
1650,Arthur Almeida,RUS,2018,CM,34,1984,175,74,Right,54.6,73,5,421,0.34,0.87,0.0,1.07,0.0,87.3,8.7,10.48,5.29,0.61,0.3,0.59,7.03,1.29,8.65,2.66,0,0
1651,Gustavo Santos,RUS,2018,CAM,34,1984,177,87,Right,72.8,85,4,304,0.44,1.3,0.0,0.71,0.0,79.6,3.49,5.73,1.94,0.42,-0.5,0.8,5.86,2.93,7.89,2.16,0,0
1652,Pedro Gomes,RUS,2018,ST,31,1987,189,86,Left,153.3,84,2,198,1.06,0.5,0.0,0.0,0.0,72.4,2.41,2.51,0.66,1.16,-0.2,1.88,8.67,5.9,6.64,5.94,0,0
1653,Lucas Silva,RUS,2018,RB,36,1982,190,86,Left,60.9,99,2,221,0.27,0.62,0.0,2.9,0.0,84.3,6.06,7.46,11.47,0.81,0.2,0.61,7.64,2.41,8.07,2.58,1,0
1654,Leonardo Cardoso,RUS,2018,CDM,21,1997,190,81,Left,30.8,67,3,258,0.2,0.15,0.0,0.85,0.0,96.2,14.21,11.97,11.53,0.84,-0.3,0.47,4.84,1.33,4.53,7.5,1,0
1655,Eduardo Martins,RUS,2018,LB,33,1985,190,77,Right,40.5,83,3,341,0.22,0.77,0.0,1.97,0.0,80.1,3.65,9.61,10.88,0.61,0.2,0.31,5.35,2.14,6.22,5.03,0,0
1656,Gustavo Carvalho,RUS,2018,CB,23,1995,182,77,Left,38.1,76,3,310,0.11,0.04,0.0,2.24,0.0,82.7,4.13,8.48,30.46,0.48,-0.4,0.24,5.09,1.24,1.85,9.09,0,0
1657,James,COL,2018,CB,22,1996,189,83,Right,40.2,87,3,270,0.19,0.11,0.0,1.53,0.0,88.3,7.96,12.36,20.96,0.59,0.4,0.21,3.31,1.1,2.34,2.85,1,0
1658,Falcao,COL,2018,GK,19,1999,193,75,Left,32.1,65,2,205,0.0,0.0,11.74,1.49,3.41,77.9,0.78,2.23,3.34,0.0,0.3,0.17,0.0,0.0,0.0,0.93,0,0
1659,Cuadrado,COL,2018,RW,22,1996,184,67,Right,30.1,77,3,305,0.34,0.71,0.0,0.43,0.0,81.5,3.19,3.04,1.81,0.8,-0.0,0.51,7.09,4.92,12.44,5.89,0,0
1660,Ospina,COL,2018,GK,24,1994,186,77,Left,19.2,75,3,285,0.0,0.0,14.13,2.23,2.47,81.5,0.61,1.29,7.28,0.0,0.5,0.22,0.0,0.0,0.0,1.42,0,0
1661,Mina,COL,2018,ST,21,1997,170,85,Right,133.5,87,5,392,1.6,0.44,0.0,0.0,0.0,69.8,2.01,2.3,0.89,1.21,0.1,1.68,7.95,4.49,5.72,3.56,0,0
1662,Sanchez,COL,2018,CB,29,1989,181,73,Right,25.0,82,2,203,0.33,0.12,0.0,1.51,0.0,83.8,5.38,9.32,24.27,0.45,0.2,0.36,3.35,0.63,1.73,6.51,1,0
1663,Diaz,COL,2018,RB,19,1999,182,78,Right,22.8,81,4,352,0.4,0.67,0.0,1.94,0.0,82.6,5.8,11.13,6.15,1.11,-0.6,0.01,3.36,1.82,6.32,3.83,0,0
1664,Quintero,COL,2018,CM,35,1983,187,81,Left,44.5,74,3,306,0.27,0.8,0.0,1.07,0.0,86.4,10.45,7.5,4.4,0.79,0.3,0.58,3.89,1.61,5.26,5.73,0,0
1665,Borja,COL,2018,LB,28,1990,174,80,Left,117.3,92,3,273,0.21,0.6,0.0,2.24,0.0,82.9,13.16,8.71,1.89,0.7,0.2,1.13,6.79,2.41,5.46,4.03,1,0
1666,Muriel,COL,2018,CB,25,1993,184,84,Left,21.6,70,4,303,0.18,0.16,0.0,0.86,0.0,85.0,4.96,7.2,33.24,0.51,0.2,0.32,5.93,1.16,2.34,6.94,0,0
1667,Mojica,COL,2018,LB,35,1983,181,87,Right,32.5,84,4,380,0.41,0.23,0.0,1.4,0.0,88.0,11.27,8.8,10.05,1.0,-0.1,0.88,4.45,1.83,6.24,7.26,0,0
1668,Lerma,COL,2018,RB,28,1990,186,69,Left,61.8,84,3,315,0.41,0.58,0.0,2.17,0.0,82.6,9.35,12.03,9.78,0.82,0.4,0.38,4.51,2.07,9.8,5.08,0,0
1669,Uribe,COL,2018,ST,21,1997,192,69,Both,19.4,79,5,397,0.31,0.24,0.0,0.0,0.0,76.9,1.74,3.02,0.66,1.19,-0.4,1.46,13.66,6.3,9.83,8.99,0,0
1670,Moreno,COL,2018,CB,23,1995,194,84,Right,45.8,86,4,376,0.26,0.07,0.0,2.73,0.0,84.9,4.92,11.35,14.25,0.45,0.3,0.05,2.16,0.78,3.29,4.75,0,0
1671,Duran,COL,2018,CDM,36,1982,192,74,Right,20.6,66,4,335,0.16,0.26,0.0,1.09,0.0,86.7,15.94,17.24,4.9,0.46,-0.1,0.29,1.77,1.43,3.32,10.96,1,0
1672,Sinisterra,COL,2018,CAM,26,1992,170,72,Right,55.3,82,4,353,0.6,0.8,0.0,0.39,0.0,80.6,4.41,2.93,1.99,1.71,0.5,0.46,16.19,3.13,10.35,3.84,0,0
1673,Asprilla,COL,2018,LW,24,1994,186,87,Both,51.2,76,3,259,0.9,0.72,0.0,0.51,0.0,74.4,2.18,2.03,1.39,0.57,0.4,1.12,16.14,5.57,13.26,3.91,0,0
1674,Montoya,COL,2018,LW,25,1993,174,77,Right,48.4,85,4,396,0.73,0.41,0.0,0.41,0.0,80.9,3.96,6.4,1.77,1.76,0.5,1.05,13.06,4.68,12.91,5.07,0,0
1675,Vargas,COL,2018,RW,32,1986,188,68,Left,36.1,84,3,228,0.62,0.68,0.0,0.77,0.0,78.8,4.43,2.63,1.59,1.48,-0.1,0.87,15.18,4.12,21.54,4.34,0,0
1676,Mosquera,COL,2018,CM,33,1985,187,78,Right,54.4,81,3,298,0.39,1.14,0.0,0.83,0.0,90.1,10.9,7.53,4.26,1.12,-0.1,0.58,4.84,2.92,4.58,3.5,0,0
1677,Mejia,COL,2018,CDM,29,1989,192,88,Left,52.9,82,3,282,0.22,0.33,0.0,0.91,0.0,86.3,11.93,12.55,5.14,0.21,-0.1,0.47,3.18,1.28,4.39,7.39,1,0
1678,Castano,COL,2018,CM,23,1995,185,85,Right,45.9,74,4,366,0.55,0.54,0.0,1.19,0.0,82.9,12.78,10.5,3.72,0.79,0.1,0.76,4.0,2.3,6.28,9.47,0,0
1679,Arias,COL,2018,GK,26,1992,186,77,Left,23.7,72,3,275,0.0,0.0,18.96,2.13,3.87,81.7,0.95,2.71,3.21,0.0,0.7,0.16,0.0,0.0,0.0,1.14,0,0
1680,Andre Gomes,DEN,2018,CM,32,1986,171,69,Left,23.5,73,2,187,0.37,0.58,0.0,0.59,0.0,82.1,3.51,1.82,5.26,0.31,-0.2,0.71,7.05,1.85,6.92,3.15,1,0
1681,Pedro Santos,DEN,2018,ST,32,1986,173,76,Right,55.6,80,4,398,0.38,0.59,0.0,0.0,0.0,76.9,1.63,4.13,0.63,0.91,-0.3,1.63,12.12,1.85,7.48,4.7,0,0
1682,Fernando Oliveira,DEN,2018,RW,23,1995,173,72,Right,65.5,87,4,403,0.85,1.05,0.0,0.59,0.0,78.2,3.29,3.33,2.22,1.14,-0.0,1.14,12.4,3.15,12.19,5.79,0,0
1683,Eduardo Martins,DEN,2018,CDM,35,1983,192,66,Left,14.5,77,3,285,0.2,0.22,0.0,0.61,0.0,90.4,15.51,5.9,8.57,0.61,0.0,0.37,3.18,0.96,4.0,10.74,0,0
1684,Andre Martins,DEN,2018,CB,22,1996,183,84,Left,47.6,83,3,276,0.17,0.11,0.0,2.08,0.0,81.1,6.23,11.97,32.49,0.29,0.1,0.91,5.58,1.55,1.61,4.89,1,0
1685,Diego Melo,DEN,2018,RW,34,1984,178,89,Right,43.9,78,4,341,1.05,0.58,0.0,0.41,0.0,78.3,3.5,2.85,2.18,1.75,-0.2,1.04,15.18,4.68,18.44,7.92,0,0
1686,Ricardo Oliveira,DEN,2018,LW,23,1995,192,69,Right,22.4,75,4,343,0.61,0.97,0.0,0.49,0.0,78.2,2.39,4.37,2.49,2.7,0.1,0.89,9.43,5.34,17.03,6.1,0,0
1687,Pedro Ribeiro,DEN,2018,LB,20,1998,194,69,Right,28.0,70,4,312,0.37,0.46,0.0,0.6,0.0,84.0,11.02,9.56,10.65,1.19,0.2,0.35,5.9,2.72,2.9,7.63,0,0
1688,Gustavo Nascimento,DEN,2018,RB,31,1987,178,76,Both,39.5,77,4,339,0.29,0.49,0.0,1.13,0.0,78.4,11.61,6.75,8.46,0.85,0.1,0.03,5.07,2.02,3.71,4.71,0,0
1689,Lucas Souza,DEN,2018,CB,31,1987,173,77,Left,24.4,83,2,178,0.2,0.1,0.0,2.3,0.0,86.4,5.45,11.42,24.93,0.61,-0.3,0.02,3.82,0.97,1.24,6.14,1,0
1690,Roberto Silva,DEN,2018,CB,31,1987,178,82,Right,55.6,80,3,301,0.21,0.02,0.0,1.77,0.0,90.5,1.52,9.19,31.34,0.31,0.0,0.46,4.35,1.14,2.3,0.27,1,0
1691,Arthur Mendes,DEN,2018,GK,22,1996,197,84,Right,26.5,74,6,448,0.0,0.0,11.25,2.68,4.28,85.4,0.93,1.03,3.48,0.0,-0.2,0.13,0.0,0.0,0.0,0.68,0,0
1692,Matheus Gomes,DEN,2018,CDM,24,1994,175,67,Right,33.3,78,4,383,0.2,0.39,0.0,1.19,0.0,89.2,12.79,11.53,7.9,0.5,-0.3,0.62,4.61,0.54,2.77,7.76,1,0
1693,Fernando Souza,DEN,2018,RB,29,1989,175,75,Both,79.2,93,4,330,0.4,0.4,0.0,2.04,0.0,87.0,9.21,4.91,7.0,0.53,0.4,0.33,6.07,1.72,7.12,3.04,0,0
1694,Rodrigo Rodrigues,DEN,2018,CM,32,1986,171,65,Right,40.7,65,3,273,0.53,0.62,0.0,0.89,0.0,87.5,9.93,11.38,6.5,1.13,-0.5,0.42,4.51,2.24,8.08,6.46,0,0
1695,Felipe Martins,DEN,2018,ST,30,1988,188,68,Right,109.9,94,5,452,1.45,0.43,0.0,0.0,0.0,69.5,1.7,2.72,0.97,0.96,-0.1,1.83,13.64,5.52,5.09,3.47,0,0
1696,Diego Dias,DEN,2018,CM,26,1992,183,77,Right,23.3,68,3,229,0.36,0.47,0.0,1.37,0.0,94.3,7.7,7.8,8.39,0.32,-0.3,-0.12,4.43,1.43,5.83,5.63,0,0
1697,Bruno Gomes,DEN,2018,LW,21,1997,187,65,Right,73.3,81,3,260,0.81,0.53,0.0,0.83,0.0,76.0,2.31,5.34,2.36,2.03,-0.4,1.21,2.93,6.32,8.57,3.08,0,0
1698,Rafael Nascimento,DEN,2018,CAM,32,1986,181,85,Both,83.4,82,4,367,0.71,1.15,0.0,0.57,0.0,82.3,3.68,5.7,3.48,0.76,-0.6,0.63,5.41,3.29,11.56,3.21,0,0
1699,Rodrigo Ferreira,DEN,2018,CB,21,1997,192,76,Right,12.2,68,2,220,0.07,0.07,0.0,0.46,0.0,90.0,6.76,10.95,23.35,0.55,0.0,0.37,3.23,1.13,1.72,5.06,0,0
1700,Vinicius Rodrigues,DEN,2018,GK,28,1990,184,81,Right,75.4,90,4,364,0.0,0.0,13.5,2.84,4.61,88.7,1.28,2.08,4.98,0.0,1.0,0.34,0.0,0.0,0.0,0.99,0,0
1701,Vinicius Gomes,DEN,2018,GK,34,1984,189,89,Left,29.4,77,3,262,0.0,0.0,16.85,1.76,2.81,82.1,1.19,2.06,3.2,0.0,0.4,0.19,0.0,0.0,0.0,1.03,0,0
1702,Fernando Freitas,DEN,2018,LB,27,1991,194,84,Left,127.9,99,2,198,0.23,0.61,0.0,2.69,0.0,73.7,11.82,10.28,6.92,0.79,0.2,0.75,1.63,1.91,4.58,0.43,0,0
1703,Chicharito,MEX,2018,CB,19,1999,172,77,Both,69.4,83,2,207,0.13,0.12,0.0,2.37,0.0,86.7,8.96,5.32,27.84,0.67,0.0,0.42,2.98,0.78,2.64,5.13,1,0
1704,Guardado,MEX,2018,CM,27,1991,180,79,Right,21.4,70,3,309,0.12,0.56,0.0,0.79,0.0,88.4,10.8,10.82,2.51,0.93,-0.0,0.28,5.69,2.51,8.15,7.26,1,0
1705,Ochoa,MEX,2018,CM,34,1984,183,68,Right,51.5,86,2,191,0.43,0.83,0.0,1.01,0.0,84.4,6.02,7.68,5.49,0.87,-0.0,0.52,3.83,1.98,9.28,8.02,1,0
1706,Lozano,MEX,2018,RB,31,1987,189,83,Right,29.0,87,4,369,0.11,0.34,0.0,2.96,0.0,79.6,12.15,6.99,11.19,0.77,-0.1,0.3,1.61,2.29,4.51,4.53,0,0
1707,Herrera,MEX,2018,CB,20,1998,182,85,Right,32.8,81,2,195,0.21,0.13,0.0,2.4,0.0,88.7,9.08,13.09,28.29,0.59,-0.1,0.11,3.92,1.35,2.48,6.93,0,0
1708,Layun,MEX,2018,ST,36,1982,194,73,Right,27.9,73,4,358,1.15,0.36,0.0,0.0,0.0,74.0,1.96,3.15,1.11,0.9,-0.4,1.31,11.82,8.16,6.69,9.4,0,0
1709,Moreno,MEX,2018,CDM,33,1985,187,77,Right,25.8,74,4,353,0.25,0.15,0.0,1.1,0.0,85.3,16.69,5.18,9.7,0.58,-0.0,0.06,3.3,0.94,4.53,5.93,0,0
1710,Gallardo,MEX,2018,GK,19,1999,192,80,Left,17.6,77,3,288,0.0,0.0,21.31,1.5,1.56,82.1,1.19,1.58,3.68,0.0,0.5,0.1,0.0,0.0,0.0,0.53,0,0
1711,Alvarez,MEX,2018,GK,34,1984,196,92,Left,42.1,75,4,375,0.0,0.0,11.16,2.22,3.44,82.5,0.08,1.91,6.41,0.0,0.5,0.19,0.0,0.0,0.0,0.58,0,0
1712,Montes,MEX,2018,LB,26,1992,173,87,Left,39.8,84,5,451,0.07,0.37,0.0,1.83,0.0,88.5,8.56,10.94,4.63,1.23,0.0,0.32,3.91,3.1,3.71,4.22,1,0
1713,Sanchez,MEX,2018,RW,36,1982,188,79,Both,66.1,90,4,325,0.49,0.9,0.0,0.62,0.0,76.9,3.01,4.3,2.31,1.8,0.4,1.25,13.71,4.12,11.8,2.41,0,0
1714,Pineda,MEX,2018,CDM,31,1987,183,74,Left,54.7,72,6,543,0.18,0.43,0.0,0.77,0.0,89.7,11.88,8.66,9.21,0.24,0.2,0.6,4.11,0.57,5.51,8.11,0,0
1715,Chavez,MEX,2018,CB,27,1991,192,87,Right,59.0,70,2,221,0.24,0.05,0.0,1.08,0.0,88.9,6.37,14.39,28.8,0.41,0.0,0.67,2.87,0.48,2.2,6.95,0,0
1716,Vega,MEX,2018,LW,27,1991,189,76,Right,98.9,90,3,327,1.09,1.12,0.0,0.48,0.0,79.8,2.1,3.84,2.8,1.32,0.6,0.86,6.89,3.8,21.21,8.12,0,0
1717,Antuna,MEX,2018,CAM,36,1982,192,70,Right,62.8,76,4,389,0.44,0.68,0.0,0.66,0.0,85.6,4.87,8.62,1.45,0.76,0.2,1.2,10.82,3.52,12.05,3.58,0,0
1718,Gimenez,MEX,2018,RW,22,1996,179,76,Left,63.4,75,1,99,0.82,0.64,0.0,0.42,0.0,72.0,2.77,2.56,2.05,1.76,-0.2,1.18,8.32,2.0,12.81,6.46,0,0
1719,Arteaga,MEX,2018,LW,31,1987,183,73,Left,81.1,76,5,416,0.61,0.84,0.0,0.37,0.0,75.5,3.35,4.87,2.54,0.9,0.2,0.67,8.66,4.35,9.56,2.29,0,0
1720,Rodriguez,MEX,2018,ST,33,1985,174,84,Right,67.3,91,4,358,1.33,0.46,0.0,0.0,0.0,72.0,1.65,4.97,1.25,0.72,-0.3,1.73,6.4,6.17,10.13,7.62,0,0
1721,Malagon,MEX,2018,CB,31,1987,191,77,Right,52.5,83,3,311,0.28,0.06,0.0,2.14,0.0,88.2,9.81,8.48,26.47,0.49,-0.1,0.62,6.3,0.93,2.05,7.61,0,0
1722,Araujo,MEX,2018,LB,29,1989,186,79,Right,38.6,80,3,275,0.4,0.42,0.0,1.33,0.0,81.4,9.4,8.67,11.21,0.68,-0.1,0.43,5.55,2.98,5.55,6.04,0,0
1723,Huerta,MEX,2018,RB,19,1999,183,77,Right,69.6,99,3,254,0.2,0.6,0.0,2.79,0.0,86.4,12.68,5.99,9.45,0.59,0.3,0.19,5.01,2.39,8.66,4.05,0,0
1724,Luna,MEX,2018,CM,37,1981,170,78,Right,26.6,70,4,345,0.29,0.83,0.0,0.7,0.0,89.0,12.44,7.78,3.67,1.15,-0.1,0.38,4.68,1.72,6.41,6.07,0,0
1725,Sepulveda,MEX,2018,GK,26,1992,185,81,Left,52.4,82,2,190,0.0,0.0,12.86,2.38,2.53,79.3,0.85,1.19,5.28,0.0,0.7,-0.12,0.0,0.0,0.0,0.89,0,0
1726,Nakata,JPN,2018,LW,37,1981,184,84,Right,74.0,90,2,234,0.6,0.83,0.0,0.64,0.0,76.3,1.09,4.26,2.3,1.72,0.2,1.09,13.45,4.53,11.45,5.73,0,0
1727,Honda,JPN,2018,CB,35,1983,175,88,Right,58.4,82,3,252,0.24,0.15,0.0,1.8,0.0,87.4,4.57,10.26,32.47,0.49,-0.4,0.35,3.94,1.24,2.49,4.09,0,0
1728,Kagawa,JPN,2018,CM,37,1981,188,89,Left,32.8,71,4,352,0.37,0.69,0.0,1.28,0.0,84.2,9.59,7.89,5.61,0.68,-0.1,0.78,6.45,2.62,6.54,7.63,0,0
1729,Nagatomo,JPN,2018,GK,30,1988,186,88,Right,13.2,78,6,448,0.0,0.0,15.38,1.74,2.82,89.4,0.51,1.79,4.73,0.0,0.3,-0.23,0.0,0.0,0.0,1.51,0,0
1730,Yoshida,JPN,2018,CM,32,1986,189,79,Left,37.5,70,3,341,0.25,0.53,0.0,0.11,0.0,82.9,7.99,6.96,5.1,1.04,-0.5,0.56,7.62,2.47,6.09,6.93,0,0
1731,Endo,JPN,2018,RW,26,1992,193,77,Right,100.5,87,4,345,0.94,0.91,0.0,0.61,0.0,82.7,4.04,6.07,2.55,1.61,0.3,1.2,9.71,1.86,17.57,4.2,0,0
1732,Minamino,JPN,2018,CB,31,1987,175,79,Left,59.6,96,4,293,0.35,0.11,0.0,3.76,0.0,82.6,10.96,14.01,21.78,0.37,0.6,0.06,3.31,1.02,1.75,0.89,0,0
1733,Kubo,JPN,2018,GK,26,1992,194,89,Right,47.2,73,3,306,0.0,0.0,14.76,2.47,2.91,87.4,1.35,2.29,4.3,0.0,0.7,-0.01,0.0,0.0,0.0,1.0,0,0
1734,Tomiyasu,JPN,2018,ST,28,1990,181,66,Left,48.2,92,3,314,1.04,0.58,0.0,0.0,0.0,67.3,2.85,2.45,1.18,0.98,0.4,1.64,9.73,6.71,8.56,8.03,0,0
1735,Doan,JPN,2018,CDM,19,1999,175,82,Right,54.0,71,6,495,0.14,0.16,0.0,1.08,0.0,86.2,14.53,13.66,8.37,0.65,0.0,0.29,3.63,0.9,2.29,5.68,1,0
1736,Ito,JPN,2018,RB,24,1994,176,66,Right,61.7,92,4,350,0.38,0.37,0.0,1.97,0.0,84.3,6.26,12.01,7.37,0.37,0.6,0.68,6.93,1.56,5.13,4.77,0,0
1737,Maeda,JPN,2018,CB,37,1981,184,89,Right,64.8,94,3,218,0.24,0.11,0.0,2.09,0.0,85.4,10.8,15.76,15.03,0.65,0.3,1.1,5.01,1.32,1.74,6.13,1,0
1738,Asano,JPN,2018,CM,34,1984,184,81,Right,15.3,63,1,154,0.43,0.69,0.0,0.33,0.0,83.9,10.13,5.28,4.58,0.86,0.0,0.3,6.63,2.79,7.53,5.83,0,0
1739,Tanaka,JPN,2018,GK,33,1985,196,83,Left,60.2,78,4,362,0.0,0.0,13.77,2.37,2.58,85.3,0.65,2.35,6.73,0.0,0.8,0.43,0.0,0.0,0.0,1.16,0,0
1740,Soma,JPN,2018,LB,24,1994,188,66,Right,93.2,99,3,305,0.28,0.44,0.0,3.64,0.0,84.5,5.64,10.29,11.57,0.62,-0.0,0.54,3.86,2.52,6.06,3.84,0,0
1741,Machino,JPN,2018,ST,19,1999,180,80,Both,145.1,95,5,379,1.14,0.3,0.0,0.0,0.0,72.3,2.69,3.43,1.54,0.94,-0.1,2.22,2.4,5.34,9.98,5.48,0,0
1742,Ueda,JPN,2018,RB,37,1981,180,79,Right,44.6,81,6,499,0.39,0.59,0.0,1.9,0.0,77.7,7.71,9.28,7.35,0.88,-0.1,-0.16,5.92,2.36,5.72,5.15,0,0
1743,Kamada,JPN,2018,CB,23,1995,171,73,Right,33.9,82,4,415,0.21,0.07,0.0,1.86,0.0,93.9,10.08,10.65,35.59,0.37,0.0,0.08,3.12,0.95,1.63,8.61,1,0
1744,Hatate,JPN,2018,CDM,19,1999,189,79,Right,70.9,86,6,488,0.28,0.36,0.0,1.42,0.0,91.2,13.44,13.08,7.0,0.69,0.2,0.43,4.43,0.98,3.21,8.65,1,0
1745,Suzuki,JPN,2018,RW,23,1995,174,80,Left,67.4,77,2,225,1.09,0.85,0.0,0.54,0.0,75.2,4.7,3.31,2.97,0.58,0.0,0.63,13.18,3.79,13.29,5.67,0,0
1746,Morita,JPN,2018,CAM,24,1994,172,75,Left,20.1,80,2,204,0.4,1.12,0.0,0.64,0.0,82.1,4.96,5.79,3.34,0.99,0.3,0.68,7.82,3.53,9.1,4.25,0,0
1747,Mitoma,JPN,2018,LB,27,1991,173,82,Left,89.5,86,3,285,0.2,0.62,0.0,2.4,0.0,85.5,10.7,12.23,9.3,1.04,-0.4,0.16,3.37,1.86,9.97,4.06,0,0
1748,Suzuki,JPN,2018,LW,24,1994,184,74,Right,37.1,74,3,273,0.64,1.17,0.0,0.4,0.0,76.9,2.46,4.84,1.86,1.52,0.1,0.66,3.94,4.86,26.12,5.29,0,0
1749,Casillas,ESP,2018,LW,23,1995,189,85,Right,29.5,90,3,311,0.8,1.28,0.0,0.54,0.0,75.8,1.8,2.15,2.71,0.46,0.2,1.01,11.66,5.3,22.56,6.31,0,0
1750,Ramos,ESP,2018,LB,28,1990,189,80,Right,51.5,88,3,239,0.23,0.39,0.0,3.18,0.0,76.9,6.85,8.86,10.87,0.58,-0.9,0.49,4.83,0.94,5.53,6.7,0,0
1751,Pique,ESP,2018,CDM,29,1989,174,65,Left,11.3,68,4,327,0.18,0.19,0.0,0.88,0.0,86.0,5.58,10.33,8.2,0.6,-0.7,0.1,2.92,0.5,4.9,8.63,1,0
1752,Busquets,ESP,2018,CB,21,1997,193,77,Left,17.4,76,4,443,0.23,0.08,0.0,1.77,0.0,91.5,11.69,7.51,17.5,0.5,0.5,0.58,5.46,0.87,1.87,10.16,0,0
1753,Iniesta,ESP,2018,CB,35,1983,173,82,Left,41.5,86,3,313,0.14,0.15,0.0,1.67,0.0,85.7,2.86,11.66,29.22,0.43,0.7,0.56,3.27,0.43,1.84,7.44,0,0
1754,Xavi,ESP,2018,CM,24,1994,181,69,Left,48.3,76,4,375,0.42,0.46,0.0,0.66,0.0,85.6,4.18,6.53,5.19,0.6,0.1,0.89,9.88,1.36,6.83,4.43,0,0
1755,Villa,ESP,2018,GK,28,1990,187,82,Left,26.9,78,1,112,0.0,0.0,22.0,2.0,3.16,83.7,0.96,1.54,4.55,0.0,0.7,-0.12,0.0,0.0,0.0,0.53,0,0
1756,Torres,ESP,2018,RB,30,1988,187,69,Right,51.7,76,4,354,0.28,0.6,0.0,1.17,0.0,82.9,7.7,7.47,6.64,0.42,-0.1,0.34,5.9,2.43,6.37,4.86,0,0
1757,Alba,ESP,2018,RB,30,1988,187,68,Right,65.6,85,5,460,0.2,0.57,0.0,2.08,0.0,84.4,14.13,9.81,9.97,1.21,0.1,0.06,2.54,1.57,8.4,4.96,0,0
1758,Arbeloa,ESP,2018,CB,24,1994,187,79,Right,58.7,87,2,218,0.2,0.1,0.0,2.75,0.0,87.6,7.4,6.74,20.86,0.28,0.4,0.28,3.52,1.05,1.73,7.4,0,0
1759,Silva,ESP,2018,LW,29,1989,180,86,Both,26.3,71,2,233,0.7,1.08,0.0,0.63,0.0,76.2,2.27,3.62,1.92,0.68,0.4,0.57,7.27,1.62,15.44,5.87,0,0
1760,Pedro,ESP,2018,RW,28,1990,173,89,Both,62.5,78,4,349,0.8,0.78,0.0,0.53,0.0,74.2,2.81,5.44,0.82,1.24,-0.3,0.76,13.07,3.62,15.31,4.93,0,0
1761,Navar,ESP,2018,ST,33,1985,186,83,Right,50.2,81,3,257,0.56,0.43,0.0,0.0,0.0,74.3,0.99,3.95,0.84,1.08,0.1,1.34,14.7,2.57,7.6,7.37,0,0
1762,Llorente,ESP,2018,CM,19,1999,173,80,Both,23.9,83,2,213,0.5,0.49,0.0,0.97,0.0,83.1,6.32,5.2,6.05,1.05,0.4,0.31,4.94,1.74,6.56,6.4,1,0
1763,Morata,ESP,2018,LB,35,1983,186,73,Right,68.3,90,4,411,0.1,0.76,0.0,1.93,0.0,82.0,7.73,8.35,10.53,0.91,0.3,0.8,4.91,2.21,8.46,5.84,0,0
1764,Asensio,ESP,2018,CB,36,1982,172,86,Right,39.4,80,5,437,0.16,0.08,0.0,2.55,0.0,86.4,10.04,9.19,27.08,0.59,0.2,0.43,5.05,0.87,0.94,5.88,0,0
1765,Sarabia,ESP,2018,RW,36,1982,186,65,Right,32.1,75,5,420,0.59,0.36,0.0,0.28,0.0,72.7,2.72,2.79,1.88,1.24,-0.5,1.21,7.15,6.13,10.47,4.34,0,0
1766,Unai Simon,ESP,2018,GK,28,1990,189,84,Right,30.0,77,4,319,0.0,0.0,20.83,2.61,3.81,86.1,1.24,1.71,3.31,0.0,0.5,-0.29,0.0,0.0,0.0,1.14,0,0
1767,Rodri,ESP,2018,ST,30,1988,189,81,Left,53.3,75,3,224,1.37,0.43,0.0,0.0,0.0,74.8,2.09,4.22,1.07,1.09,-0.3,1.1,10.69,6.02,4.99,6.02,0,0
1768,Gavi,ESP,2018,CDM,37,1981,174,83,Right,35.0,73,5,404,0.28,0.34,0.0,1.22,0.0,92.6,14.49,9.69,7.18,0.34,0.5,0.54,1.99,0.73,4.01,10.89,1,0
1769,Pedri,ESP,2018,CM,29,1989,180,82,Right,30.7,67,5,394,0.45,0.34,0.0,0.85,0.0,84.6,8.4,10.1,3.86,1.0,0.5,-0.0,5.59,1.59,7.47,2.03,0,0
1770,Ferran Torres,ESP,2018,GK,30,1988,195,93,Left,15.6,77,4,362,0.0,0.0,19.41,1.3,3.52,80.9,0.66,2.1,5.84,0.0,0.6,0.37,0.0,0.0,0.0,0.85,0,0
1771,Olmo,ESP,2018,CAM,31,1987,187,71,Left,54.0,76,3,250,0.66,0.73,0.0,0.49,0.0,83.0,4.78,6.62,2.02,1.64,-0.3,1.13,11.31,3.37,7.94,1.3,0,0
1772,Ronaldo,POR,2018,RW,32,1986,179,73,Left,38.8,81,4,339,0.46,0.91,0.0,0.61,0.0,77.2,2.15,4.83,1.14,1.55,0.4,0.91,12.86,3.63,17.68,6.38,0,0
1773,Pepe,POR,2018,CAM,22,1996,172,76,Right,29.8,83,2,253,0.65,0.39,0.0,0.28,0.0,84.6,4.53,6.26,1.29,1.11,0.4,0.42,7.17,1.75,8.84,4.1,0,0
1774,Silva,POR,2018,CM,31,1987,191,71,Right,52.3,80,4,340,0.61,0.6,0.0,0.59,0.0,95.0,5.11,4.41,0.79,0.92,0.2,0.59,7.77,1.87,2.06,5.23,0,0
1775,Cancelo,POR,2018,RW,36,1982,177,80,Left,50.6,68,4,338,0.45,0.98,0.0,0.46,0.0,77.0,3.72,3.42,2.77,0.21,0.1,0.52,7.76,5.51,3.72,6.66,0,0
1776,Dias,POR,2018,CB,35,1983,176,89,Right,21.1,85,2,166,0.28,0.07,0.0,2.15,0.0,87.0,5.5,12.81,33.13,0.52,-0.1,0.01,5.48,1.53,2.64,7.69,1,0
1777,Fernandes,POR,2018,LW,19,1999,192,69,Both,46.9,79,3,282,0.78,0.73,0.0,0.43,0.0,78.6,1.84,4.56,2.23,2.33,0.0,0.58,8.8,3.61,14.81,5.17,0,0
1778,Jota,POR,2018,RB,24,1994,193,66,Right,23.2,99,3,263,0.41,0.66,0.0,1.88,0.0,77.5,9.65,6.55,7.14,0.97,0.2,0.41,2.7,1.6,6.42,4.36,0,0
1779,Felix,POR,2018,LB,36,1982,188,86,Right,40.8,86,4,364,0.17,0.33,0.0,2.22,0.0,83.3,10.54,4.67,8.45,0.92,-0.2,-0.01,6.22,2.54,4.38,5.28,0,0
1780,Leao,POR,2018,LW,32,1986,171,79,Right,66.3,76,3,304,0.96,0.61,0.0,0.42,0.0,79.2,1.66,3.17,2.1,1.64,-0.3,1.0,8.31,6.73,10.26,6.81,0,0
1781,Neves,POR,2018,CM,35,1983,184,89,Right,15.7,72,3,226,0.51,0.59,0.0,0.72,0.0,90.8,8.1,8.6,4.63,0.59,0.5,0.71,3.98,0.8,8.27,3.3,0,0
1782,Palhinha,POR,2018,LB,33,1985,179,80,Right,39.7,84,3,246,0.46,0.43,0.0,1.84,0.0,76.5,4.93,10.95,7.93,1.05,-0.1,0.62,7.1,2.15,8.98,4.22,0,0
1783,Carvalho,POR,2018,ST,24,1994,175,82,Left,32.6,86,5,411,1.32,0.4,0.0,0.0,0.0,69.2,1.96,3.08,1.13,0.75,-0.1,1.77,8.85,5.11,8.31,4.1,0,0
1784,Inacio,POR,2018,CB,22,1996,186,68,Right,79.4,91,5,507,0.23,0.14,0.0,2.54,0.0,85.2,2.58,8.59,16.13,0.57,0.0,0.22,2.72,1.1,2.07,6.2,0,0
1785,Ramos,POR,2018,RB,28,1990,179,86,Right,50.2,86,4,366,0.41,0.25,0.0,2.6,0.0,80.9,12.41,9.43,5.0,0.97,0.1,-0.07,2.46,1.85,4.56,2.89,0,0
1786,Silva,POR,2018,CDM,19,1999,188,73,Right,52.6,76,3,263,0.29,0.34,0.0,1.32,0.0,88.2,19.92,10.75,8.94,0.28,0.1,-0.23,4.49,0.65,1.9,9.56,1,0
1787,Conceicao,POR,2018,ST,28,1990,175,77,Left,129.9,90,3,247,1.46,0.31,0.0,0.0,0.0,75.0,2.27,4.45,1.05,1.33,0.0,1.42,14.59,3.66,6.08,7.82,0,0
1788,Costa,POR,2018,CM,26,1992,194,70,Right,58.2,79,5,419,0.39,0.54,0.0,0.71,0.0,90.6,10.01,7.62,2.17,1.11,0.3,0.78,5.23,1.78,6.52,4.44,0,0
1789,Sa,POR,2018,GK,26,1992,194,89,Left,32.2,70,4,329,0.0,0.0,14.46,1.31,3.97,88.5,0.66,1.37,7.59,0.0,0.7,-0.09,0.0,0.0,0.0,1.14,0,0
1790,Mendes,POR,2018,CB,22,1996,175,86,Right,40.5,85,4,375,0.08,0.14,0.0,2.84,0.0,90.7,4.67,5.04,25.59,0.46,-0.0,0.1,3.45,1.36,1.68,5.91,1,0
1791,Guerreiro,POR,2018,GK,27,1991,188,83,Left,94.3,84,0,52,0.0,0.0,11.68,3.16,4.08,83.7,1.69,1.7,5.83,0.0,0.4,0.46,0.0,0.0,0.0,1.03,0,0
1792,Dalot,POR,2018,GK,26,1992,192,89,Right,49.8,81,1,148,0.0,0.0,14.44,2.44,2.31,83.2,0.52,1.95,4.68,0.0,1.1,0.2,0.0,0.0,0.0,0.92,0,0
1793,Neto,POR,2018,CB,25,1993,187,84,Left,27.7,88,3,344,0.22,0.09,0.0,2.71,0.0,84.8,9.86,9.47,8.54,0.61,0.3,1.23,3.48,0.91,2.47,2.51,0,0
1794,Ramos,POR,2018,CDM,20,1998,182,88,Right,36.3,72,4,346,0.17,0.27,0.0,1.2,0.0,86.6,13.61,10.32,4.94,0.61,-0.1,0.29,3.74,0.79,4.87,8.67,1,0
1795,Matheus Rocha,SUI,2018,CB,35,1983,178,85,Right,54.3,96,1,134,0.22,0.12,0.0,3.66,0.0,90.2,8.94,9.54,18.99,0.21,0.4,0.71,4.55,0.9,2.75,5.35,0,0
1796,Rodrigo Pereira,SUI,2018,CDM,28,1990,173,87,Both,35.9,70,4,393,0.31,0.26,0.0,1.06,0.0,89.9,10.82,9.46,7.29,0.6,-0.0,0.2,4.88,1.02,4.65,8.4,1,0
1797,Heitor Costa,SUI,2018,CAM,37,1981,189,79,Right,40.9,82,5,504,0.64,0.91,0.0,0.48,0.0,81.3,4.61,6.31,2.09,1.01,0.3,0.94,1.88,3.91,10.96,2.62,0,0
1798,Joao Barbosa,SUI,2018,ST,23,1995,187,69,Right,67.7,86,7,560,0.82,0.34,0.0,0.0,0.0,70.2,1.78,3.58,1.01,0.89,0.4,1.43,11.92,4.78,5.51,7.59,0,0
1799,Ricardo Barbosa,SUI,2018,CM,27,1991,175,72,Right,14.8,70,7,540,0.27,0.44,0.0,0.77,0.0,84.0,7.0,12.27,6.63,0.67,-0.5,0.59,7.42,1.99,3.86,3.54,0,0
1800,Paulo Ferreira,SUI,2018,GK,20,1998,187,93,Right,13.8,87,0,73,0.0,0.0,12.99,2.14,1.42,84.9,1.1,1.73,2.09,0.0,0.7,0.21,0.0,0.0,0.0,1.24,0,0
1801,Joao Cavalcanti,SUI,2018,RB,33,1985,193,84,Right,85.6,83,3,274,0.37,0.74,0.0,2.93,0.0,85.0,12.1,6.89,12.13,0.96,-0.2,0.13,8.12,3.22,7.85,5.33,0,0
1802,Paulo Cardoso,SUI,2018,CM,29,1989,189,66,Left,29.9,76,3,228,0.4,0.45,0.0,0.75,0.0,80.0,7.16,6.6,4.2,0.52,-0.1,0.45,6.58,3.0,10.44,8.56,0,0
1803,Leonardo Oliveira,SUI,2018,RW,21,1997,172,85,Right,44.4,79,4,401,1.0,0.86,0.0,0.57,0.0,76.0,1.2,3.94,3.02,1.31,-0.4,1.08,10.74,5.32,14.67,4.43,0,0
1804,Vinicius Ribeiro,SUI,2018,CB,29,1989,175,74,Right,22.6,67,2,212,0.24,0.07,0.0,1.07,0.0,84.3,9.6,8.09,30.43,0.37,-0.2,-0.37,3.6,0.86,1.9,5.54,0,0
1805,Pedro Santos,SUI,2018,LB,34,1984,187,70,Right,23.8,82,6,560,0.2,0.34,0.0,2.64,0.0,86.0,10.64,5.81,9.7,0.66,-0.2,0.15,6.79,2.11,6.63,8.45,0,0
1806,Marcelo Costa,SUI,2018,RW,30,1988,179,80,Right,78.1,74,2,172,0.86,0.7,0.0,0.45,0.0,78.0,2.6,5.49,2.82,1.41,0.1,1.0,12.93,3.92,15.93,2.44,0,0
1807,Leonardo Araujo,SUI,2018,LB,33,1985,188,81,Right,29.8,99,4,300,0.0,0.34,0.0,3.08,0.0,77.0,6.28,11.38,8.96,0.39,0.2,0.22,4.69,2.14,4.32,8.02,0,0
1808,Gabriel Monteiro,SUI,2018,RB,24,1994,177,65,Right,64.5,85,4,413,0.39,0.51,0.0,3.12,0.0,82.2,7.63,7.26,13.33,0.65,-0.1,-0.0,6.15,2.61,9.2,4.39,0,0
1809,Eduardo Ferreira,SUI,2018,LW,19,1999,188,84,Right,58.4,79,3,298,0.21,1.31,0.0,0.41,0.0,70.5,2.94,3.41,1.99,1.49,0.1,1.39,9.28,3.01,15.21,4.29,0,0
1810,Gustavo Cardoso,SUI,2018,LW,36,1982,191,80,Right,50.4,74,5,413,0.08,0.69,0.0,0.36,0.0,71.9,2.6,3.63,0.72,1.51,-0.0,1.02,7.41,1.95,20.64,4.89,0,0
1811,Andre Pereira,SUI,2018,GK,36,1982,184,88,Left,14.9,77,5,429,0.0,0.0,17.46,2.47,3.18,82.5,1.1,2.24,6.15,0.0,0.2,-0.37,0.0,0.0,0.0,0.57,0,0
1812,Roberto Cavalcanti,SUI,2018,ST,28,1990,174,81,Right,40.2,89,3,319,1.2,0.48,0.0,0.0,0.0,75.0,1.48,2.53,0.86,1.09,-0.3,1.04,12.22,5.96,6.59,8.25,0,0
1813,Marcelo Rodrigues,SUI,2018,CDM,37,1981,192,76,Left,22.7,82,5,448,0.15,0.31,0.0,0.85,0.0,87.3,18.55,6.52,6.14,0.59,-0.0,0.62,4.72,0.98,5.2,5.84,1,0
1814,Lucas Monteiro,SUI,2018,CB,24,1994,185,82,Right,63.8,86,4,386,0.19,0.13,0.0,2.66,0.0,89.9,7.11,6.61,32.99,0.64,-0.0,-0.02,3.95,1.01,1.34,7.81,1,0
1815,Leonardo Nascimento,SUI,2018,CB,26,1992,183,78,Right,72.3,89,4,309,0.21,0.14,0.0,2.32,0.0,85.4,8.54,14.28,29.58,0.53,0.0,0.21,4.33,1.49,2.09,6.75,1,0
1816,Andre Ribeiro,SUI,2018,GK,37,1981,186,86,Right,37.4,75,6,522,0.0,0.0,14.69,2.48,3.28,83.8,0.95,1.26,4.34,0.0,0.6,0.35,0.0,0.0,0.0,1.3,0,0
1817,Heitor Rodrigues,SUI,2018,CM,21,1997,181,68,Left,7.1,62,3,256,0.39,0.44,0.0,0.97,0.0,88.0,9.21,5.12,4.64,0.74,-0.6,0.18,4.47,1.98,8.68,5.13,0,0
1818,Messi,ARG,2018,RB,21,1997,177,66,Right,41.7,81,5,446,0.12,0.5,0.0,2.15,0.0,86.0,13.23,5.09,14.78,0.78,0.5,0.61,5.7,2.45,6.04,3.62,0,0
1819,Di Maria,ARG,2018,LW,27,1991,189,87,Left,135.0,84,6,557,0.98,0.5,0.0,0.51,0.0,82.6,3.01,3.7,0.82,1.14,-0.3,1.28,10.09,3.68,12.98,3.95,0,0
1820,Martinez,ARG,2018,CM,28,1990,178,88,Right,52.0,84,5,422,0.37,0.69,0.0,1.14,0.0,86.0,7.02,6.08,4.94,0.83,0.3,0.5,6.58,2.69,8.62,7.41,0,0
1821,Otamendi,ARG,2018,CM,20,1998,173,85,Right,53.5,71,3,321,0.71,0.59,0.0,1.16,0.0,89.9,8.43,11.83,5.31,0.68,-0.2,0.82,7.51,3.25,5.39,5.11,0,0
1822,De Paul,ARG,2018,CB,20,1998,173,77,Left,46.7,85,2,246,0.27,0.09,0.0,2.69,0.0,88.3,7.12,6.4,26.35,0.59,0.2,0.32,4.99,1.0,1.47,6.44,0,0
1823,Paredes,ARG,2018,LB,24,1994,178,67,Right,68.4,92,4,364,0.4,0.42,0.0,2.95,0.0,84.2,11.21,10.26,12.57,0.76,-0.3,0.32,4.4,0.91,5.59,6.2,0,0
1824,Lo Celso,ARG,2018,CB,35,1983,183,65,Right,70.2,83,2,157,0.23,0.09,0.0,2.58,0.0,89.1,5.83,10.05,4.36,0.28,-0.0,0.08,4.94,0.67,1.94,4.86,1,0
1825,Lautaro,ARG,2018,GK,23,1995,183,75,Left,34.8,85,6,546,0.0,0.0,19.47,2.63,2.95,86.7,1.29,1.87,8.47,0.0,0.7,0.26,0.0,0.0,0.0,0.91,0,0
1826,Alvarez,ARG,2018,RW,32,1986,180,84,Right,93.8,78,4,357,0.34,1.05,0.0,0.53,0.0,77.7,2.88,5.06,2.17,1.43,0.2,1.1,12.77,3.99,16.77,8.67,0,0
1827,Tagliafico,ARG,2018,CB,32,1986,178,74,Left,73.7,97,3,255,0.25,0.07,0.0,3.51,0.0,88.5,8.68,11.91,25.73,0.62,0.6,0.43,2.44,0.84,1.79,7.77,1,0
1828,Molina,ARG,2018,GK,25,1993,196,78,Right,17.3,70,3,269,0.0,0.0,16.85,1.36,2.15,88.7,0.38,1.88,4.74,0.0,0.2,-0.41,0.0,0.0,0.0,0.71,0,0
1829,Acuna,ARG,2018,CB,21,1997,190,80,Right,43.6,89,3,223,0.27,0.1,0.0,2.42,0.0,84.3,5.17,5.88,34.14,0.27,-0.1,1.02,2.01,0.36,2.37,5.35,0,0
1830,Montiel,ARG,2018,LW,32,1986,187,65,Right,71.1,73,5,451,0.98,0.02,0.0,0.53,0.0,79.1,2.03,5.49,1.78,1.44,-0.4,0.85,12.76,3.96,12.84,4.16,0,0
1831,Pezzella,ARG,2018,ST,35,1983,179,69,Right,93.9,82,4,427,1.21,0.44,0.0,0.0,0.0,72.6,2.68,3.05,1.18,1.34,0.1,1.34,3.71,6.02,8.18,10.69,0,0
1832,Gonzalez,ARG,2018,CDM,23,1995,171,78,Right,12.7,69,4,335,0.22,0.32,0.0,0.57,0.0,84.4,13.31,8.71,7.75,0.44,0.4,0.14,5.93,1.06,1.42,6.8,0,0
1833,Correa,ARG,2018,RW,34,1984,186,80,Left,23.0,65,3,281,0.12,0.64,0.0,0.45,0.0,76.9,3.41,6.11,2.38,0.88,0.5,0.86,5.6,2.86,15.01,6.6,0,0
1834,Dybala,ARG,2018,CM,34,1984,192,85,Right,30.7,63,5,414,0.38,0.71,0.0,0.53,0.0,87.5,12.17,10.29,6.62,0.93,-0.2,0.11,7.0,2.12,8.95,7.47,0,0
1835,Rulli,ARG,2018,LB,24,1994,181,78,Right,38.6,76,5,399,0.25,0.54,0.0,2.07,0.0,85.5,13.43,11.09,9.04,0.81,0.1,0.23,5.17,2.07,2.44,6.39,0,0
1836,Armani,ARG,2018,GK,33,1985,191,87,Both,41.8,80,4,361,0.0,0.0,16.89,2.7,2.77,82.7,1.03,3.28,4.73,0.0,0.5,-0.0,0.0,0.0,0.0,1.26,0,0
1837,Foyth,ARG,2018,RB,20,1998,172,75,Right,36.0,83,3,289,0.2,0.59,0.0,1.19,0.0,83.1,2.5,7.21,5.54,0.62,0.0,0.57,6.28,1.6,4.41,5.33,0,0
1838,Palacios,ARG,2018,ST,22,1996,180,68,Right,99.7,87,4,392,1.07,0.41,0.0,0.0,0.0,74.4,2.27,4.35,1.48,1.24,-0.1,1.45,4.38,3.34,11.28,5.75,0,0
1839,Almada,ARG,2018,CDM,31,1987,176,87,Right,29.5,77,4,389,0.16,0.13,0.0,0.97,0.0,87.8,9.16,13.78,8.8,0.53,-0.1,0.21,4.32,0.73,4.22,9.6,0,0
1840,Carboni,ARG,2018,CAM,20,1998,188,72,Right,55.0,82,5,477,0.42,0.79,0.0,0.43,0.0,84.2,3.9,3.28,2.76,0.89,-0.5,0.75,9.21,1.79,12.5,4.44,0,0
1841,Neuer,GER,2018,ST,35,1983,192,89,Both,64.6,87,4,414,1.54,0.61,0.0,0.0,0.0,71.2,1.25,4.19,1.46,1.25,-0.1,1.16,18.55,4.85,8.68,7.01,0,0
1842,Muller,GER,2018,CB,26,1992,191,75,Right,55.5,79,5,415,0.08,0.13,0.0,2.43,0.0,85.9,8.64,10.1,15.54,0.37,-0.2,0.08,3.4,1.05,1.97,2.65,0,0
1843,Gnabry,GER,2018,CM,27,1991,188,74,Left,47.4,65,3,284,0.36,0.6,0.0,0.74,0.0,83.4,10.79,7.68,4.13,1.23,0.1,0.54,7.3,2.01,6.7,7.0,0,0
1844,Kimmich,GER,2018,LW,34,1984,172,89,Right,25.7,78,5,448,0.48,1.09,0.0,0.76,0.0,76.9,1.29,3.03,2.75,1.9,-0.5,0.82,9.94,3.25,11.81,6.89,0,0
1845,Goretzka,GER,2018,CM,32,1986,191,72,Left,24.3,66,5,385,0.42,0.57,0.0,1.07,0.0,89.3,6.33,8.06,3.55,0.69,-0.3,0.69,8.88,2.68,7.31,3.02,0,0
1846,Hummels,GER,2018,RB,32,1986,171,87,Right,43.3,89,1,127,0.19,0.58,0.0,1.8,0.0,81.5,9.92,8.26,12.1,0.78,0.1,0.38,3.79,1.96,6.98,5.07,0,0
1847,Rudiger,GER,2018,CM,32,1986,172,83,Right,47.9,76,3,287,0.44,0.77,0.0,0.16,0.0,86.9,9.22,6.81,2.79,0.91,-0.4,0.55,7.79,0.69,7.05,6.07,0,0
1848,Sule,GER,2018,CAM,34,1984,191,83,Left,58.6,80,4,368,0.91,0.68,0.0,0.56,0.0,86.8,5.59,6.48,3.0,1.59,-0.2,1.06,16.38,2.99,5.77,2.66,0,0
1849,Gosens,GER,2018,LB,23,1995,184,71,Right,10.9,79,3,287,0.24,0.29,0.0,1.31,0.0,80.1,11.02,9.47,9.61,0.76,-0.3,0.1,7.66,2.53,6.14,5.69,0,0
1850,Havertz,GER,2018,CB,34,1984,190,68,Right,12.6,67,3,285,0.14,0.05,0.0,0.63,0.0,90.9,7.3,9.52,22.38,0.39,0.2,0.09,3.11,1.17,2.11,4.62,1,0
1851,Sané,GER,2018,CDM,32,1986,177,71,Right,14.4,76,2,246,0.31,0.44,0.0,0.62,0.0,90.1,12.64,13.5,8.2,0.35,0.2,0.09,4.1,0.93,4.49,8.8,0,0
1852,Werner,GER,2018,GK,32,1986,195,88,Left,20.8,86,5,416,0.0,0.0,12.81,2.73,1.99,86.2,1.06,2.34,7.72,0.0,1.1,0.55,0.0,0.0,0.0,0.62,0,0
1853,Ginter,GER,2018,CB,36,1982,189,68,Right,18.5,65,5,397,0.28,0.08,0.0,0.92,0.0,83.4,11.53,4.61,28.34,0.35,0.0,-0.05,1.38,1.13,1.78,7.34,0,0
1854,Kehrer,GER,2018,RW,33,1985,177,79,Left,45.2,80,3,239,0.29,1.12,0.0,0.5,0.0,74.6,2.79,3.32,2.87,1.61,0.1,1.14,10.89,3.34,15.48,5.87,0,0
1855,Trapp,GER,2018,ST,26,1992,187,70,Left,50.3,84,4,311,1.23,0.42,0.0,0.0,0.0,77.5,1.53,3.31,0.91,0.85,0.1,1.59,7.83,4.5,6.93,4.7,0,0
1856,Ter Stegen,GER,2018,CB,35,1983,174,82,Right,63.4,82,4,417,0.21,0.15,0.0,2.16,0.0,87.0,11.83,5.49,25.91,0.35,0.2,0.6,1.76,1.5,3.1,3.58,0,0
1857,Brandt,GER,2018,RB,32,1986,185,86,Left,85.9,92,2,208,0.38,0.77,0.0,2.93,0.0,80.0,13.27,6.43,8.23,1.1,0.2,0.56,5.0,1.88,4.26,3.67,1,0
1858,Reus,GER,2018,RW,26,1992,172,81,Left,61.1,80,3,287,0.9,0.57,0.0,0.6,0.0,82.0,2.59,3.47,3.12,1.55,-0.4,0.4,7.54,4.48,15.15,2.44,0,0
1859,Can,GER,2018,LB,31,1987,177,88,Right,58.4,90,4,349,0.22,0.58,0.0,2.3,0.0,79.9,13.22,9.24,15.07,0.55,0.0,0.38,2.99,2.45,5.49,3.68,1,0
1860,Schlotterbeck,GER,2018,CDM,35,1983,191,75,Right,17.6,75,1,119,0.1,0.24,0.0,1.07,0.0,90.1,13.16,15.39,9.98,0.64,-0.4,0.02,2.7,1.22,4.02,7.66,0,0
1861,Adeyemi,GER,2018,LW,28,1990,174,73,Right,71.3,78,4,433,0.85,0.68,0.0,0.47,0.0,77.3,2.72,3.29,1.46,1.4,-0.3,0.86,4.93,3.34,22.16,5.96,0,0
1862,Musiala,GER,2018,GK,28,1990,186,77,Left,20.2,70,3,285,0.0,0.0,23.46,1.32,3.25,84.7,1.11,1.49,4.14,0.0,0.4,-0.09,0.0,0.0,0.0,1.53,0,0
1863,Wirtz,GER,2018,GK,26,1992,187,80,Right,22.2,76,4,368,0.0,0.0,12.28,2.39,3.99,86.0,1.48,3.24,4.07,0.0,0.5,0.07,0.0,0.0,0.0,0.63,0,0
1864,Arthur Rocha,POL,2018,CDM,37,1981,179,65,Right,50.8,76,2,231,0.24,0.45,0.0,1.06,0.0,89.1,9.24,12.16,9.59,0.68,-0.1,0.62,4.71,0.86,6.4,10.07,1,0
1865,Ricardo Lima,POL,2018,ST,21,1997,187,89,Right,80.9,87,4,378,1.11,0.45,0.0,0.0,0.0,68.8,2.42,1.66,1.24,0.89,0.3,1.53,14.39,3.54,8.56,4.21,0,0
1866,Heitor Melo,POL,2018,RW,25,1993,184,68,Right,29.7,85,4,357,0.67,0.74,0.0,0.63,0.0,77.5,3.24,3.31,1.78,1.85,-0.3,0.76,11.26,4.84,20.29,3.85,0,0
1867,Carlos Lima,POL,2018,CM,32,1986,183,67,Right,42.6,67,5,447,0.45,0.44,0.0,1.02,0.0,82.3,10.27,4.58,4.2,0.75,-0.3,0.49,4.71,1.22,5.16,6.76,0,0
1868,Roberto Melo,POL,2018,GK,25,1993,186,75,Right,17.2,72,2,216,0.0,0.0,15.51,2.69,3.35,88.5,1.05,1.46,6.49,0.0,0.9,-0.52,0.0,0.0,0.0,0.67,0,0
1869,Bruno Costa,POL,2018,ST,20,1998,172,84,Left,29.3,76,3,267,1.32,0.47,0.0,0.0,0.0,71.2,1.39,4.7,0.9,0.99,0.1,0.98,9.49,5.28,2.59,7.14,0,0
1870,Gustavo Melo,POL,2018,CAM,19,1999,178,86,Right,32.8,73,3,272,0.53,0.76,0.0,0.65,0.0,84.7,3.14,4.7,1.82,0.86,0.2,0.28,8.13,3.85,13.85,4.99,0,0
1871,Arthur Freitas,POL,2018,CM,34,1984,174,81,Right,21.9,71,3,231,0.48,0.71,0.0,1.06,0.0,88.1,4.13,10.73,4.58,0.96,0.6,0.48,6.3,3.1,7.32,5.41,1,0
1872,Roberto Souza,POL,2018,GK,36,1982,196,92,Right,12.9,76,1,121,0.0,0.0,16.22,1.54,2.51,86.2,0.96,1.78,3.77,0.0,0.4,0.03,0.0,0.0,0.0,1.46,0,0
1873,Carlos Ferreira,POL,2018,CDM,27,1991,180,78,Right,32.0,74,4,391,0.12,0.16,0.0,1.43,0.0,86.2,14.01,14.72,5.92,0.34,-0.3,0.28,4.92,0.68,3.09,10.74,1,0
1874,Pedro Martins,POL,2018,RW,22,1996,183,67,Right,70.0,72,0,50,0.79,0.84,0.0,0.48,0.0,81.2,4.65,4.69,2.72,1.7,-0.1,1.0,11.09,3.26,13.44,6.1,0,0
1875,Roberto Dias,POL,2018,GK,28,1990,189,87,Right,44.3,81,6,525,0.0,0.0,11.07,2.06,1.78,84.8,1.27,2.31,3.39,0.0,0.8,0.33,0.0,0.0,0.0,1.14,0,0
1876,Alexandre Ferreira,POL,2018,CB,30,1988,185,67,Left,65.3,86,4,385,0.17,0.16,0.0,2.11,0.0,92.0,10.16,12.16,15.9,0.63,0.0,0.51,3.26,1.23,2.73,4.63,0,0
1877,Felipe Rodrigues,POL,2018,RB,33,1985,181,89,Right,49.5,83,3,309,0.26,0.64,0.0,1.82,0.0,83.4,9.81,4.39,6.03,0.82,0.1,0.73,3.74,3.17,8.17,3.95,1,0
1878,Gabriel Araujo,POL,2018,CB,22,1996,190,87,Right,56.3,82,4,389,0.25,0.13,0.0,2.43,0.0,81.2,11.77,14.2,28.13,0.31,0.4,0.2,4.85,1.44,2.79,3.63,1,0
1879,Bruno Freitas,POL,2018,LW,34,1984,182,77,Left,48.9,84,4,320,0.94,1.05,0.0,0.43,0.0,75.1,2.6,3.15,1.98,1.41,-0.1,0.86,6.57,4.7,13.92,6.81,0,0
1880,Eduardo Cardoso,POL,2018,LW,28,1990,182,85,Both,66.2,84,6,470,0.97,0.86,0.0,0.4,0.0,78.0,1.92,2.88,1.64,2.3,0.3,0.89,8.84,4.25,13.23,6.8,0,0
1881,Ricardo Souza,POL,2018,RB,21,1997,171,80,Right,71.2,79,3,292,0.33,0.43,0.0,2.28,0.0,84.0,10.31,6.07,10.54,0.57,0.4,0.3,4.8,2.17,5.52,4.26,0,0
1882,Roberto Cardoso,POL,2018,CB,37,1981,171,73,Right,40.0,77,3,267,0.21,0.11,0.0,1.34,0.0,90.0,5.5,9.41,22.38,0.59,0.5,0.52,2.97,1.09,2.29,7.78,1,0
1883,Pedro Ferreira,POL,2018,CB,30,1988,185,69,Both,48.2,85,3,296,0.2,0.15,0.0,2.45,0.0,87.5,5.87,10.55,29.37,0.43,-0.1,0.13,5.39,0.52,1.78,5.74,1,0
1884,Joao Freitas,POL,2018,LB,22,1996,190,87,Left,54.4,99,4,352,0.11,0.49,0.0,2.85,0.0,86.1,16.51,4.89,11.3,0.54,0.3,1.11,5.85,2.99,7.28,6.95,1,0
1885,Gabriel Almeida,POL,2018,LB,20,1998,178,67,Both,20.4,84,4,356,0.23,0.5,0.0,2.04,0.0,84.5,2.23,7.3,13.6,0.89,0.3,0.17,4.44,1.98,6.93,4.22,0,0
1886,Lucas Almeida,POL,2018,CM,19,1999,173,69,Right,30.5,72,3,282,0.2,0.49,0.0,1.0,0.0,83.9,7.38,7.7,7.06,0.95,-0.1,0.74,5.14,3.79,6.2,5.35,0,0
1887,Carlos Silva,SEN,2018,LB,36,1982,170,84,Right,51.4,84,4,345,0.37,0.34,0.0,2.04,0.0,84.5,12.24,3.96,10.38,0.59,-0.3,0.57,1.19,1.65,10.3,4.1,0,0
1888,Paulo Oliveira,SEN,2018,RB,19,1999,178,66,Left,16.0,83,3,310,0.31,0.57,0.0,1.45,0.0,85.5,6.26,12.67,11.28,0.79,-0.4,-0.41,7.05,0.82,6.71,6.15,0,0
1889,Gabriel Monteiro,SEN,2018,ST,19,1999,176,73,Left,67.9,80,1,128,1.59,0.33,0.0,0.0,0.0,72.3,2.46,2.56,0.81,1.05,0.2,1.6,7.62,5.43,4.11,8.03,0,0
1890,Carlos Pereira,SEN,2018,CDM,28,1990,188,68,Right,31.0,82,4,372,0.14,0.18,0.0,0.95,0.0,90.2,12.44,11.4,7.61,0.71,0.2,0.6,5.95,1.1,5.02,10.17,1,0
1891,Joao Mendes,SEN,2018,CB,32,1986,194,75,Right,61.8,81,4,376,0.17,0.08,0.0,2.17,0.0,94.8,7.39,7.15,19.56,0.58,0.1,0.58,5.17,1.23,2.98,5.29,0,0
1892,Marcelo Rodrigues,SEN,2018,LW,27,1991,186,65,Right,102.7,80,3,274,0.73,0.87,0.0,0.36,0.0,79.4,3.9,3.28,1.76,1.59,-0.5,0.71,7.2,4.44,15.76,5.48,0,0
1893,Thiago Barbosa,SEN,2018,RW,23,1995,175,71,Right,83.5,83,5,480,0.8,0.76,0.0,0.48,0.0,79.7,4.09,2.43,1.61,1.05,0.1,1.04,12.53,4.78,13.57,5.13,0,0
1894,Rodrigo Oliveira,SEN,2018,CDM,31,1987,184,74,Left,34.0,76,1,97,0.17,0.41,0.0,0.91,0.0,90.9,9.39,4.2,9.32,0.32,-0.0,0.7,4.57,0.69,5.4,9.97,2,0
1895,Lucas Monteiro,SEN,2018,CB,26,1992,182,83,Right,63.0,77,5,506,0.17,0.13,0.0,1.69,0.0,83.4,9.8,11.86,30.17,0.34,-0.2,0.46,2.07,1.08,2.37,4.98,1,0
1896,Thiago Melo,SEN,2018,CM,26,1992,174,78,Right,38.0,80,3,234,0.37,0.87,0.0,0.62,0.0,89.0,7.46,8.03,6.36,0.68,-0.1,0.16,6.76,1.84,6.2,6.85,0,0
1897,Diego Souza,SEN,2018,CM,29,1989,188,65,Right,40.3,70,3,303,0.35,0.39,0.0,1.41,0.0,86.7,6.47,2.96,5.35,0.99,0.2,0.45,4.59,2.05,6.87,5.75,1,0
1898,Diego Cardoso,SEN,2018,RB,20,1998,173,73,Right,42.1,79,2,230,0.26,0.42,0.0,1.16,0.0,82.2,5.37,8.29,11.57,1.13,-0.2,0.0,5.99,0.77,8.39,2.05,0,0
1899,Rafael Gomes,SEN,2018,CAM,23,1995,172,65,Both,34.0,69,4,356,0.65,0.97,0.0,0.6,0.0,82.2,4.55,5.38,1.15,1.17,0.5,-0.1,10.29,1.73,12.68,6.9,0,0
1900,Rafael Barbosa,SEN,2018,CM,31,1987,175,65,Right,32.3,66,1,140,0.49,0.72,0.0,1.15,0.0,87.4,3.74,6.14,2.32,0.4,-0.3,0.55,5.15,2.46,9.72,5.97,0,0
1901,Joao Ribeiro,SEN,2018,RW,20,1998,175,71,Left,139.9,89,3,251,0.81,1.19,0.0,0.49,0.0,79.2,4.44,1.3,2.45,1.59,-0.2,1.73,15.07,2.51,14.78,4.28,0,0
1902,Carlos Carvalho,SEN,2018,GK,25,1993,187,85,Right,41.2,78,4,312,0.0,0.0,16.32,2.45,2.34,90.7,0.93,2.17,7.28,0.0,0.2,0.12,0.0,0.0,0.0,0.72,0,0
1903,Bruno Martins,SEN,2018,CB,37,1981,180,66,Right,31.9,93,4,359,0.31,0.1,0.0,2.79,0.0,84.4,7.43,5.24,13.16,0.53,-0.2,0.54,5.93,0.9,2.17,5.57,1,0
1904,Rodrigo Cavalcanti,SEN,2018,GK,26,1992,190,78,Left,12.7,73,5,461,0.0,0.0,10.87,1.76,4.82,83.5,1.4,1.44,4.93,0.0,0.5,-0.32,0.0,0.0,0.0,1.28,0,0
1905,Gustavo Araujo,SEN,2018,CB,31,1987,193,68,Left,68.9,84,2,222,0.24,0.09,0.0,2.87,0.0,91.8,10.99,7.36,27.62,0.34,0.0,-0.43,6.43,1.1,2.47,6.18,1,0
1906,Diego Silva,SEN,2018,LW,33,1985,174,75,Left,23.4,75,1,134,0.63,0.65,0.0,0.6,0.0,73.4,2.62,3.93,2.24,1.48,-0.7,0.58,12.71,5.34,14.2,4.07,0,0
1907,Alexandre Barbosa,SEN,2018,ST,20,1998,186,71,Left,30.0,75,3,338,0.9,0.47,0.0,0.0,0.0,72.6,3.42,1.37,1.21,1.39,0.2,1.24,5.35,2.65,12.48,6.28,0,0
1908,Rafael Rocha,SEN,2018,GK,21,1997,194,93,Right,36.8,70,3,262,0.0,0.0,14.97,1.78,2.91,83.4,0.86,3.01,5.56,0.0,0.5,-0.01,0.0,0.0,0.0,0.72,0,0
1909,Rodrigo Nascimento,SEN,2018,LB,19,1999,190,84,Left,70.1,79,3,321,0.42,0.58,0.0,2.76,0.0,83.1,9.65,3.14,12.36,0.75,-0.2,0.15,2.59,2.28,7.83,5.37,1,0
1910,Ricardo Monteiro,EGY,2018,CB,29,1989,176,74,Left,76.2,80,5,400,0.15,0.11,0.0,1.97,0.0,88.4,8.38,18.88,34.0,0.37,-0.2,0.74,3.11,0.95,2.83,5.79,1,0
1911,Vinicius Mendes,EGY,2018,ST,23,1995,174,80,Right,36.1,85,4,349,0.61,0.35,0.0,0.0,0.0,66.8,1.46,2.24,1.3,0.83,0.1,1.52,6.13,4.43,8.21,3.8,0,0
1912,Joao Monteiro,EGY,2018,RB,30,1988,182,67,Left,25.2,79,3,248,0.29,0.17,0.0,2.48,0.0,77.0,11.2,6.56,9.75,0.45,0.4,0.29,5.13,2.78,7.24,5.05,0,0
1913,Leonardo Monteiro,EGY,2018,RB,29,1989,175,87,Both,44.3,95,1,158,0.47,0.4,0.0,2.97,0.0,79.5,13.43,10.09,8.34,1.13,0.4,0.0,2.34,1.16,3.24,5.05,0,0
1914,Pedro Oliveira,EGY,2018,CB,20,1998,174,85,Both,98.3,82,4,399,0.26,0.11,0.0,2.98,0.0,88.9,10.65,11.77,25.67,0.36,-0.2,0.23,5.12,1.08,2.84,5.55,0,0
1915,Joao Santos,EGY,2018,LW,22,1996,185,68,Right,73.1,72,3,257,0.8,0.77,0.0,0.45,0.0,81.3,3.73,7.56,1.85,2.55,-0.1,0.94,9.11,4.9,8.41,4.74,0,0
1916,Diego Almeida,EGY,2018,GK,30,1988,198,84,Left,25.2,72,4,317,0.0,0.0,16.97,2.05,2.6,86.2,0.86,1.62,3.86,0.0,0.4,-0.18,0.0,0.0,0.0,0.95,0,0
1917,Heitor Oliveira,EGY,2018,CAM,32,1986,191,67,Right,92.7,81,3,301,0.43,1.08,0.0,0.45,0.0,81.8,4.29,5.15,2.04,0.86,0.3,1.33,9.47,1.21,7.24,5.44,0,0
1918,Roberto Pereira,EGY,2018,LB,25,1993,187,87,Right,16.6,86,2,218,0.17,0.46,0.0,1.8,0.0,82.1,7.82,7.77,5.71,0.8,0.6,0.54,5.59,2.32,5.79,5.23,0,0
1919,Thiago Cavalcanti,EGY,2018,LB,25,1993,182,85,Right,40.3,85,2,219,0.46,0.47,0.0,1.34,0.0,87.6,6.2,9.26,3.96,0.86,-0.2,0.31,7.87,1.57,5.91,5.64,0,0
1920,Rafael Melo,EGY,2018,CDM,21,1997,192,67,Right,32.8,64,2,192,0.16,0.25,0.0,1.01,0.0,83.6,16.12,11.5,6.82,0.61,0.0,0.03,3.16,0.85,5.65,7.42,1,0
1921,Paulo Almeida,EGY,2018,ST,27,1991,173,79,Both,49.1,87,2,215,0.97,0.31,0.0,0.0,0.0,70.0,1.59,4.08,0.99,0.93,-0.3,1.46,11.78,4.05,5.8,7.44,0,0
1922,Lucas Ferreira,EGY,2018,CDM,35,1983,193,84,Both,39.9,80,2,184,0.2,0.42,0.0,1.3,0.0,88.8,15.03,6.04,10.91,0.47,-0.4,0.23,4.48,1.01,5.15,5.55,1,0
1923,Diego Lima,EGY,2018,GK,37,1981,186,89,Both,6.3,70,4,421,0.0,0.0,12.41,1.34,1.73,85.8,1.19,1.76,4.19,0.0,0.2,-0.12,0.0,0.0,0.0,1.49,0,0
1924,Joao Ribeiro,EGY,2018,CM,26,1992,192,85,Left,40.3,69,6,572,0.49,0.7,0.0,0.78,0.0,87.7,5.49,7.79,3.64,0.95,0.2,0.6,7.3,2.36,11.37,9.81,0,0
1925,Andre Monteiro,EGY,2018,RW,24,1994,186,74,Left,78.7,83,4,423,0.75,1.07,0.0,0.48,0.0,75.9,3.88,4.61,2.04,1.76,0.5,0.91,7.04,4.94,13.58,4.4,0,0
1926,Felipe Melo,EGY,2018,GK,27,1991,198,77,Right,25.1,78,5,428,0.0,0.0,4.25,2.38,3.59,88.8,1.01,2.21,4.67,0.0,0.6,-0.5,0.0,0.0,0.0,0.91,0,0
1927,Rodrigo Santos,EGY,2018,CB,30,1988,182,86,Right,34.8,81,5,422,0.1,0.06,0.0,1.77,0.0,83.8,11.81,6.18,14.78,0.46,-0.0,0.59,2.11,1.12,1.92,3.47,0,0
1928,Diego Lima,EGY,2018,CM,19,1999,193,86,Right,21.8,60,0,85,0.36,0.48,0.0,0.7,0.0,88.4,8.12,8.0,2.89,1.08,0.1,0.22,5.58,1.71,7.65,7.42,0,0
1929,Fernando Dias,EGY,2018,RW,30,1988,174,77,Right,43.2,76,3,270,0.87,0.91,0.0,0.6,0.0,80.0,4.23,4.9,2.02,0.99,-0.3,0.61,11.93,4.32,10.75,5.67,0,0
1930,Roberto Santos,EGY,2018,CM,32,1986,193,65,Right,32.3,71,1,131,0.31,0.71,0.0,1.05,0.0,87.7,9.42,7.52,3.73,0.89,-0.4,0.68,6.56,2.32,9.83,5.9,0,0
1931,Marcelo Costa,EGY,2018,LW,30,1988,175,70,Right,74.3,76,4,365,0.96,1.01,0.0,0.39,0.0,80.5,1.83,5.71,1.46,1.62,-0.6,1.06,9.78,3.15,13.58,3.36,0,0
1932,Gabriel Santos,EGY,2018,CB,35,1983,176,80,Right,78.1,90,3,277,0.14,0.14,0.0,2.91,0.0,92.3,9.61,7.29,23.21,0.41,0.1,0.51,2.65,1.28,1.6,1.91,1,0
1933,Joao Silva,IRN,2018,CM,32,1986,180,68,Right,24.0,62,3,267,0.3,0.58,0.0,1.27,0.0,89.2,7.96,13.7,8.08,0.54,0.1,0.49,3.38,1.43,4.82,7.98,0,0
1934,Joao Dias,IRN,2018,CDM,31,1987,192,84,Right,25.4,77,2,189,0.31,0.32,0.0,1.03,0.0,89.1,12.0,6.74,9.16,0.32,0.4,0.34,2.73,0.63,3.89,8.12,0,0
1935,Paulo Cavalcanti,IRN,2018,LB,34,1984,175,87,Right,45.3,78,2,241,0.19,0.58,0.0,2.5,0.0,76.7,11.67,5.18,13.77,0.8,-0.5,-0.34,3.28,2.29,6.47,4.75,0,0
1936,Bruno Ferreira,IRN,2018,CB,34,1984,173,78,Right,26.4,73,6,537,0.21,0.1,0.0,1.12,0.0,86.1,4.11,12.57,26.84,0.54,-0.1,0.58,4.59,0.99,1.8,6.91,0,0
1937,Pedro Gomes,IRN,2018,CB,23,1995,177,77,Right,57.4,79,5,407,0.13,0.08,0.0,2.08,0.0,86.0,7.47,10.68,14.63,0.43,-0.4,0.4,6.34,0.81,2.74,5.87,0,0
1938,Diego Souza,IRN,2018,LW,33,1985,193,75,Right,24.3,81,5,446,0.75,0.94,0.0,0.39,0.0,75.7,3.21,2.41,2.12,1.15,0.2,-0.01,13.28,3.45,16.14,5.6,0,0
1939,Eduardo Monteiro,IRN,2018,GK,28,1990,189,90,Right,36.5,91,3,276,0.0,0.0,20.62,2.93,4.32,85.6,0.95,2.94,3.89,0.0,0.2,-0.08,0.0,0.0,0.0,1.04,0,0
1940,Diego Almeida,IRN,2018,CB,30,1988,186,77,Both,47.2,89,5,421,0.25,0.11,0.0,2.54,0.0,85.3,10.63,10.72,29.25,0.25,-0.5,0.05,3.36,1.06,2.23,7.1,1,0
1941,Rodrigo Rocha,IRN,2018,GK,20,1998,183,76,Right,41.6,77,3,291,0.0,0.0,8.18,2.1,2.35,87.4,0.87,2.04,3.77,0.0,0.7,-0.0,0.0,0.0,0.0,1.74,0,0
1942,Ricardo Ribeiro,IRN,2018,CM,27,1991,177,74,Right,21.7,76,4,354,0.36,0.62,0.0,0.73,0.0,84.5,4.05,5.69,4.69,0.64,-0.4,0.28,5.73,2.23,4.52,9.39,0,0
1943,Matheus Souza,IRN,2018,GK,27,1991,193,76,Right,25.4,83,3,315,0.0,0.0,16.74,1.34,3.26,90.9,0.62,1.78,6.65,0.0,-0.0,0.03,0.0,0.0,0.0,1.27,0,0
1944,Leonardo Pereira,IRN,2018,LB,20,1998,186,74,Left,38.1,83,4,290,0.3,0.45,0.0,2.34,0.0,80.8,6.93,11.99,7.89,0.85,-0.3,0.82,5.41,2.03,7.25,5.01,0,0
1945,Joao Cavalcanti,IRN,2018,ST,33,1985,175,81,Right,106.0,96,4,304,1.26,0.45,0.0,0.0,0.0,76.7,3.26,2.87,1.32,1.04,0.5,1.83,12.03,4.92,1.45,7.81,0,0
1946,Thiago Souza,IRN,2018,LW,28,1990,184,77,Left,130.6,81,3,226,0.78,1.15,0.0,0.47,0.0,74.6,4.85,4.31,1.87,2.22,0.0,0.87,7.53,2.95,8.94,6.2,0,0
1947,Alexandre Ribeiro,IRN,2018,CB,24,1994,179,73,Right,33.7,91,2,235,0.2,0.12,0.0,1.89,0.0,95.1,5.68,7.51,27.74,0.62,-0.4,0.89,3.28,0.83,2.2,5.8,1,0
1948,Bruno Rodrigues,IRN,2018,CAM,29,1989,181,87,Right,142.8,84,4,339,0.86,1.35,0.0,0.5,0.0,85.4,2.69,1.31,3.39,1.36,-0.3,1.21,8.84,1.53,8.7,4.71,0,0
1949,Thiago Mendes,IRN,2018,ST,37,1981,181,82,Right,26.7,90,2,226,0.84,0.37,0.0,0.0,0.0,74.4,2.17,3.31,1.23,0.92,-0.4,1.93,8.98,5.45,12.36,4.65,0,0
1950,Vinicius Barbosa,IRN,2018,CM,22,1996,175,65,Left,55.5,77,4,391,0.54,0.72,0.0,1.32,0.0,85.1,10.83,10.62,3.24,1.13,0.4,0.55,9.67,1.86,11.0,5.68,0,0
1951,Eduardo Rocha,IRN,2018,RW,19,1999,177,70,Right,54.7,80,5,468,0.82,0.7,0.0,0.55,0.0,76.0,3.33,6.14,1.91,2.19,-0.1,1.07,8.87,4.81,16.87,5.5,0,0
1952,Gustavo Oliveira,IRN,2018,RB,33,1985,184,79,Left,70.8,78,4,418,0.46,0.6,0.0,2.34,0.0,80.6,7.49,6.7,8.58,0.58,0.2,-0.12,5.26,2.05,5.77,3.48,0,0
1953,Felipe Costa,IRN,2018,RB,25,1993,184,78,Right,52.9,95,3,281,0.35,0.83,0.0,2.13,0.0,85.3,8.49,9.36,9.6,1.08,0.3,0.44,2.49,2.03,5.69,3.64,0,0
1954,Joao Cardoso,IRN,2018,RW,23,1995,188,74,Right,15.1,68,4,365,0.59,0.69,0.0,0.55,0.0,83.8,5.47,5.07,1.77,1.91,0.7,0.53,5.38,4.64,13.77,4.75,0,0
1955,Roberto Mendes,IRN,2018,CDM,21,1997,184,67,Left,16.5,71,5,433,0.12,0.24,0.0,1.05,0.0,87.4,17.15,10.9,6.64,0.28,-0.4,0.12,3.75,1.38,4.89,12.51,1,0
1956,Park,KOR,2018,CM,27,1991,177,73,Left,24.5,66,6,536,0.29,0.55,0.0,1.14,0.0,86.8,10.84,8.21,3.2,1.09,0.2,0.74,6.29,2.89,8.72,9.62,1,0
1957,Son,KOR,2018,LW,34,1984,182,71,Left,78.1,86,4,382,0.89,0.89,0.0,0.47,0.0,84.1,2.77,6.77,2.55,1.47,0.4,1.28,12.26,4.79,16.3,3.88,0,0
1958,Kim,KOR,2018,ST,37,1981,193,71,Right,41.2,74,4,303,1.41,0.48,0.0,0.0,0.0,73.9,2.43,1.69,0.94,0.5,-0.2,1.31,9.85,3.51,9.75,12.12,0,0
1959,Lee,KOR,2018,GK,37,1981,192,76,Right,38.5,72,2,217,0.0,0.0,15.95,2.19,1.96,86.3,0.86,1.89,5.53,0.0,0.6,-0.03,0.0,0.0,0.0,0.6,0,0
1960,Hwang,KOR,2018,CDM,21,1997,170,87,Left,21.2,72,6,484,0.17,0.13,0.0,1.34,0.0,90.0,11.22,9.68,4.64,0.63,0.2,0.63,4.22,0.98,2.55,10.52,1,0
1961,Cho,KOR,2018,CM,30,1988,170,75,Left,50.3,73,3,295,0.38,1.14,0.0,1.25,0.0,84.8,3.83,5.94,4.96,1.2,0.3,0.04,3.72,2.75,6.42,4.41,0,0
1962,Jung,KOR,2018,LB,25,1993,181,88,Right,38.7,75,5,378,0.18,0.82,0.0,0.79,0.0,85.4,11.0,2.53,11.41,0.94,-0.0,0.66,5.46,2.06,3.17,5.81,0,0
1963,Hong,KOR,2018,CB,36,1982,183,86,Right,54.2,87,2,176,0.34,0.09,0.0,2.55,0.0,88.8,4.34,6.52,18.35,0.3,-0.0,0.5,3.77,0.66,2.66,10.25,1,0
1964,Kwon,KOR,2018,CAM,23,1995,184,82,Right,47.8,79,2,213,0.56,1.01,0.0,0.47,0.0,81.0,3.33,4.35,2.12,0.63,0.4,0.94,11.06,2.34,10.56,4.28,0,0
1965,Kim,KOR,2018,RB,20,1998,184,84,Left,23.9,89,3,321,0.26,0.31,0.0,1.5,0.0,87.2,13.75,9.67,9.92,0.62,-0.0,0.36,3.45,1.69,4.61,3.84,0,0
1966,Lee,KOR,2018,ST,21,1997,178,85,Left,103.2,81,4,355,1.56,0.57,0.0,0.0,0.0,70.6,2.55,2.29,0.92,0.81,0.1,1.0,13.63,4.11,5.78,6.26,0,0
1967,Park,KOR,2018,CB,25,1993,172,73,Both,15.8,81,3,304,0.25,0.12,0.0,1.99,0.0,89.1,9.06,11.07,29.43,0.34,0.1,0.1,3.98,0.74,2.02,6.57,1,0
1968,Seol,KOR,2018,CDM,36,1982,176,83,Both,39.5,82,4,355,0.18,0.43,0.0,0.88,0.0,92.4,15.85,11.74,9.35,0.3,-0.1,0.6,4.88,0.62,1.72,7.99,0,0
1969,Choi,KOR,2018,LW,35,1983,185,87,Left,23.2,75,3,298,0.9,0.41,0.0,0.92,0.0,77.6,3.87,3.56,2.25,1.07,0.3,1.11,8.89,4.09,12.06,3.82,0,0
1970,Yang,KOR,2018,GK,28,1990,186,85,Right,34.3,81,5,393,0.0,0.0,20.75,1.84,2.32,85.8,0.61,2.67,7.24,0.0,0.0,-0.31,0.0,0.0,0.0,1.23,0,0
1971,Bae,KOR,2018,GK,35,1983,194,85,Right,16.8,75,2,218,0.0,0.0,11.13,3.63,4.4,81.9,1.15,1.47,0.97,0.0,0.9,-0.39,0.0,0.0,0.0,0.75,0,0
1972,Kim,KOR,2018,CB,35,1983,192,80,Right,65.6,87,3,247,0.41,0.13,0.0,2.13,0.0,85.8,5.44,8.75,42.25,0.2,0.1,0.08,3.34,0.64,2.27,10.18,1,0
1973,Lee,KOR,2018,RW,29,1989,171,81,Left,37.5,72,4,377,1.09,0.77,0.0,0.49,0.0,79.2,3.2,3.77,1.64,0.89,0.1,0.3,16.48,4.99,21.13,4.34,0,0
1974,Jeong,KOR,2018,RW,19,1999,193,87,Right,72.5,77,4,384,1.08,0.73,0.0,0.5,0.0,77.0,4.26,5.85,2.1,1.28,-0.1,0.59,7.36,1.92,24.01,3.66,0,0
1975,Oh,KOR,2018,CB,27,1991,176,84,Left,66.4,84,3,261,0.3,0.08,0.0,1.76,0.0,92.3,8.8,11.43,33.13,0.31,0.2,0.42,3.14,1.5,2.43,2.65,0,0
1976,Cho,KOR,2018,CM,28,1990,172,80,Both,26.5,68,4,336,0.44,0.69,0.0,0.99,0.0,86.4,8.13,11.43,5.29,1.12,-0.1,0.41,4.13,1.95,6.1,8.43,0,0
1977,Kim,KOR,2018,RB,21,1997,188,78,Right,23.3,85,4,367,0.33,0.6,0.0,2.2,0.0,79.0,1.74,7.12,13.39,0.54,0.0,0.18,3.83,1.18,6.74,7.83,0,0
1978,Lee,KOR,2018,LB,35,1983,188,73,Left,32.4,83,3,269,0.33,0.45,0.0,2.55,0.0,81.0,16.24,7.94,10.37,0.99,-0.1,-0.33,4.8,2.71,7.52,6.52,0,0
1979,Gustavo Araujo,MAR,2018,RB,25,1993,184,71,Left,16.3,90,4,328,0.28,0.34,0.0,1.78,0.0,83.2,15.85,2.96,8.96,0.6,-0.3,0.16,4.93,1.34,6.39,4.56,0,0
1980,Vinicius Ribeiro,MAR,2018,CB,23,1995,190,88,Left,33.6,89,3,272,0.18,0.12,0.0,2.38,0.0,91.7,7.58,10.29,34.03,0.42,0.1,0.1,5.03,0.78,2.01,2.28,0,0
1981,Bruno Santos,MAR,2018,RW,26,1992,172,81,Left,82.2,87,2,240,0.98,0.33,0.0,0.64,0.0,77.2,2.35,7.12,2.43,1.34,0.3,1.29,8.79,3.32,19.68,5.81,0,0
1982,Matheus Ferreira,MAR,2018,CM,31,1987,187,85,Right,44.4,78,4,387,0.37,0.66,0.0,1.27,0.0,83.9,8.84,3.71,8.09,0.86,0.2,0.54,5.57,2.47,8.29,8.45,0,0
1983,Joao Souza,MAR,2018,LW,22,1996,178,89,Right,61.5,78,3,271,0.82,0.45,0.0,0.4,0.0,78.7,2.07,4.7,2.15,1.9,0.1,1.09,8.52,5.13,13.87,6.68,0,0
1984,Eduardo Dias,MAR,2018,GK,32,1986,186,86,Right,43.0,70,4,327,0.0,0.0,9.11,2.09,4.25,86.0,0.92,2.45,6.46,0.0,0.2,0.16,0.0,0.0,0.0,0.5,0,0
1985,Rafael Araujo,MAR,2018,CM,19,1999,189,74,Right,32.0,67,2,203,0.27,0.82,0.0,0.95,0.0,89.3,6.8,8.29,2.99,0.66,0.1,0.54,8.25,2.98,3.55,5.17,1,0
1986,Arthur Lima,MAR,2018,LW,31,1987,176,65,Right,66.5,72,5,472,0.86,0.68,0.0,0.3,0.0,79.1,3.55,4.77,2.08,1.8,0.1,0.68,8.61,3.37,18.16,6.95,0,0
1987,Pedro Lima,MAR,2018,RW,20,1998,171,68,Left,39.6,77,2,159,0.24,0.61,0.0,0.54,0.0,76.7,2.29,5.04,1.84,1.78,-0.1,1.35,11.45,4.72,21.61,7.76,0,0
1988,Andre Ribeiro,MAR,2018,LB,35,1983,182,73,Both,41.7,82,3,290,0.19,0.35,0.0,1.81,0.0,84.1,13.0,7.22,6.24,1.05,-0.1,0.12,6.36,1.95,5.58,4.02,1,0
1989,Andre Monteiro,MAR,2018,RB,20,1998,180,80,Right,21.3,82,3,313,0.39,0.62,0.0,1.2,0.0,80.8,9.36,8.2,17.65,0.85,-0.1,0.05,5.12,1.93,5.21,6.81,0,0
1990,Leonardo Pereira,MAR,2018,ST,30,1988,180,79,Right,102.0,94,1,99,1.3,0.46,0.0,0.0,0.0,70.0,2.43,3.41,0.8,1.0,0.3,1.34,10.41,6.29,9.27,7.18,0,0
1991,Heitor Cardoso,MAR,2018,CDM,37,1981,172,77,Right,29.4,68,4,384,0.21,0.19,0.0,0.75,0.0,84.8,5.13,6.98,10.83,0.34,0.1,0.48,4.28,1.51,2.85,10.03,1,0
1992,Felipe Santos,MAR,2018,CB,31,1987,174,83,Right,34.9,73,3,270,0.29,0.06,0.0,1.27,0.0,96.4,9.44,13.48,29.28,0.26,-0.0,0.07,3.56,1.29,1.59,8.11,0,0
1993,Ricardo Silva,MAR,2018,GK,21,1997,185,85,Right,17.0,76,4,364,0.0,0.0,11.49,2.92,2.55,83.6,0.26,1.58,6.22,0.0,0.3,0.07,0.0,0.0,0.0,0.55,0,0
1994,Andre Almeida,MAR,2018,CM,27,1991,190,79,Right,39.4,65,4,332,0.47,0.51,0.0,0.66,0.0,87.5,6.13,2.87,4.86,1.06,0.1,0.69,8.86,1.91,7.7,7.67,0,0
1995,Ricardo Almeida,MAR,2018,CDM,26,1992,193,72,Left,75.0,70,3,229,0.27,0.15,0.0,1.15,0.0,92.4,11.02,15.46,5.2,0.69,0.1,0.36,6.75,2.02,5.09,8.56,1,0
1996,Pedro Costa,MAR,2018,CB,21,1997,182,71,Left,52.0,85,4,342,0.33,0.09,0.0,1.67,0.0,86.7,7.73,7.52,29.26,0.53,0.3,0.06,3.98,1.41,1.42,6.31,1,0
1997,Roberto Nascimento,MAR,2018,GK,27,1991,193,84,Left,49.2,84,4,336,0.0,0.0,15.17,1.44,3.1,83.7,1.08,3.04,7.18,0.0,1.0,0.35,0.0,0.0,0.0,0.92,0,0
1998,Ricardo Ferreira,MAR,2018,CB,36,1982,184,71,Right,41.6,81,2,253,0.26,0.04,0.0,3.33,0.0,81.3,9.22,6.12,29.55,0.09,-0.7,-0.18,4.45,0.83,1.95,4.78,0,0
1999,Paulo Lima,MAR,2018,CAM,22,1996,184,80,Right,21.7,68,2,235,0.47,0.23,0.0,0.57,0.0,84.5,6.25,7.3,1.49,0.42,0.0,0.73,8.91,0.76,11.04,4.05,0,0
2000,Matheus Silva,MAR,2018,ST,33,1985,184,81,Right,94.3,75,4,354,1.12,0.18,0.0,0.0,0.0,76.4,1.37,2.96,0.45,0.41,0.1,1.81,18.36,5.62,9.44,7.0,0,0
2001,Eduardo Pereira,MAR,2018,LB,30,1988,178,69,Both,78.8,87,4,320,0.2,0.55,0.0,2.62,0.0,84.7,11.85,7.12,11.69,0.58,-0.0,0.3,6.22,1.95,7.06,6.28,0,0
2002,Paulo Rocha,TUN,2018,LW,26,1992,191,70,Left,26.9,70,6,519,0.66,0.78,0.0,0.7,0.0,75.2,2.35,2.78,2.39,1.17,0.2,0.41,8.8,2.54,17.11,6.01,0,0
2003,Vinicius Cavalcanti,TUN,2018,CB,27,1991,170,76,Right,48.8,80,5,419,0.29,0.08,0.0,2.35,0.0,88.2,4.64,11.64,15.65,0.45,-0.6,0.14,4.98,1.08,1.7,4.85,0,0
2004,Roberto Martins,TUN,2018,LB,24,1994,185,77,Right,43.1,88,5,408,0.12,0.36,0.0,1.82,0.0,82.2,7.68,11.35,11.58,1.13,0.3,0.54,5.15,2.24,7.68,4.2,0,0
2005,Lucas Nascimento,TUN,2018,GK,21,1997,194,77,Right,24.7,87,3,307,0.0,0.0,18.26,2.2,3.11,76.1,1.74,1.65,3.13,0.0,0.2,0.22,0.0,0.0,0.0,0.9,0,0
2006,Alexandre Mendes,TUN,2018,CB,19,1999,172,71,Both,39.6,87,3,298,0.25,0.09,0.0,2.35,0.0,86.6,7.61,11.07,14.43,0.6,0.1,0.03,5.09,1.06,1.74,4.28,1,0
2007,Eduardo Silva,TUN,2018,CDM,21,1997,171,74,Left,30.7,74,4,407,0.1,0.35,0.0,0.87,0.0,88.3,9.25,6.57,11.46,0.53,0.3,0.33,3.11,0.93,4.93,7.5,1,0
2008,Ricardo Martins,TUN,2018,ST,28,1990,186,73,Left,158.3,85,6,512,1.14,0.29,0.0,0.0,0.0,75.7,2.72,2.46,1.14,0.91,-0.3,1.85,9.73,4.86,7.82,11.47,0,0
2009,Vinicius Gomes,TUN,2018,CM,33,1985,173,85,Both,24.6,73,2,199,0.46,0.55,0.0,0.91,0.0,83.1,4.59,6.5,6.54,0.52,-0.1,0.07,5.2,0.98,10.01,3.87,0,0
2010,Arthur Martins,TUN,2018,GK,30,1988,191,76,Both,50.4,73,4,375,0.0,0.0,14.27,1.85,2.98,90.3,0.83,1.3,8.35,0.0,0.1,0.26,0.0,0.0,0.0,1.07,0,0
2011,Eduardo Lima,TUN,2018,RB,23,1995,172,69,Right,33.8,88,3,322,0.36,0.3,0.0,1.81,0.0,83.3,11.37,7.07,10.03,1.09,-0.3,0.04,7.95,2.46,6.9,5.88,0,0
2012,Felipe Barbosa,TUN,2018,CAM,36,1982,186,85,Left,39.8,78,4,328,0.66,1.08,0.0,0.62,0.0,81.8,6.54,7.31,1.97,1.68,0.2,0.87,6.32,4.05,9.0,4.01,0,0
2013,Carlos Ribeiro,TUN,2018,CM,35,1983,178,66,Left,24.8,80,4,379,0.42,0.61,0.0,0.68,0.0,88.1,7.92,12.2,5.36,0.3,0.5,0.53,3.99,1.72,8.91,3.82,0,0
2014,Alexandre Ribeiro,TUN,2018,LB,25,1993,175,89,Right,21.4,74,2,183,0.33,0.53,0.0,1.56,0.0,83.3,12.87,10.27,12.41,0.7,-0.1,-0.25,3.78,2.54,6.97,3.29,1,0
2015,Leonardo Ferreira,TUN,2018,RW,33,1985,186,85,Left,43.7,80,2,229,0.52,0.71,0.0,0.52,0.0,76.8,2.37,4.49,1.88,1.21,0.3,1.07,9.85,3.59,12.35,3.35,0,0
2016,Arthur Araujo,TUN,2018,CM,32,1986,178,76,Right,18.9,67,3,343,0.54,0.58,0.0,1.06,0.0,83.6,6.13,11.03,5.18,0.71,-0.2,0.23,8.05,2.08,9.01,2.82,0,0
2017,Alexandre Martins,TUN,2018,LW,21,1997,177,71,Right,87.3,73,2,232,0.87,0.97,0.0,0.44,0.0,75.0,2.42,2.84,1.29,1.74,-0.3,0.99,9.69,4.69,16.97,4.43,0,0
2018,Rodrigo Ferreira,TUN,2018,CDM,31,1987,183,78,Right,19.1,80,4,378,0.15,0.29,0.0,1.63,0.0,88.6,13.05,12.98,7.6,0.5,0.1,0.63,4.26,0.68,4.1,6.62,1,0
2019,Fernando Silva,TUN,2018,ST,29,1989,181,78,Right,123.3,80,2,225,0.84,0.57,0.0,0.0,0.0,71.9,2.31,3.35,1.2,0.86,0.2,1.55,11.91,4.42,5.25,4.9,0,0
2020,Rafael Ribeiro,TUN,2018,CB,30,1988,183,79,Left,78.1,74,6,545,0.22,0.13,0.0,2.09,0.0,86.4,9.81,9.53,32.37,0.5,0.1,0.51,4.2,1.19,2.17,10.55,1,0
2021,Roberto Lima,TUN,2018,CB,28,1990,193,89,Left,132.2,90,2,186,0.24,0.09,0.0,3.95,0.0,89.4,4.94,9.75,20.4,0.69,-0.2,0.6,3.8,0.78,1.62,7.41,1,0
2022,Matheus Cavalcanti,TUN,2018,RW,30,1988,170,85,Right,78.9,81,1,129,0.59,0.42,0.0,0.67,0.0,75.9,2.52,2.86,1.08,1.28,-0.2,1.01,9.71,4.05,14.4,2.02,0,0
2023,Arthur Mendes,TUN,2018,RB,37,1981,174,79,Right,70.8,83,5,457,0.35,0.59,0.0,2.66,0.0,86.6,12.52,5.11,5.88,1.14,0.0,0.47,4.15,0.33,9.68,6.29,0,0
2024,Joao Silva,TUN,2018,GK,30,1988,189,85,Left,14.1,72,5,382,0.0,0.0,21.22,1.64,3.24,93.8,0.67,2.15,5.51,0.0,0.9,0.28,0.0,0.0,0.0,0.47,0,0
2025,Marcelo Lima,CIV,2018,CM,19,1999,177,74,Left,37.5,66,3,299,0.34,0.62,0.0,0.98,0.0,85.7,9.17,10.35,4.29,0.78,0.6,0.29,4.39,1.34,4.32,2.68,1,0
2026,Roberto Monteiro,CIV,2018,ST,35,1983,182,74,Left,51.5,81,3,292,1.22,0.3,0.0,0.0,0.0,70.5,2.7,3.8,0.93,0.4,0.1,1.17,4.0,2.4,10.87,7.08,0,0
2027,Felipe Gomes,CIV,2018,LB,25,1993,176,81,Right,48.8,79,6,535,0.41,0.64,0.0,1.81,0.0,84.0,17.17,6.65,8.13,0.98,0.4,-0.34,4.59,1.87,6.63,5.44,0,0
2028,Gabriel Ferreira,CIV,2018,CB,23,1995,184,89,Right,73.9,77,6,478,0.21,0.08,0.0,2.3,0.0,86.0,7.39,6.4,32.69,0.49,-0.0,0.28,3.95,1.03,2.81,7.03,1,0
2029,Paulo Carvalho,CIV,2018,ST,26,1992,173,76,Right,54.7,76,4,355,1.08,0.33,0.0,0.0,0.0,71.7,1.63,3.84,1.01,1.64,0.0,1.53,9.61,3.16,9.04,3.92,0,0
2030,Gustavo Gomes,CIV,2018,LW,19,1999,177,66,Right,58.3,72,4,382,0.97,0.6,0.0,0.44,0.0,79.7,2.66,5.12,3.11,0.98,-0.3,0.81,11.43,5.34,15.69,5.22,0,0
2031,Thiago Cavalcanti,CIV,2018,CM,32,1986,193,77,Right,34.8,74,4,409,0.37,0.81,0.0,1.02,0.0,85.5,9.95,5.43,2.99,0.71,0.9,0.96,5.78,1.81,7.5,8.39,0,0
2032,Andre Araujo,CIV,2018,GK,35,1983,197,90,Left,12.6,80,1,102,0.0,0.0,17.34,1.46,3.47,86.8,0.93,2.36,3.53,0.0,0.2,0.21,0.0,0.0,0.0,1.22,0,0
2033,Roberto Gomes,CIV,2018,CB,20,1998,183,86,Both,34.2,87,4,422,0.32,0.12,0.0,2.01,0.0,88.4,6.0,13.28,15.32,0.31,-0.2,0.43,3.27,1.39,1.49,6.45,1,0
2034,Felipe Barbosa,CIV,2018,RW,33,1985,171,79,Right,29.8,73,2,211,0.85,0.9,0.0,0.71,0.0,72.3,1.92,3.33,2.0,1.3,-0.5,0.54,9.53,3.8,13.23,5.38,0,0
2035,Ricardo Pereira,CIV,2018,CM,33,1985,170,65,Right,29.2,60,4,424,0.37,0.61,0.0,1.06,0.0,84.0,8.71,4.73,6.04,0.73,-0.1,-0.07,9.04,0.68,7.08,5.67,0,0
2036,Heitor Monteiro,CIV,2018,CAM,25,1993,191,85,Left,57.5,72,5,426,0.48,0.84,0.0,0.38,0.0,83.1,2.79,2.88,2.33,1.52,0.2,0.64,8.51,3.26,12.22,6.17,0,0
2037,Felipe Melo,CIV,2018,CB,25,1993,193,88,Right,36.0,88,3,265,0.24,0.09,0.0,2.1,0.0,85.2,6.5,10.18,42.03,0.6,0.2,0.38,3.63,1.03,1.44,6.8,1,0
2038,Marcelo Souza,CIV,2018,LW,20,1998,171,67,Right,61.9,80,4,339,0.83,0.74,0.0,0.48,0.0,77.6,3.23,3.22,1.94,2.18,-0.2,0.98,9.78,3.03,8.86,4.85,0,0
2039,Fernando Martins,CIV,2018,LB,24,1994,177,76,Right,17.9,83,4,384,0.33,0.23,0.0,1.84,0.0,85.9,9.81,6.31,11.41,0.76,0.3,0.61,3.2,2.41,6.19,8.18,1,0
2040,Matheus Souza,CIV,2018,CB,35,1983,192,65,Right,97.2,84,4,396,0.28,0.15,0.0,3.03,0.0,85.3,7.53,6.5,36.18,0.46,-0.4,0.54,4.0,0.77,2.01,3.45,0,0
2041,Heitor Silva,CIV,2018,CDM,21,1997,186,68,Right,33.5,69,4,354,0.13,0.2,0.0,0.38,0.0,88.5,12.56,5.98,6.38,0.48,0.1,0.64,3.13,0.77,4.52,8.63,0,0
2042,Pedro Barbosa,CIV,2018,GK,29,1989,187,84,Right,43.2,76,4,306,0.0,0.0,22.08,2.49,3.23,85.6,0.71,2.4,5.0,0.0,0.6,0.31,0.0,0.0,0.0,0.55,0,0
2043,Leonardo Mendes,CIV,2018,CDM,27,1991,178,67,Left,26.6,66,3,267,0.32,0.25,0.0,0.63,0.0,87.1,20.32,13.3,8.12,0.7,0.1,-0.21,3.63,0.51,4.92,8.08,1,0
2044,Alexandre Mendes,CIV,2018,RB,19,1999,173,65,Left,19.9,81,3,305,0.32,0.42,0.0,2.35,0.0,84.2,6.4,8.17,8.69,0.48,0.3,0.17,4.26,2.1,5.77,3.61,0,0
2045,Paulo Rocha,CIV,2018,RW,29,1989,173,84,Left,107.4,73,4,315,0.73,1.06,0.0,0.67,0.0,84.2,1.68,5.06,1.09,2.05,0.2,0.91,8.23,6.32,15.15,7.88,0,0
2046,Marcelo Almeida,CIV,2018,RB,32,1986,176,69,Right,33.8,77,1,77,0.54,0.5,0.0,1.18,0.0,75.3,9.92,4.57,6.53,1.06,-0.1,0.35,5.01,2.64,4.93,7.07,0,0
2047,Gustavo Oliveira,CIV,2018,GK,27,1991,190,83,Both,40.9,76,6,486,0.0,0.0,14.3,2.5,2.0,86.8,0.65,1.55,4.53,0.0,1.0,0.02,0.0,0.0,0.0,1.22,0,0
2048,Felipe Ferreira,NGA,2018,RW,35,1983,194,82,Right,30.4,80,4,346,1.15,1.17,0.0,0.68,0.0,82.0,2.91,2.91,1.61,1.46,-0.5,0.76,9.22,4.33,5.98,6.1,0,0
2049,Diego Araujo,NGA,2018,RW,36,1982,185,69,Left,61.7,82,3,310,0.58,0.75,0.0,0.52,0.0,79.9,3.29,6.24,1.93,1.36,0.1,1.09,9.09,4.84,18.93,6.57,0,0
2050,Thiago Ferreira,NGA,2018,LW,23,1995,190,89,Right,36.8,68,3,253,0.66,0.62,0.0,0.53,0.0,76.1,3.02,1.62,1.84,2.08,0.2,0.82,16.66,4.69,24.81,4.82,0,0
2051,Gabriel Costa,NGA,2018,CB,22,1996,192,73,Left,45.4,90,1,131,0.25,0.13,0.0,1.78,0.0,84.6,6.25,13.37,20.56,0.13,-0.1,0.74,6.64,0.72,1.28,2.77,0,0
2052,Rodrigo Martins,NGA,2018,LW,25,1993,173,65,Right,27.1,81,1,154,1.07,0.89,0.0,0.45,0.0,78.0,2.54,3.68,2.33,1.83,0.2,1.24,10.45,3.55,24.06,2.94,0,0
2053,Pedro Carvalho,NGA,2018,RB,26,1992,185,75,Left,55.4,97,3,286,0.35,0.56,0.0,2.24,0.0,80.1,14.07,10.29,11.35,0.83,-0.8,0.55,6.73,2.2,7.93,6.58,0,0
2054,Lucas Barbosa,NGA,2018,CM,35,1983,192,67,Right,23.0,66,5,450,0.4,0.44,0.0,1.11,0.0,85.9,12.94,11.4,6.11,0.61,-0.4,0.19,7.87,1.18,4.99,6.52,0,0
2055,Fernando Ferreira,NGA,2018,CDM,22,1996,187,84,Right,25.5,75,3,337,0.17,0.44,0.0,0.73,0.0,90.5,8.01,14.75,6.59,0.32,-0.3,-0.2,3.19,0.98,3.35,6.12,1,0
2056,Bruno Ribeiro,NGA,2018,GK,23,1995,193,79,Right,24.3,76,4,372,0.0,0.0,14.14,2.13,1.83,85.9,0.98,2.09,5.83,0.0,1.1,0.08,0.0,0.0,0.0,0.75,0,0
2057,Lucas Pereira,NGA,2018,CM,33,1985,187,71,Right,17.4,73,4,428,0.18,0.67,0.0,0.92,0.0,84.0,7.68,7.76,4.47,1.28,-0.3,0.38,7.1,2.39,5.26,6.6,0,0
2058,Lucas Silva,NGA,2018,GK,33,1985,186,85,Right,24.6,90,4,320,0.0,0.0,11.43,2.02,2.99,95.4,1.31,2.25,4.7,0.0,0.6,0.33,0.0,0.0,0.0,0.77,0,0
2059,Andre Oliveira,NGA,2018,GK,28,1990,185,90,Left,18.9,64,5,446,0.0,0.0,12.52,1.9,2.39,83.1,0.78,1.33,3.11,0.0,0.5,-0.12,0.0,0.0,0.0,1.0,0,0
2060,Leonardo Souza,NGA,2018,LB,37,1981,182,83,Right,29.9,99,2,183,0.26,0.66,0.0,2.97,0.0,81.5,11.48,11.19,12.62,1.06,-0.5,0.43,8.62,2.14,6.48,4.21,0,0
2061,Diego Rocha,NGA,2018,ST,19,1999,171,68,Right,73.9,86,4,376,1.06,0.33,0.0,0.0,0.0,71.5,1.7,5.01,1.25,0.88,-0.9,1.04,4.76,1.73,7.57,4.69,0,0
2062,Arthur Rocha,NGA,2018,ST,26,1992,173,72,Both,44.9,84,5,469,1.03,0.41,0.0,0.0,0.0,80.4,1.94,2.66,1.1,0.98,0.2,1.68,17.4,4.45,7.95,6.95,0,0
2063,Heitor Almeida,NGA,2018,CB,21,1997,194,79,Right,13.5,72,4,328,0.23,0.09,0.0,1.0,0.0,85.3,10.92,14.01,19.81,0.52,0.1,0.49,4.9,1.34,2.24,5.34,1,0
2064,Marcelo Almeida,NGA,2018,RB,30,1988,177,85,Right,58.0,90,3,277,0.35,0.59,0.0,2.23,0.0,85.5,5.36,10.74,9.41,0.83,-0.4,0.83,5.2,2.35,5.96,4.63,0,0
2065,Andre Lima,NGA,2018,CAM,35,1983,194,78,Right,18.7,80,1,140,0.49,1.18,0.0,0.61,0.0,78.2,4.38,4.01,3.57,0.76,0.6,0.48,7.44,3.51,8.73,3.92,0,0
2066,Arthur Rodrigues,NGA,2018,CB,35,1983,186,70,Right,26.9,84,3,293,0.2,0.1,0.0,2.27,0.0,90.5,7.3,8.84,35.35,0.81,-0.1,0.15,3.3,1.13,2.39,6.05,1,0
2067,Ricardo Souza,NGA,2018,LB,30,1988,175,79,Left,95.1,89,6,452,0.39,0.68,0.0,2.77,0.0,80.3,6.84,10.52,12.75,0.72,0.3,0.04,7.38,3.01,5.7,4.94,0,0
2068,Fernando Gomes,NGA,2018,CM,33,1985,177,83,Both,29.0,68,3,316,0.46,0.59,0.0,0.32,0.0,89.6,9.49,10.58,4.83,0.65,0.0,0.08,9.32,2.66,7.26,5.12,0,0
2069,Heitor Martins,NGA,2018,CDM,19,1999,171,84,Left,29.7,69,3,349,0.12,0.48,0.0,0.91,0.0,91.1,15.11,11.03,11.88,0.52,-0.2,0.15,2.88,1.26,5.12,8.68,0,0
2070,Lucas Martins,NGA,2018,CB,23,1995,186,67,Right,29.9,74,5,409,0.2,0.1,0.0,1.82,0.0,89.5,6.42,9.24,38.95,0.68,-0.7,0.15,1.05,1.14,2.07,3.4,0,0
2071,Bruno Pereira,CMR,2018,CDM,37,1981,194,77,Right,13.1,65,3,275,0.1,0.23,0.0,1.4,0.0,90.7,6.21,10.1,2.32,0.48,-0.1,-0.24,3.85,0.66,3.01,6.44,1,0
2072,Fernando Barbosa,CMR,2018,ST,25,1993,191,65,Both,45.7,84,0,25,1.25,0.39,0.0,0.0,0.0,77.3,2.95,3.52,1.41,0.31,0.2,1.18,9.7,4.38,5.4,11.27,0,0
2073,Rafael Lima,CMR,2018,CAM,28,1990,182,70,Right,67.4,73,4,360,0.69,0.9,0.0,0.53,0.0,82.5,4.71,6.93,3.65,1.43,-0.3,0.73,9.44,3.78,7.65,4.11,0,0
2074,Lucas Oliveira,CMR,2018,LW,29,1989,173,65,Left,42.5,85,6,460,1.05,0.98,0.0,0.59,0.0,75.0,2.85,4.68,1.92,0.96,0.0,0.88,6.06,3.24,16.48,2.99,0,0
2075,Andre Nascimento,CMR,2018,CM,30,1988,173,66,Left,45.7,77,6,470,0.39,0.62,0.0,1.23,0.0,87.7,9.71,5.65,5.27,0.97,0.0,0.59,6.66,2.87,7.19,5.21,1,0
2076,Eduardo Martins,CMR,2018,GK,37,1981,199,75,Left,36.9,87,3,266,0.0,0.0,10.77,2.71,2.86,81.3,1.2,1.43,4.4,0.0,0.7,-0.17,0.0,0.0,0.0,0.72,0,0
2077,Fernando Ribeiro,CMR,2018,CM,37,1981,173,83,Right,18.1,84,5,455,0.39,0.49,0.0,1.11,0.0,87.7,8.34,9.73,6.53,0.84,-0.1,1.19,6.65,1.73,7.55,5.33,0,0
2078,Arthur Rodrigues,CMR,2018,CB,20,1998,185,89,Right,77.1,86,2,208,0.18,0.12,0.0,2.12,0.0,88.1,8.11,8.53,26.87,0.82,0.1,0.36,2.77,0.64,1.64,6.58,0,0
2079,Lucas Nascimento,CMR,2018,GK,30,1988,183,77,Left,17.3,75,4,371,0.0,0.0,14.14,1.76,3.42,83.9,0.24,1.61,4.11,0.0,0.7,-0.39,0.0,0.0,0.0,0.76,0,0
2080,Pedro Cavalcanti,CMR,2018,LB,25,1993,189,73,Left,45.1,68,4,375,0.33,0.37,0.0,1.11,0.0,78.5,10.61,7.07,6.86,1.02,0.3,0.49,5.54,1.35,6.94,4.76,0,0
2081,Pedro Oliveira,CMR,2018,CDM,23,1995,173,87,Right,16.8,64,3,282,0.12,0.3,0.0,1.03,0.0,86.7,6.78,12.49,5.55,0.59,-0.1,0.19,3.23,1.11,3.53,9.32,0,0
2082,Vinicius Silva,CMR,2018,RW,24,1994,189,74,Right,44.9,86,5,461,0.53,1.08,0.0,0.21,0.0,76.4,3.54,4.94,2.34,0.85,0.2,1.05,6.61,4.57,17.1,6.05,0,0
2083,Eduardo Monteiro,CMR,2018,CB,30,1988,194,69,Right,22.2,72,4,367,0.33,0.09,0.0,1.44,0.0,90.7,7.48,8.54,24.57,0.8,0.1,-0.01,2.54,0.64,2.04,5.31,0,0
2084,Pedro Oliveira,CMR,2018,LB,23,1995,189,80,Right,31.3,93,4,329,0.3,0.58,0.0,3.13,0.0,88.2,5.73,7.17,12.32,0.77,0.3,0.43,6.39,2.1,5.45,3.16,0,0
2085,Lucas Costa,CMR,2018,CB,28,1990,171,71,Right,17.1,71,4,304,0.24,0.12,0.0,1.71,0.0,87.8,3.74,13.22,29.97,0.5,0.2,0.17,4.64,1.33,2.17,3.64,0,0
2086,Felipe Ferreira,CMR,2018,LW,34,1984,170,89,Right,31.7,79,2,209,0.95,1.02,0.0,0.45,0.0,82.4,2.04,6.42,1.47,1.37,-0.2,0.63,13.16,4.51,15.23,5.74,0,0
2087,Vinicius Almeida,CMR,2018,CB,20,1998,181,79,Right,31.5,82,4,407,0.23,0.07,0.0,1.34,0.0,86.9,7.51,11.54,33.77,0.41,0.4,0.13,3.04,1.13,1.67,4.03,1,0
2088,Rodrigo Souza,CMR,2018,RB,25,1993,191,71,Left,61.1,82,4,388,0.28,0.62,0.0,2.24,0.0,83.4,10.5,3.99,15.62,0.83,-0.3,0.32,3.8,1.13,5.46,3.34,1,0
2089,Pedro Ribeiro,CMR,2018,GK,24,1994,187,84,Left,54.5,95,3,268,0.0,0.0,17.4,2.58,3.48,86.9,1.25,2.47,6.35,0.0,0.8,0.63,0.0,0.0,0.0,1.05,0,0
2090,Pedro Carvalho,CMR,2018,CM,19,1999,172,68,Right,12.1,63,3,311,0.27,0.54,0.0,1.56,0.0,89.0,8.85,6.01,6.52,0.62,-0.4,0.18,8.1,2.84,9.97,5.64,0,0
2091,Pedro Mendes,CMR,2018,RW,22,1996,179,68,Left,51.6,81,2,228,0.48,0.69,0.0,0.46,0.0,77.7,2.21,3.73,2.72,1.28,0.0,1.01,16.6,3.31,16.49,3.91,0,0
2092,Carlos Freitas,CMR,2018,RB,24,1994,185,87,Right,37.2,86,4,344,0.35,0.4,0.0,2.75,0.0,78.0,9.09,9.12,13.27,0.53,-0.6,0.47,5.01,1.19,7.66,4.34,0,0
2093,Fernando Oliveira,CMR,2018,ST,37,1981,188,88,Right,58.0,86,4,370,1.23,0.35,0.0,0.0,0.0,66.1,2.71,3.07,0.56,1.44,-0.1,1.56,13.4,5.41,10.39,4.76,0,0
2094,Fernando Santos,ISL,2018,RB,27,1991,186,85,Left,53.7,81,4,364,0.37,0.51,0.0,1.15,0.0,82.7,4.33,10.22,5.99,1.34,0.2,0.19,4.38,3.12,6.0,4.91,0,0
2095,Pedro Almeida,ISL,2018,CB,21,1997,171,83,Left,28.7,71,2,227,0.32,0.16,0.0,0.62,0.0,91.4,11.56,8.76,17.53,0.58,0.1,0.43,3.8,0.84,1.83,8.21,0,0
2096,Bruno Nascimento,ISL,2018,CDM,33,1985,174,72,Left,15.0,73,2,253,0.26,0.31,0.0,1.24,0.0,90.8,14.32,13.97,4.61,0.63,-0.5,0.05,2.56,0.98,6.06,9.81,1,0
2097,Carlos Melo,ISL,2018,LW,23,1995,178,76,Left,23.9,82,4,368,0.8,0.64,0.0,0.62,0.0,79.0,4.14,4.58,2.82,1.23,-0.3,1.65,4.0,4.9,11.57,6.46,0,0
2098,Gabriel Barbosa,ISL,2018,RW,33,1985,175,81,Right,33.6,79,4,367,0.55,1.13,0.0,0.32,0.0,78.8,3.89,6.26,2.3,1.27,0.3,0.39,8.23,2.0,16.2,3.97,0,0
2099,Vinicius Nascimento,ISL,2018,GK,28,1990,196,85,Left,41.7,80,4,355,0.0,0.0,11.47,2.6,3.0,82.1,1.35,2.37,2.73,0.0,0.2,-0.05,0.0,0.0,0.0,1.04,0,0
2100,Gustavo Rodrigues,ISL,2018,GK,21,1997,188,77,Right,25.5,72,2,249,0.0,0.0,14.97,2.13,3.28,86.2,0.87,2.02,4.77,0.0,-0.0,-0.64,0.0,0.0,0.0,1.39,0,0
2101,Carlos Gomes,ISL,2018,CB,37,1981,189,82,Both,69.4,83,5,448,0.11,0.1,0.0,2.2,0.0,86.6,9.7,13.42,22.72,0.62,0.2,0.73,4.0,1.14,2.2,4.95,0,0
2102,Diego Ferreira,ISL,2018,CB,28,1990,188,70,Left,37.7,86,3,316,0.22,0.09,0.0,3.09,0.0,86.8,7.48,12.55,19.53,0.59,0.1,0.2,5.16,0.89,1.2,6.96,1,0
2103,Alexandre Rodrigues,ISL,2018,RB,28,1990,173,86,Both,108.5,99,4,341,0.36,0.7,0.0,2.51,0.0,86.1,8.44,9.12,10.13,1.0,-0.2,0.19,5.53,2.12,4.73,5.39,0,0
2104,Lucas Gomes,ISL,2018,CM,22,1996,183,68,Left,28.7,66,2,229,0.32,0.57,0.0,1.2,0.0,93.3,9.07,4.91,5.54,0.76,0.1,0.41,5.74,1.93,8.58,2.46,0,0
2105,Arthur Ferreira,ISL,2018,LW,24,1994,172,73,Right,27.1,79,3,292,0.7,1.03,0.0,0.56,0.0,79.0,2.72,4.75,1.18,1.51,0.1,1.26,6.14,3.62,19.21,4.84,0,0
2106,Roberto Cavalcanti,ISL,2018,ST,25,1993,183,79,Right,58.1,69,0,55,0.94,0.34,0.0,0.0,0.0,69.5,1.55,3.5,1.09,1.02,-0.3,0.77,18.83,4.52,4.35,5.21,0,0
2107,Arthur Gomes,ISL,2018,CAM,32,1986,184,88,Right,53.7,74,4,358,0.44,1.08,0.0,0.65,0.0,80.3,4.82,5.32,3.19,1.8,0.2,0.51,10.64,3.65,8.28,3.52,0,0
2108,Leonardo Mendes,ISL,2018,CM,24,1994,179,80,Right,20.5,69,3,294,0.62,0.86,0.0,1.47,0.0,90.2,14.44,10.4,5.07,0.49,-0.3,-0.28,2.93,2.49,12.34,6.3,1,0
2109,Carlos Freitas,ISL,2018,CDM,28,1990,177,69,Right,54.1,75,2,176,0.23,0.26,0.0,1.28,0.0,91.1,9.37,8.89,10.68,0.39,0.3,0.31,2.31,1.03,0.0,10.42,0,0
2110,Andre Melo,ISL,2018,CM,26,1992,173,79,Left,64.0,76,4,419,0.47,0.59,0.0,1.16,0.0,85.3,6.52,7.96,5.82,0.85,0.5,0.72,7.45,1.37,5.17,6.18,0,0
2111,Ricardo Cardoso,ISL,2018,CB,26,1992,180,80,Left,22.7,71,4,384,0.22,0.09,0.0,0.75,0.0,81.8,9.28,10.98,15.16,0.4,-0.1,0.57,5.29,0.92,1.38,9.26,0,0
2112,Andre Nascimento,ISL,2018,LB,27,1991,194,80,Right,118.4,88,3,270,0.43,0.57,0.0,1.91,0.0,82.6,10.91,7.24,14.38,0.58,-0.1,0.99,3.85,2.04,8.43,5.83,1,0
2113,Thiago Martins,ISL,2018,LB,19,1999,178,69,Right,32.0,71,4,373,0.19,0.43,0.0,1.59,0.0,79.9,13.93,11.38,15.27,0.73,0.2,0.31,7.29,1.56,7.72,5.5,0,0
2114,Rodrigo Nascimento,ISL,2018,ST,22,1996,185,79,Right,94.6,96,4,365,1.79,0.58,0.0,0.0,0.0,72.8,2.09,4.0,1.23,0.52,0.1,1.5,9.79,5.38,5.99,8.0,0,0
2115,Pedro Cavalcanti,ISL,2018,GK,27,1991,188,89,Right,13.7,71,5,472,0.0,0.0,14.97,1.39,1.93,82.4,1.53,1.15,5.15,0.0,0.6,0.03,0.0,0.0,0.0,0.53,0,0
2116,Carlos Nascimento,ISL,2018,RW,35,1983,177,76,Right,69.6,78,4,321,0.85,0.77,0.0,0.62,0.0,74.0,2.69,2.74,1.92,2.55,-0.3,1.0,14.3,4.82,1.67,4.23,0,0
2117,Fernando Freitas,PER,2018,ST,28,1990,175,72,Right,46.6,85,4,355,0.88,0.25,0.0,0.0,0.0,73.4,2.89,3.63,1.01,0.63,-0.1,1.31,15.18,6.5,8.14,6.93,0,0
2118,Carlos Lima,PER,2018,RW,29,1989,184,66,Right,66.3,80,2,218,0.65,0.64,0.0,0.41,0.0,77.4,3.06,4.11,3.23,1.48,-0.2,0.77,9.14,3.74,16.63,3.69,0,0
2119,Andre Barbosa,PER,2018,CAM,28,1990,170,86,Right,45.1,81,2,236,0.28,0.67,0.0,0.29,0.0,81.9,3.76,4.47,3.64,0.43,-0.5,0.58,8.06,4.4,9.9,3.6,0,0
2120,Gustavo Monteiro,PER,2018,CM,23,1995,186,68,Right,11.5,67,6,506,0.35,0.68,0.0,1.41,0.0,88.4,7.17,7.5,4.93,0.9,0.0,0.26,11.23,1.42,10.55,11.08,0,0
2121,Vinicius Pereira,PER,2018,CM,30,1988,180,75,Right,31.3,66,3,332,0.39,0.34,0.0,0.75,0.0,88.9,7.3,9.85,6.94,0.93,-0.3,0.56,7.09,2.27,6.85,5.1,0,0
2122,Paulo Dias,PER,2018,CB,22,1996,184,85,Left,36.3,77,5,489,0.11,0.13,0.0,1.52,0.0,81.1,8.12,14.71,27.11,0.47,-0.1,0.41,4.71,0.75,1.56,3.1,0,0
2123,Eduardo Cavalcanti,PER,2018,LB,24,1994,179,86,Left,70.4,96,3,302,0.32,0.54,0.0,2.21,0.0,86.5,10.1,7.39,17.43,0.68,-0.1,0.59,6.11,1.99,9.16,3.38,0,0
2124,Lucas Freitas,PER,2018,RB,22,1996,178,81,Left,27.1,91,3,319,0.29,0.58,0.0,2.26,0.0,85.9,10.4,9.22,10.11,0.56,0.3,0.78,5.56,1.12,4.16,5.23,1,0
2125,Arthur Nascimento,PER,2018,CB,29,1989,173,72,Left,28.9,64,5,440,0.15,0.12,0.0,1.06,0.0,85.7,9.71,11.92,16.69,0.29,0.1,0.19,4.94,0.5,2.46,4.01,0,0
2126,Eduardo Freitas,PER,2018,GK,22,1996,195,80,Right,58.1,77,3,279,0.0,0.0,18.81,2.69,2.97,81.8,1.11,1.95,5.45,0.0,0.7,0.2,0.0,0.0,0.0,1.15,0,0
2127,Vinicius Pereira,PER,2018,CDM,36,1982,173,77,Left,16.8,82,2,245,0.1,0.21,0.0,0.85,0.0,88.2,9.05,9.49,6.56,0.58,-0.0,0.18,3.83,1.29,4.16,8.36,1,0
2128,Thiago Pereira,PER,2018,GK,34,1984,190,80,Right,27.4,62,4,365,0.0,0.0,18.27,1.43,4.26,79.2,0.69,2.2,4.96,0.0,0.3,-0.02,0.0,0.0,0.0,1.09,0,0
2129,Leonardo Nascimento,PER,2018,RB,33,1985,185,70,Right,38.9,85,4,387,0.3,0.39,0.0,2.23,0.0,86.1,11.42,12.71,16.07,0.65,-0.2,0.32,7.19,2.5,7.95,3.84,0,0
2130,Pedro Monteiro,PER,2018,CM,33,1985,170,86,Right,12.7,69,6,525,0.57,0.29,0.0,1.34,0.0,88.2,10.15,11.68,2.18,0.97,-0.4,0.45,6.88,2.15,9.89,8.12,0,0
2131,Bruno Santos,PER,2018,CDM,37,1981,183,82,Right,23.4,72,3,319,0.08,0.32,0.0,0.98,0.0,88.6,15.13,9.09,11.28,0.66,0.1,0.38,5.3,0.56,2.96,7.77,1,0
2132,Eduardo Ribeiro,PER,2018,CB,32,1986,191,66,Right,52.4,78,3,261,0.21,0.13,0.0,1.91,0.0,87.1,10.28,6.96,31.51,0.27,0.5,0.05,4.15,0.95,2.08,6.81,0,0
2133,Marcelo Dias,PER,2018,ST,36,1982,183,83,Right,45.9,75,4,317,0.79,0.36,0.0,0.0,0.0,72.7,1.22,2.07,1.24,0.74,0.0,1.32,8.09,6.24,6.37,8.91,0,0
2134,Andre Nascimento,PER,2018,LW,31,1987,181,81,Right,111.3,86,5,420,1.21,0.66,0.0,0.56,0.0,76.3,4.95,3.6,2.28,1.03,0.1,1.28,13.52,2.71,12.83,4.66,0,0
2135,Rafael Santos,PER,2018,CB,23,1995,177,72,Right,21.5,82,4,331,0.17,0.12,0.0,2.23,0.0,85.7,8.36,5.98,27.05,0.64,0.3,0.61,6.24,1.2,1.83,4.93,1,0
2136,Lucas Ribeiro,PER,2018,GK,22,1996,198,83,Right,19.3,71,3,302,0.0,0.0,18.51,1.64,1.79,83.0,1.41,1.71,5.02,0.0,0.3,0.31,0.0,0.0,0.0,0.83,0,0
2137,Pedro Pereira,PER,2018,RW,37,1981,183,85,Right,70.5,70,3,251,0.75,0.57,0.0,0.47,0.0,79.4,5.07,4.18,3.63,1.73,0.5,0.96,8.99,3.49,9.03,5.32,0,0
2138,Eduardo Mendes,PER,2018,LW,26,1992,186,75,Left,98.9,79,4,383,0.61,1.22,0.0,0.5,0.0,78.0,1.51,1.54,2.02,1.39,0.1,0.92,9.92,3.14,14.3,6.02,0,0
2139,Andre Mendes,PER,2018,LB,29,1989,188,66,Both,83.4,95,4,363,0.28,0.48,0.0,2.48,0.0,82.5,14.8,9.58,5.44,0.42,-0.1,0.75,4.52,2.12,3.97,6.19,0,0
2140,Alexandre Melo,SAU,2018,LW,36,1982,172,82,Right,32.2,75,4,351,0.56,0.81,0.0,0.42,0.0,72.3,3.89,3.18,2.05,2.08,0.2,0.47,11.49,2.86,14.29,4.25,0,0
2141,Eduardo Oliveira,SAU,2018,CAM,27,1991,193,69,Right,71.5,82,6,465,0.64,0.51,0.0,0.29,0.0,77.3,5.17,5.57,0.98,1.06,0.2,0.89,5.17,3.48,10.05,6.09,0,0
2142,Vinicius Barbosa,SAU,2018,GK,35,1983,194,87,Left,37.4,79,3,243,0.0,0.0,16.09,1.95,1.63,85.4,0.62,1.27,2.77,0.0,0.1,0.07,0.0,0.0,0.0,0.49,0,0
2143,Leonardo Melo,SAU,2018,CDM,26,1992,182,69,Right,23.5,62,4,313,0.12,0.32,0.0,0.47,0.0,88.9,14.24,10.23,6.0,0.47,0.1,0.22,3.2,1.08,3.99,9.64,1,0
2144,Andre Oliveira,SAU,2018,CB,33,1985,182,88,Left,33.8,72,3,237,0.25,0.06,0.0,2.09,0.0,83.0,10.11,10.22,28.23,0.54,-0.0,0.56,5.48,0.87,1.95,3.63,0,0
2145,Andre Pereira,SAU,2018,ST,36,1982,175,88,Left,99.1,85,3,226,1.19,0.37,0.0,0.0,0.0,69.2,1.58,1.97,1.11,0.94,-0.3,1.78,12.48,4.32,7.94,7.4,0,0
2146,Gustavo Lima,SAU,2018,LB,25,1993,192,69,Right,40.6,72,1,162,0.29,0.56,0.0,0.93,0.0,79.8,8.76,9.93,12.34,0.61,-0.3,0.61,6.83,1.69,7.72,5.37,0,0
2147,Roberto Dias,SAU,2018,RB,36,1982,171,79,Left,17.0,83,2,190,0.34,0.77,0.0,1.82,0.0,84.0,10.06,6.95,12.28,1.15,0.5,0.68,4.78,2.2,7.68,3.05,0,0
2148,Eduardo Ferreira,SAU,2018,CB,31,1987,186,72,Right,68.8,87,3,235,0.14,0.08,0.0,2.21,0.0,87.0,4.93,10.83,29.34,0.45,0.3,0.57,6.04,1.25,2.65,6.85,0,0
2149,Leonardo Martins,SAU,2018,LW,21,1997,175,81,Right,77.7,82,5,480,0.71,0.7,0.0,0.53,0.0,78.2,3.45,3.22,3.65,1.24,-0.1,1.3,12.86,4.98,26.78,5.77,0,0
2150,Alexandre Araujo,SAU,2018,GK,29,1989,192,84,Both,29.4,67,2,177,0.0,0.0,15.54,1.39,1.82,84.4,0.9,2.6,5.58,0.0,0.4,-0.1,0.0,0.0,0.0,0.97,0,0
2151,Marcelo Souza,SAU,2018,CB,31,1987,192,86,Right,22.2,69,3,286,0.27,0.13,0.0,1.75,0.0,85.5,12.3,12.52,28.45,0.54,-0.4,-0.05,4.36,0.89,2.5,0.63,0,0
2152,Fernando Souza,SAU,2018,LB,23,1995,180,81,Right,35.1,85,3,282,0.19,0.42,0.0,1.77,0.0,79.3,8.65,7.31,13.26,0.95,0.3,-0.02,6.66,2.68,3.7,4.67,0,0
2153,Heitor Cavalcanti,SAU,2018,CM,24,1994,173,82,Right,20.4,69,5,425,0.42,0.59,0.0,1.28,0.0,86.1,12.38,7.04,4.87,0.97,0.3,0.28,7.55,1.51,8.65,6.2,0,0
2154,Fernando Martins,SAU,2018,ST,29,1989,193,81,Right,96.3,74,2,212,0.91,0.58,0.0,0.0,0.0,72.5,1.99,2.53,1.18,1.21,-0.1,1.47,12.22,5.33,7.93,10.72,0,0
2155,Matheus Rodrigues,SAU,2018,CM,24,1994,175,70,Right,31.4,67,3,313,0.43,0.62,0.0,0.77,0.0,84.4,8.99,6.99,4.87,0.52,0.1,0.82,5.09,2.39,4.73,4.82,0,0
2156,Fernando Costa,SAU,2018,CB,32,1986,184,83,Right,65.0,74,2,235,0.15,0.03,0.0,2.07,0.0,84.9,4.94,7.19,28.03,0.65,0.3,0.11,4.91,1.36,2.85,5.19,1,0
2157,Matheus Mendes,SAU,2018,GK,28,1990,187,88,Both,67.1,82,3,293,0.0,0.0,9.74,2.31,2.35,83.1,1.08,1.58,5.92,0.0,1.2,0.67,0.0,0.0,0.0,1.0,0,0
2158,Andre Melo,SAU,2018,RW,29,1989,180,69,Right,70.1,81,5,477,0.63,1.02,0.0,0.62,0.0,78.7,3.44,2.74,1.63,1.61,-0.0,1.01,4.31,5.29,13.26,5.58,0,0
2159,Leonardo Gomes,SAU,2018,CDM,30,1988,184,65,Right,28.9,71,3,269,0.21,0.28,0.0,1.03,0.0,90.1,7.03,8.59,9.41,0.42,0.3,0.61,3.73,1.14,4.26,7.52,0,0
2160,Lucas Oliveira,SAU,2018,RW,31,1987,186,72,Right,62.6,78,3,289,0.73,0.52,0.0,0.33,0.0,82.0,2.13,1.96,1.09,2.12,-0.2,0.77,11.97,5.52,10.59,4.98,0,0
2161,Lucas Costa,SAU,2018,CM,32,1986,174,86,Right,49.4,71,4,408,0.35,0.44,0.0,0.75,0.0,90.6,10.17,12.33,6.39,0.61,-0.1,0.77,4.54,1.12,6.3,8.73,0,0
2162,Paulo Rodrigues,SAU,2018,RB,29,1989,189,81,Left,33.6,70,2,225,0.33,0.67,0.0,0.84,0.0,73.2,7.75,7.54,7.43,1.23,-0.5,0.39,6.55,2.82,5.39,5.3,0,0
2163,Heitor Pereira,AUS,2018,LB,31,1987,170,83,Left,74.0,86,2,192,0.41,0.33,0.0,1.77,0.0,77.4,12.38,6.47,7.76,0.95,0.1,0.48,6.74,1.53,7.9,4.47,0,0
2164,Bruno Ferreira,AUS,2018,CAM,36,1982,171,69,Left,23.8,80,2,167,0.61,0.64,0.0,0.59,0.0,85.9,3.55,5.2,1.07,0.34,-1.1,1.09,7.51,1.91,9.62,1.82,0,0
2165,Pedro Silva,AUS,2018,RB,27,1991,171,67,Right,88.0,89,4,314,0.42,0.54,0.0,2.32,0.0,84.7,13.57,8.55,13.28,1.07,0.1,0.61,2.6,1.74,5.47,5.39,0,0
2166,Ricardo Rocha,AUS,2018,CDM,21,1997,183,82,Right,32.6,64,6,566,0.28,0.26,0.0,0.39,0.0,89.8,8.98,9.12,6.96,0.55,0.4,0.15,3.63,0.73,3.61,5.79,0,0
2167,Andre Oliveira,AUS,2018,CB,35,1983,186,74,Left,57.9,94,4,367,0.2,0.07,0.0,2.39,0.0,90.1,6.59,7.53,26.27,0.59,-0.3,0.56,2.87,0.89,2.25,7.55,1,0
2168,Heitor Mendes,AUS,2018,CM,34,1984,170,80,Right,6.2,73,3,274,0.26,0.52,0.0,0.81,0.0,89.5,13.02,10.87,7.56,0.48,-0.0,-0.12,6.72,2.28,6.84,5.77,0,0
2169,Lucas Silva,AUS,2018,LB,33,1985,178,67,Left,46.2,90,2,206,0.19,0.47,0.0,1.53,0.0,82.0,13.31,7.72,11.36,0.94,-0.3,0.39,4.09,1.31,7.33,5.2,0,0
2170,Diego Santos,AUS,2018,ST,37,1981,194,83,Right,95.9,84,2,193,1.66,0.48,0.0,0.0,0.0,70.7,1.12,2.19,0.62,1.0,-0.2,1.57,13.83,6.64,10.31,4.2,0,0
2171,Diego Rocha,AUS,2018,RB,21,1997,183,75,Both,71.4,89,4,397,0.37,0.54,0.0,1.26,0.0,76.2,8.35,2.38,8.28,0.9,0.1,1.14,3.52,2.53,3.94,8.62,0,0
2172,Gabriel Carvalho,AUS,2018,GK,20,1998,191,90,Right,9.5,74,4,352,0.0,0.0,24.38,1.03,2.78,89.6,1.07,1.81,6.11,0.0,0.3,-0.36,0.0,0.0,0.0,1.26,0,0
2173,Matheus Ribeiro,AUS,2018,CB,34,1984,179,65,Left,55.6,79,4,319,0.25,0.04,0.0,2.11,0.0,91.1,7.77,8.19,25.89,0.59,0.1,0.36,2.45,0.65,3.0,5.08,0,0
2174,Heitor Barbosa,AUS,2018,CM,26,1992,174,89,Both,18.1,60,4,431,0.34,0.57,0.0,1.31,0.0,85.5,9.03,11.36,3.74,0.72,-0.0,0.36,6.72,2.56,4.38,5.64,0,0
2175,Pedro Santos,AUS,2018,GK,26,1992,195,85,Left,45.5,69,2,224,0.0,0.0,20.5,1.97,4.27,91.2,1.3,2.62,4.18,0.0,1.3,-0.3,0.0,0.0,0.0,1.66,0,0
2176,Rafael Rocha,AUS,2018,LW,20,1998,193,89,Right,28.7,84,3,336,0.59,0.87,0.0,0.43,0.0,80.8,4.69,4.41,2.69,1.99,-0.4,1.2,10.89,3.94,18.09,2.79,0,0
2177,Eduardo Rodrigues,AUS,2018,CM,25,1993,192,72,Left,37.6,75,4,361,0.23,0.6,0.0,0.94,0.0,83.7,8.63,10.57,5.22,0.59,-0.2,0.46,4.71,1.2,8.7,5.85,0,0
2178,Marcelo Freitas,AUS,2018,CB,20,1998,185,80,Right,71.1,76,4,346,0.18,0.12,0.0,2.45,0.0,91.7,6.05,5.14,37.55,0.58,-0.1,-0.03,3.59,1.53,2.47,4.88,1,0
2179,Eduardo Souza,AUS,2018,ST,37,1981,174,89,Right,24.4,81,4,424,1.23,0.3,0.0,0.0,0.0,70.9,2.09,4.11,1.22,0.83,-0.3,1.14,15.01,8.01,7.09,4.96,0,0
2180,Arthur Mendes,AUS,2018,CB,31,1987,176,75,Left,52.9,81,5,396,0.23,0.14,0.0,1.96,0.0,87.2,7.75,6.16,35.45,0.35,0.2,0.37,3.22,0.85,1.75,2.46,0,0
2181,Marcelo Dias,AUS,2018,RW,34,1984,194,72,Right,34.5,74,1,76,1.04,0.46,0.0,0.59,0.0,76.4,2.67,2.51,2.33,1.55,0.4,0.52,5.24,4.52,9.74,4.84,0,0
2182,Arthur Santos,AUS,2018,RW,20,1998,175,88,Left,36.9,79,3,300,0.93,0.31,0.0,0.38,0.0,74.5,3.22,3.38,1.58,1.21,0.1,1.02,8.53,4.07,19.82,3.61,0,0
2183,Eduardo Cardoso,AUS,2018,GK,37,1981,195,85,Right,17.5,77,6,484,0.0,0.0,13.99,1.81,2.68,85.2,0.5,0.97,5.27,0.0,0.5,-0.26,0.0,0.0,0.0,0.96,0,0
2184,Eduardo Gomes,AUS,2018,LW,21,1997,184,84,Right,68.4,72,3,278,0.81,0.73,0.0,0.76,0.0,78.0,3.77,5.12,1.96,0.45,0.2,0.22,10.56,4.55,13.78,5.47,0,0
2185,Felipe Pereira,AUS,2018,CDM,31,1987,185,71,Right,53.8,75,3,237,0.22,0.29,0.0,1.21,0.0,87.1,5.07,18.59,5.35,0.53,-0.1,0.7,4.05,0.99,4.38,5.77,0,0
2186,Joao Nascimento,CRI,2018,GK,20,1998,185,94,Right,8.9,71,3,257,0.0,0.0,11.57,0.98,2.41,84.0,0.73,2.27,6.92,0.0,0.5,0.44,0.0,0.0,0.0,1.26,0,0
2187,Leonardo Souza,CRI,2018,ST,33,1985,184,89,Right,66.4,82,4,384,1.21,0.54,0.0,0.0,0.0,69.5,2.25,4.54,0.54,0.62,-0.1,1.43,9.05,2.48,8.39,6.4,0,0
2188,Joao Freitas,CRI,2018,RW,21,1997,189,89,Right,64.0,87,3,299,0.64,1.06,0.0,0.5,0.0,80.4,3.09,3.36,2.32,1.66,0.4,1.24,8.94,2.36,17.11,5.04,0,0
2189,Leonardo Araujo,CRI,2018,ST,19,1999,191,72,Right,152.1,87,4,344,1.92,0.27,0.0,0.0,0.0,66.6,1.86,2.14,1.13,1.45,-0.4,1.37,8.89,5.22,12.4,6.75,0,0
2190,Fernando Souza,CRI,2018,LB,34,1984,181,81,Right,19.5,83,3,306,0.15,0.4,0.0,1.12,0.0,85.0,14.48,8.73,10.96,0.92,-0.2,0.46,3.34,2.17,5.83,5.07,1,0
2191,Fernando Santos,CRI,2018,RW,28,1990,193,80,Both,93.8,80,2,219,0.73,1.04,0.0,0.4,0.0,78.8,2.47,2.67,1.63,1.5,0.6,0.73,7.43,3.59,18.18,6.49,0,0
2192,Thiago Martins,CRI,2018,CDM,36,1982,189,82,Right,39.0,82,6,611,0.16,0.26,0.0,1.36,0.0,88.4,9.89,8.38,6.86,0.33,-0.2,0.44,1.36,1.6,3.36,6.07,1,0
2193,Diego Monteiro,CRI,2018,LB,34,1984,183,69,Left,55.8,87,4,412,0.33,0.38,0.0,2.15,0.0,82.7,12.31,10.47,7.12,1.02,0.2,0.37,4.63,1.81,4.78,5.48,0,0
2194,Marcelo Cardoso,CRI,2018,CAM,19,1999,190,83,Right,54.9,82,4,329,0.44,1.14,0.0,0.46,0.0,83.5,3.46,5.6,2.6,1.24,-0.1,0.85,7.03,4.42,8.83,3.22,0,0
2195,Matheus Almeida,CRI,2018,GK,36,1982,194,75,Right,39.3,83,3,313,0.0,0.0,17.01,2.72,2.58,85.6,0.64,2.36,8.01,0.0,0.6,-0.35,0.0,0.0,0.0,1.16,0,0
2196,Diego Araujo,CRI,2018,CB,22,1996,187,65,Left,60.8,69,3,241,0.17,0.07,0.0,2.27,0.0,84.2,9.9,9.79,24.92,0.54,0.1,-0.02,4.84,0.76,2.93,3.9,1,0
2197,Vinicius Martins,CRI,2018,LW,20,1998,172,74,Right,22.0,65,4,392,0.51,1.01,0.0,0.21,0.0,82.1,3.42,3.48,2.04,0.0,-0.1,0.31,14.71,2.18,15.61,4.63,0,0
2198,Gabriel Mendes,CRI,2018,RB,25,1993,172,85,Right,33.3,95,4,317,0.19,0.51,0.0,1.88,0.0,85.3,2.45,6.48,3.84,0.92,0.1,0.23,5.19,1.49,1.6,4.32,1,0
2199,Pedro Monteiro,CRI,2018,CB,21,1997,174,72,Left,12.9,69,3,294,0.12,0.01,0.0,0.11,0.0,84.9,7.16,6.33,20.61,0.43,-0.6,0.72,4.85,0.79,0.86,6.73,1,0
2200,Marcelo Lima,CRI,2018,CB,22,1996,171,75,Left,48.9,91,3,299,0.25,0.06,0.0,3.23,0.0,87.6,9.94,15.21,36.46,0.52,-0.3,0.65,4.05,1.16,1.45,7.85,1,0
2201,Diego Cardoso,CRI,2018,CDM,27,1991,176,89,Right,34.7,71,3,238,0.17,0.16,0.0,0.76,0.0,90.5,18.42,21.49,7.68,0.71,0.0,0.31,4.45,0.67,1.33,4.32,0,0
2202,Rodrigo Melo,CRI,2018,CB,26,1992,183,82,Left,27.1,85,5,449,0.27,0.08,0.0,1.96,0.0,90.3,11.55,11.56,15.64,0.29,-0.4,-0.04,3.81,0.84,1.59,7.72,0,0
2203,Paulo Dias,CRI,2018,CM,22,1996,187,81,Right,57.2,83,2,224,0.5,0.64,0.0,0.93,0.0,88.2,11.06,12.98,3.6,1.09,-0.9,1.17,4.3,2.52,8.18,5.3,0,0
2204,Rafael Dias,CRI,2018,GK,31,1987,196,79,Right,25.4,82,4,318,0.0,0.0,15.63,3.62,1.87,81.7,0.51,1.91,6.01,0.0,0.5,-0.0,0.0,0.0,0.0,1.36,0,0
2205,Carlos Araujo,CRI,2018,RB,23,1995,188,67,Right,19.2,95,3,266,0.26,0.63,0.0,2.37,0.0,92.5,7.34,9.2,11.47,0.78,0.1,0.3,7.11,1.42,5.52,6.97,0,0
2206,Ricardo Dias,CRI,2018,CM,24,1994,176,78,Left,26.5,80,2,239,0.51,0.45,0.0,1.43,0.0,86.2,6.19,4.56,7.1,0.62,-0.3,0.57,6.53,1.23,7.79,6.05,0,0
2207,Roberto Araujo,CRI,2018,CM,23,1995,189,82,Right,28.7,67,4,360,0.25,0.69,0.0,0.7,0.0,91.7,12.2,5.83,7.49,1.02,-0.0,0.33,6.18,2.71,10.58,6.41,1,0
2208,Bruno Costa,CRI,2018,LW,24,1994,175,75,Right,34.4,81,4,341,0.7,0.78,0.0,0.49,0.0,77.6,1.85,4.66,1.1,1.52,0.5,1.6,9.46,5.61,8.85,6.47,0,0
2209,Messi,ARG,2022,RB,20,2002,181,85,Right,49.3,83,4,347,0.32,0.47,0.0,2.18,0.0,73.4,10.25,9.95,8.19,0.83,0.1,0.9,3.56,1.96,7.67,2.42,0,0
2210,Di Maria,ARG,2022,RW,19,2003,170,74,Right,66.3,72,4,328,0.38,1.12,0.0,0.22,0.0,76.0,3.44,4.29,1.8,1.96,-0.0,0.89,11.6,2.39,21.11,2.97,0,0
2211,Martinez,ARG,2022,RW,37,1985,180,72,Left,70.1,79,4,379,0.51,1.03,0.0,0.3,0.0,77.9,1.05,6.26,3.16,1.5,-0.1,1.04,10.54,4.05,11.3,5.19,0,0
2212,Otamendi,ARG,2022,GK,27,1995,186,84,Right,30.1,89,3,317,0.0,0.0,17.78,2.44,4.62,81.9,0.75,2.61,3.66,0.0,0.6,-0.23,0.0,0.0,0.0,1.22,0,0
2213,De Paul,ARG,2022,GK,30,1992,191,76,Right,32.9,76,3,249,0.0,0.0,16.72,1.83,3.3,82.9,0.72,2.53,1.44,0.0,0.1,-0.21,0.0,0.0,0.0,0.71,0,0
2214,Paredes,ARG,2022,CAM,23,1999,171,71,Right,59.0,72,4,330,0.52,0.85,0.0,0.41,0.0,79.5,4.7,2.96,1.75,0.56,0.3,0.52,8.11,2.85,11.41,5.15,0,0
2215,Lo Celso,ARG,2022,CM,25,1997,190,81,Both,37.0,68,5,484,0.46,0.56,0.0,1.47,0.0,88.5,5.1,6.61,8.27,0.53,-0.4,0.42,5.37,2.79,7.55,9.02,0,0
2216,Lautaro,ARG,2022,CM,36,1986,173,74,Left,33.2,72,1,149,0.31,0.66,0.0,0.68,0.0,87.2,7.41,4.12,4.06,0.96,-0.2,0.39,4.39,0.88,5.52,5.52,0,0
2217,Alvarez,ARG,2022,CB,32,1990,182,66,Right,78.3,78,5,469,0.22,0.12,0.0,2.26,0.0,85.1,7.44,9.7,19.42,0.61,-0.8,0.18,0.32,1.41,1.38,5.11,0,0
2218,Tagliafico,ARG,2022,CDM,23,1999,181,80,Right,7.8,67,3,306,0.21,0.34,0.0,0.9,0.0,91.8,10.85,13.31,6.93,0.34,0.1,-0.13,4.07,0.99,4.76,6.48,0,0
2219,Molina,ARG,2022,ST,37,1985,175,75,Right,88.2,92,4,310,1.71,0.45,0.0,0.0,0.0,74.1,2.23,2.83,1.95,0.6,-0.3,1.43,7.82,8.54,11.37,7.82,0,0
2220,Acuna,ARG,2022,LB,21,2001,177,67,Right,24.4,73,2,159,0.36,0.49,0.0,0.74,0.0,80.3,11.17,11.21,10.03,0.76,0.1,0.21,3.01,2.13,5.31,6.62,0,0
2221,Montiel,ARG,2022,CDM,31,1991,178,86,Right,16.6,69,2,235,0.12,0.26,0.0,0.87,0.0,84.1,10.0,16.34,8.89,0.54,-0.1,0.34,2.89,1.07,6.18,6.41,0,0
2222,Pezzella,ARG,2022,CB,33,1989,170,89,Right,101.4,92,5,522,0.26,0.04,0.0,3.24,0.0,83.0,10.55,14.36,16.74,0.74,0.3,0.57,6.07,0.94,3.33,7.14,0,0
2223,Gonzalez,ARG,2022,GK,20,2002,189,92,Right,15.6,66,5,447,0.0,0.0,20.64,1.81,3.67,86.6,0.53,2.24,6.31,0.0,1.1,-0.17,0.0,0.0,0.0,1.02,0,0
2224,Correa,ARG,2022,CB,28,1994,175,74,Right,89.6,91,3,258,0.24,0.1,0.0,1.96,0.0,92.9,8.78,4.22,23.51,0.61,-0.2,0.72,4.18,1.38,1.62,5.37,1,0
2225,Dybala,ARG,2022,LB,21,2001,173,66,Left,67.4,79,0,12,0.28,0.54,0.0,1.63,0.0,82.1,12.39,7.84,12.82,0.14,0.4,0.25,9.48,2.25,4.06,3.62,0,0
2226,Rulli,ARG,2022,LW,32,1990,171,85,Right,38.5,79,4,366,0.79,0.81,0.0,0.52,0.0,81.2,3.09,7.02,3.43,1.32,-0.5,0.76,9.72,3.73,10.34,4.66,0,0
2227,Armani,ARG,2022,ST,24,1998,191,88,Right,73.5,91,4,352,0.59,0.5,0.0,0.0,0.0,71.8,1.89,2.27,1.49,1.02,0.1,1.8,12.73,7.1,10.37,6.41,0,0
2228,Foyth,ARG,2022,RB,29,1993,181,85,Right,55.9,77,1,119,0.41,0.32,0.0,2.25,0.0,83.7,10.02,7.31,13.1,0.66,0.1,0.37,6.3,2.0,6.16,4.19,0,0
2229,Palacios,ARG,2022,CM,21,2001,173,67,Right,14.3,69,4,337,0.34,0.89,0.0,1.12,0.0,88.4,7.32,7.5,5.8,1.17,-0.7,-0.15,7.9,2.89,8.41,7.2,0,0
2230,Almada,ARG,2022,LW,33,1989,192,81,Right,40.4,83,4,305,0.55,0.46,0.0,0.42,0.0,79.6,1.5,5.38,2.24,1.09,0.1,1.47,10.88,2.35,12.32,5.98,0,0
2231,Carboni,ARG,2022,CB,26,1996,189,72,Left,120.0,88,2,261,0.35,0.15,0.0,2.04,0.0,88.0,6.68,12.57,23.01,0.66,-0.6,0.77,2.88,1.11,2.09,3.86,0,0
2232,Mbappe,FRA,2022,LW,20,2002,189,66,Left,15.6,66,3,267,0.5,0.7,0.0,0.67,0.0,83.6,3.15,5.27,0.58,1.76,-0.6,0.43,12.85,3.86,16.44,1.48,0,0
2233,Griezmann,FRA,2022,ST,19,2003,182,71,Right,69.9,91,6,543,1.23,0.46,0.0,0.0,0.0,73.9,3.03,2.29,1.25,1.54,0.1,1.31,11.15,5.68,8.27,10.27,0,0
2234,Kante,FRA,2022,GK,34,1988,184,94,Right,22.6,88,0,48,0.0,0.0,11.49,2.55,3.31,89.2,1.08,2.42,3.26,0.0,-0.2,-0.14,0.0,0.0,0.0,0.95,0,0
2235,Varane,FRA,2022,CB,29,1993,192,70,Right,60.5,80,5,462,0.09,0.06,0.0,2.04,0.0,83.8,10.29,10.05,25.9,0.68,-0.7,0.73,3.13,1.29,2.29,5.21,1,0
2236,Lloris,FRA,2022,CB,21,2001,172,72,Left,60.9,85,2,193,0.14,0.08,0.0,1.98,0.0,93.9,0.44,8.53,14.24,0.63,0.5,0.99,5.12,0.95,2.04,4.83,0,0
2237,Pogba,FRA,2022,CM,21,2001,181,74,Left,21.0,68,4,384,0.05,0.76,0.0,0.84,0.0,86.6,6.91,9.95,5.78,0.78,0.1,0.24,7.42,1.74,5.14,5.02,0,0
2238,Hernandez,FRA,2022,RW,37,1985,185,73,Left,30.7,77,4,352,0.97,0.55,0.0,0.4,0.0,77.8,3.75,3.89,1.77,2.11,-0.1,1.17,11.15,4.87,23.52,6.54,0,0
2239,Coman,FRA,2022,RB,34,1988,182,75,Left,28.9,72,2,236,0.16,0.44,0.0,0.7,0.0,87.9,10.73,7.64,11.19,0.86,-0.3,0.14,2.75,1.91,7.29,4.28,0,0
2240,Dembele,FRA,2022,LW,28,1994,190,85,Right,114.0,82,3,320,0.86,0.98,0.0,0.47,0.0,77.3,3.24,3.18,0.91,1.64,-0.1,0.59,10.19,5.36,15.39,2.33,0,0
2241,Benzema,FRA,2022,CB,32,1990,185,72,Both,44.3,92,3,277,0.24,0.07,0.0,2.74,0.0,88.3,4.64,10.99,18.07,0.51,0.2,0.44,4.17,1.0,1.52,6.48,1,0
2242,Rabiot,FRA,2022,CB,36,1986,189,65,Both,15.6,78,5,429,0.26,0.14,0.0,1.81,0.0,89.1,8.42,9.99,9.13,0.53,-0.2,0.41,4.5,0.62,2.94,7.28,0,0
2243,Tchouameni,FRA,2022,GK,23,1999,197,80,Right,36.0,71,6,561,0.0,0.0,14.75,2.45,2.76,90.3,0.48,1.28,3.79,0.0,0.1,-0.48,0.0,0.0,0.0,1.06,0,0
2244,Camavinga,FRA,2022,CAM,20,2002,174,81,Right,90.5,80,4,399,0.55,0.91,0.0,0.47,0.0,83.6,1.22,6.95,0.99,1.78,0.5,1.29,9.98,4.18,5.03,2.01,0,0
2245,Saliba,FRA,2022,ST,22,2000,170,86,Left,60.0,85,4,331,1.26,0.48,0.0,0.0,0.0,73.6,1.27,4.9,0.7,1.39,0.2,1.24,19.19,5.4,9.58,5.57,0,0
2246,Upamecano,FRA,2022,LB,28,1994,176,79,Right,42.6,75,4,364,0.19,0.51,0.0,1.34,0.0,80.2,6.6,7.25,12.43,0.82,0.2,0.03,5.25,1.87,7.16,3.0,0,0
2247,Kounde,FRA,2022,RB,31,1991,188,74,Right,21.8,91,3,247,0.38,0.54,0.0,2.07,0.0,81.2,10.13,5.88,10.9,0.81,0.1,0.46,4.42,1.69,6.84,6.3,1,0
2248,Maignan,FRA,2022,CM,34,1988,193,71,Left,41.4,75,3,240,0.38,0.78,0.0,1.23,0.0,88.0,7.35,7.87,3.16,0.47,-0.3,1.15,9.28,2.03,9.49,3.85,0,0
2249,Samba,FRA,2022,CDM,19,2003,180,67,Right,39.8,69,3,275,0.18,0.39,0.0,0.82,0.0,84.4,13.12,11.15,13.75,0.29,-0.1,0.9,5.66,0.86,4.19,8.09,1,0
2250,Konate,FRA,2022,LB,28,1994,172,71,Left,46.9,94,5,442,0.15,0.42,0.0,2.76,0.0,80.6,11.18,8.14,14.36,0.94,-0.3,0.45,7.66,3.17,8.43,6.43,0,0
2251,Fofana,FRA,2022,CDM,24,1998,175,89,Both,36.3,84,3,300,0.24,0.29,0.0,0.67,0.0,91.3,11.84,11.84,9.45,0.78,0.3,0.43,2.7,0.42,2.78,8.97,0,0
2252,Nkunku,FRA,2022,RW,25,1997,188,74,Left,62.5,86,4,373,1.5,0.54,0.0,0.24,0.0,78.3,4.49,5.43,2.09,1.52,0.2,0.85,10.99,3.5,14.25,5.83,0,0
2253,Thuram,FRA,2022,CM,31,1991,194,83,Right,46.2,66,5,495,0.35,0.58,0.0,1.71,0.0,87.3,5.88,8.29,3.7,0.39,-0.3,0.5,7.85,1.8,6.21,4.52,0,0
2254,Kolo Muani,FRA,2022,GK,25,1997,186,86,Right,8.8,63,6,592,0.0,0.0,12.05,0.7,3.96,83.4,0.65,2.59,6.75,0.0,0.6,0.14,0.0,0.0,0.0,1.12,0,0
2255,Modric,CRO,2022,LB,26,1996,171,77,Right,40.6,80,2,193,0.19,0.52,0.0,1.59,0.0,79.8,7.51,3.01,10.43,0.96,-0.4,0.43,9.59,0.97,3.13,1.3,0,0
2256,Perisic,CRO,2022,CB,28,1994,186,69,Left,31.2,74,5,506,0.16,0.18,0.0,2.22,0.0,85.5,8.1,11.48,6.39,0.53,-0.1,-0.15,3.09,1.39,1.19,7.34,0,0
2257,Brozovic,CRO,2022,CDM,23,1999,194,77,Both,65.3,84,6,480,0.26,0.4,0.0,1.13,0.0,95.6,10.36,12.17,9.96,0.5,0.3,0.5,3.64,1.15,6.0,2.51,1,0
2258,Kovacic,CRO,2022,CM,25,1997,182,71,Left,8.6,70,4,374,0.3,0.43,0.0,1.27,0.0,91.0,7.16,8.59,5.92,1.04,-0.1,0.16,6.1,2.49,6.19,7.39,0,0
2259,Livakovic,CRO,2022,CM,29,1993,189,86,Right,17.4,62,3,275,0.37,0.38,0.0,1.31,0.0,91.5,9.35,7.16,4.65,0.48,0.3,0.15,4.71,1.0,9.44,6.51,0,0
2260,Gvardiol,CRO,2022,GK,29,1993,192,77,Both,36.9,72,4,330,0.0,0.0,12.87,1.73,2.98,85.8,0.69,1.45,5.41,0.0,0.7,-0.04,0.0,0.0,0.0,0.61,0,0
2261,Juranovic,CRO,2022,GK,25,1997,190,82,Right,40.0,70,3,230,0.0,0.0,15.19,1.91,2.15,82.6,1.52,1.0,4.41,0.0,0.6,0.21,0.0,0.0,0.0,0.9,0,0
2262,Sosa,CRO,2022,RB,36,1986,193,70,Right,22.8,84,6,488,0.34,0.62,0.0,1.62,0.0,84.0,10.82,8.49,9.87,0.86,0.8,0.66,3.53,0.89,6.52,4.46,0,0
2263,Pasalic,CRO,2022,LW,36,1986,178,79,Left,17.4,75,3,319,0.79,0.57,0.0,0.5,0.0,81.3,4.41,5.8,1.89,1.34,-0.1,0.91,9.63,3.63,9.68,2.7,0,0
2264,Vlasic,CRO,2022,ST,26,1996,181,70,Right,122.1,83,3,306,1.51,0.3,0.0,0.0,0.0,69.4,1.52,3.92,0.54,1.62,0.4,0.95,10.73,6.05,8.54,9.05,0,0
2265,Petkovic,CRO,2022,RW,33,1989,185,66,Right,32.3,78,4,344,0.27,0.75,0.0,0.72,0.0,80.4,3.23,4.5,2.24,0.57,0.0,0.63,8.21,2.54,11.53,5.11,0,0
2266,Kramaric,CRO,2022,CB,28,1994,189,72,Both,92.1,94,5,403,0.17,0.13,0.0,2.74,0.0,85.3,11.68,10.5,20.19,0.21,0.2,0.63,2.81,0.92,3.13,3.63,1,0
2267,Majer,CRO,2022,CAM,35,1987,187,89,Right,40.7,80,3,342,0.76,0.76,0.0,0.52,0.0,78.9,3.42,6.44,2.86,1.07,-0.0,1.1,3.32,2.95,13.04,4.11,0,0
2268,Sutalo,CRO,2022,CM,20,2002,175,79,Left,37.9,77,2,188,0.29,0.87,0.0,1.1,0.0,86.7,7.1,5.79,6.22,1.12,0.2,0.63,9.05,1.62,9.3,4.63,0,0
2269,Stanisic,CRO,2022,RB,29,1993,183,71,Right,117.0,82,3,268,0.47,0.44,0.0,3.02,0.0,78.8,13.76,8.19,16.33,1.14,-0.3,0.56,4.31,2.57,7.27,4.26,0,0
2270,Susnjara,CRO,2022,CDM,33,1989,179,77,Both,13.3,68,4,338,0.17,0.2,0.0,0.89,0.0,92.0,13.81,17.28,12.4,0.52,-0.6,0.48,3.16,2.04,4.06,12.25,0,0
2271,Labrovic,CRO,2022,RW,37,1985,171,73,Right,49.4,78,4,373,0.61,0.93,0.0,0.27,0.0,76.8,2.7,5.91,1.76,1.02,-0.3,1.02,11.16,5.76,11.49,7.09,0,0
2272,Ivusic,CRO,2022,ST,27,1995,176,89,Right,151.9,82,2,213,0.98,0.53,0.0,0.0,0.0,71.6,2.61,3.83,1.26,0.88,0.2,1.75,8.05,5.7,6.66,6.21,0,0
2273,Beljo,CRO,2022,CB,28,1994,175,65,Right,50.1,90,3,333,0.11,0.1,0.0,1.97,0.0,87.1,13.4,6.28,27.97,0.24,0.0,0.07,2.67,1.34,2.43,5.96,0,0
2274,Baturina,CRO,2022,CB,26,1996,181,83,Right,43.3,81,3,303,0.21,0.1,0.0,1.76,0.0,92.9,10.51,5.45,21.05,0.69,-0.3,-0.31,6.05,1.01,1.7,5.42,0,0
2275,Sučić,CRO,2022,LW,27,1995,177,78,Right,38.7,74,3,291,0.63,0.6,0.0,0.44,0.0,74.3,2.24,5.35,1.59,1.53,0.3,0.74,7.68,3.52,19.93,3.49,0,0
2276,Bijelod,CRO,2022,LB,31,1991,180,85,Right,69.6,78,4,372,0.24,0.19,0.0,1.85,0.0,84.9,9.39,6.89,6.47,0.63,-0.0,0.34,7.96,2.28,6.55,4.29,0,0
2277,Pjaca,CRO,2022,GK,37,1985,188,76,Left,12.3,67,3,298,0.0,0.0,15.16,1.56,3.22,91.1,0.59,2.02,4.76,0.0,1.1,0.09,0.0,0.0,0.0,1.14,0,0
2278,Heitor Ribeiro,MAR,2022,LW,35,1987,182,78,Right,67.3,72,6,527,0.46,1.03,0.0,0.41,0.0,76.9,2.95,4.02,2.68,2.07,-0.2,1.05,13.57,5.46,17.58,4.11,0,0
2279,Roberto Monteiro,MAR,2022,GK,33,1989,191,89,Right,21.5,72,4,376,0.0,0.0,14.64,1.38,4.03,86.9,0.7,1.81,5.56,0.0,0.4,-0.35,0.0,0.0,0.0,1.34,0,0
2280,Gabriel Cardoso,MAR,2022,CB,22,2000,186,72,Left,9.7,75,2,217,0.3,0.11,0.0,0.72,0.0,86.6,9.64,4.18,17.14,0.28,0.5,0.57,4.05,1.43,2.3,3.2,1,0
2281,Thiago Araujo,MAR,2022,CB,33,1989,194,70,Right,57.4,90,4,301,0.18,0.15,0.0,2.14,0.0,86.6,7.58,3.86,30.47,0.63,-0.1,0.92,3.36,0.47,1.66,9.69,1,0
2282,Rodrigo Cardoso,MAR,2022,RW,25,1997,194,71,Left,77.1,75,2,194,0.86,1.01,0.0,0.59,0.0,79.4,2.41,3.58,1.87,0.95,-0.6,0.89,8.56,4.97,11.16,5.46,0,0
2283,Heitor Lima,MAR,2022,LB,22,2000,189,65,Right,18.5,80,3,318,0.36,0.35,0.0,1.88,0.0,85.3,9.37,10.82,14.62,0.78,-0.2,0.2,7.05,2.91,6.71,2.51,0,0
2284,Eduardo Melo,MAR,2022,RB,36,1986,178,76,Left,45.0,82,2,185,0.19,0.37,0.0,1.86,0.0,82.8,10.71,6.75,13.04,0.96,-0.1,0.81,5.42,2.42,5.94,6.17,1,0
2285,Rafael Carvalho,MAR,2022,RB,31,1991,186,71,Left,93.2,92,3,307,0.26,0.61,0.0,2.81,0.0,84.7,12.71,6.29,11.44,0.93,0.2,0.6,6.31,1.75,7.04,5.43,1,0
2286,Lucas Lima,MAR,2022,CM,22,2000,188,83,Right,42.5,68,2,252,0.33,0.72,0.0,0.44,0.0,85.6,5.11,2.66,4.98,1.0,-0.1,0.77,6.12,1.3,7.6,3.63,0,0
2287,Rafael Santos,MAR,2022,CAM,30,1992,174,74,Right,17.5,72,3,273,0.6,0.53,0.0,0.57,0.0,78.9,2.81,5.07,2.66,1.03,-0.3,0.65,8.6,2.9,5.41,4.2,0,0
2288,Rafael Santos,MAR,2022,ST,25,1997,185,87,Left,93.9,84,2,222,1.58,0.61,0.0,0.0,0.0,71.6,1.82,3.96,1.54,0.92,0.1,1.21,16.46,5.36,3.07,8.32,0,0
2289,Eduardo Barbosa,MAR,2022,CDM,34,1988,185,80,Right,43.6,84,4,355,0.26,0.32,0.0,1.11,0.0,86.2,9.61,10.78,7.1,0.7,0.1,0.36,2.32,1.19,3.98,6.31,1,0
2290,Arthur Barbosa,MAR,2022,CB,32,1990,190,67,Right,43.9,78,3,286,0.13,0.09,0.0,2.61,0.0,86.7,8.67,11.69,24.78,0.39,0.2,0.34,3.84,0.24,1.0,4.36,1,0
2291,Diego Dias,MAR,2022,CDM,33,1989,193,73,Left,14.3,80,3,240,0.2,0.31,0.0,0.7,0.0,86.1,12.58,6.97,7.2,0.51,0.2,0.9,3.56,0.89,5.05,8.34,1,0
2292,Matheus Martins,MAR,2022,RW,23,1999,193,66,Right,28.3,77,5,393,0.35,0.98,0.0,0.33,0.0,78.2,3.05,4.82,2.54,1.82,0.1,0.42,14.04,2.04,16.73,0.39,0,0
2293,Fernando Melo,MAR,2022,LW,37,1985,193,79,Both,26.9,80,4,366,0.26,0.76,0.0,0.4,0.0,80.8,4.1,3.85,1.63,1.72,0.2,0.95,9.03,3.13,19.1,3.42,0,0
2294,Thiago Rocha,MAR,2022,LB,33,1989,173,79,Right,28.2,81,2,172,0.15,0.26,0.0,1.94,0.0,81.8,12.51,9.27,5.63,0.61,-0.2,0.53,4.16,2.48,8.18,3.68,0,0
2295,Carlos Melo,MAR,2022,CM,27,1995,181,79,Right,31.6,60,4,410,0.31,0.39,0.0,0.47,0.0,85.8,11.63,11.99,5.19,0.64,0.6,0.3,3.89,3.72,5.07,9.45,0,0
2296,Joao Mendes,MAR,2022,GK,19,2003,196,89,Left,14.8,79,3,238,0.0,0.0,17.87,2.47,2.38,85.7,0.79,3.2,2.89,0.0,0.4,0.41,0.0,0.0,0.0,1.22,0,0
2297,Bruno Pereira,MAR,2022,CB,23,1999,194,80,Right,26.1,75,3,285,0.07,0.15,0.0,1.47,0.0,90.2,8.96,9.25,16.78,0.43,0.1,0.18,3.03,1.02,1.83,6.17,0,0
2298,Ricardo Almeida,MAR,2022,GK,22,2000,195,89,Left,7.4,71,4,344,0.0,0.0,19.23,1.04,2.27,83.4,0.61,3.56,5.7,0.0,0.3,0.22,0.0,0.0,0.0,0.93,0,0
2299,Ricardo Araujo,MAR,2022,ST,30,1992,173,89,Both,120.3,93,5,439,1.57,0.35,0.0,0.0,0.0,77.4,2.89,3.68,0.83,1.26,0.3,1.95,12.51,3.11,7.7,8.52,0,0
2300,Leonardo Rodrigues,MAR,2022,CM,20,2002,174,83,Left,14.7,77,4,411,0.44,0.56,0.0,0.68,0.0,93.3,8.93,5.63,4.14,0.87,-0.1,0.94,3.97,1.79,7.0,6.25,1,0
2301,Van Dijk,NED,2022,CM,21,2001,172,75,Right,33.8,73,3,347,0.47,0.65,0.0,1.07,0.0,89.1,9.82,9.08,5.66,0.77,0.9,0.55,9.28,2.17,6.27,5.95,0,0
2302,De Jong,NED,2022,ST,32,1990,175,76,Left,65.7,77,3,327,1.46,0.45,0.0,0.0,0.0,77.8,1.51,3.76,1.66,1.13,-0.2,1.04,17.42,3.91,4.38,7.75,0,0
2303,Depay,NED,2022,CB,34,1988,173,73,Both,34.2,75,3,301,0.14,0.11,0.0,1.33,0.0,85.5,6.96,12.5,19.57,0.43,-0.2,0.06,1.62,1.5,1.71,6.65,0,0
2304,De Ligt,NED,2022,RW,27,1995,176,67,Left,54.9,84,5,440,0.72,0.79,0.0,0.32,0.0,72.9,2.81,4.46,2.59,1.68,-0.0,1.17,11.99,4.37,13.65,3.82,0,0
2305,Wijnaldum,NED,2022,RW,35,1987,189,78,Left,103.5,83,4,350,0.92,1.1,0.0,0.42,0.0,81.3,1.9,6.17,2.66,1.01,0.1,1.06,10.23,3.41,14.92,4.49,0,0
2306,Blind,NED,2022,LW,35,1987,175,65,Right,58.7,73,3,271,0.62,0.53,0.0,0.57,0.0,84.4,3.58,3.48,1.29,1.36,0.1,0.85,11.49,2.68,13.44,2.74,0,0
2307,Dumfries,NED,2022,LW,25,1997,180,80,Right,72.1,85,3,249,0.84,1.24,0.0,0.54,0.0,76.3,4.06,3.92,1.55,1.86,0.2,0.4,12.23,5.07,10.87,6.71,0,0
2308,Berghuis,NED,2022,CM,22,2000,177,81,Right,31.4,76,5,451,0.53,0.73,0.0,0.65,0.0,89.9,8.89,4.1,3.51,1.03,0.2,0.41,4.79,2.32,7.74,5.57,0,0
2309,Gakpo,NED,2022,CDM,30,1992,188,71,Right,9.7,66,2,237,0.17,0.32,0.0,0.98,0.0,84.5,19.93,12.37,6.06,0.52,0.3,-0.31,4.46,1.14,2.01,7.61,0,0
2310,Koopmeiners,NED,2022,GK,35,1987,195,91,Left,42.5,76,1,109,0.0,0.0,14.79,2.18,3.66,83.6,0.87,1.21,6.84,0.0,0.6,0.11,0.0,0.0,0.0,1.41,0,0
2311,Timber,NED,2022,CB,29,1993,178,65,Right,43.8,74,7,560,0.1,0.1,0.0,1.33,0.0,92.3,9.22,5.81,15.27,0.5,0.3,0.35,3.17,0.87,2.61,2.02,0,0
2312,Frimpong,NED,2022,GK,21,2001,198,89,Left,36.1,86,3,257,0.0,0.0,6.87,2.74,2.46,89.7,0.89,1.75,6.13,0.0,0.0,-0.14,0.0,0.0,0.0,1.06,0,0
2313,Simons,NED,2022,CB,31,1991,182,89,Left,39.6,75,2,226,0.25,0.13,0.0,1.69,0.0,85.4,10.32,9.42,20.86,0.4,-0.1,0.07,4.17,1.03,2.91,4.83,0,0
2314,Veerman,NED,2022,GK,35,1987,185,85,Right,32.5,78,4,357,0.0,0.0,15.66,1.95,2.95,88.5,0.95,3.03,3.69,0.0,0.8,0.36,0.0,0.0,0.0,1.49,0,0
2315,Reijnders,NED,2022,ST,31,1991,186,66,Left,90.1,80,4,356,1.2,0.46,0.0,0.0,0.0,68.9,2.07,3.01,1.14,0.96,-0.0,1.71,14.43,4.84,6.76,5.82,0,0
2316,Geertruida,NED,2022,RB,21,2001,183,80,Left,58.9,82,4,401,0.3,0.4,0.0,1.82,0.0,76.9,5.63,8.25,8.67,0.38,-0.0,-0.06,3.52,3.13,5.11,4.74,0,0
2317,Hartog,NED,2022,CDM,20,2002,176,75,Right,24.3,71,3,275,0.14,0.29,0.0,1.09,0.0,93.4,12.02,11.31,10.21,0.31,0.1,0.18,0.18,1.82,3.96,3.42,1,0
2318,Flekken,NED,2022,CB,24,1998,183,81,Left,20.8,82,3,301,0.28,0.11,0.0,2.43,0.0,83.0,10.17,12.74,20.94,0.61,-0.0,0.47,1.65,1.4,1.47,5.28,0,0
2319,Verbruggen,NED,2022,LB,35,1987,186,79,Left,19.0,82,5,465,0.4,0.17,0.0,1.95,0.0,80.4,9.86,6.76,12.08,0.73,0.1,0.46,6.12,2.7,3.76,5.58,0,0
2320,Baas,NED,2022,LB,31,1991,175,85,Right,31.5,82,4,351,0.57,0.58,0.0,2.29,0.0,88.2,9.1,10.22,8.28,0.99,0.6,0.1,5.52,2.08,4.99,5.19,0,0
2321,Hato,NED,2022,RB,25,1997,190,77,Right,62.1,88,3,276,0.3,0.49,0.0,1.97,0.0,82.8,12.58,12.64,9.42,1.07,0.3,0.57,5.24,1.69,5.93,3.66,0,0
2322,Klaassen,NED,2022,CAM,29,1993,189,79,Right,72.6,73,4,374,0.49,0.94,0.0,0.47,0.0,84.1,4.67,5.98,2.57,0.99,-0.3,0.95,11.23,2.47,8.42,5.62,0,0
2323,Malen,NED,2022,CM,37,1985,183,70,Right,22.4,76,2,246,0.41,0.48,0.0,0.87,0.0,87.5,10.94,7.73,3.08,0.85,-0.1,0.48,6.17,2.08,5.29,5.8,1,0
2324,Kane,ENG,2022,RW,20,2002,191,70,Left,16.0,70,4,419,0.53,0.24,0.0,0.11,0.0,76.7,2.98,3.12,1.83,2.27,-0.3,1.1,11.45,3.82,9.26,2.66,0,0
2325,Sterling,ENG,2022,RB,25,1997,185,87,Right,33.8,93,5,445,0.2,0.72,0.0,2.97,0.0,79.3,9.33,6.49,3.62,0.58,-0.4,0.51,3.74,1.82,5.85,5.38,0,0
2326,Pickford,ENG,2022,CDM,21,2001,174,75,Right,24.9,84,2,241,0.33,0.19,0.0,1.42,0.0,90.6,17.64,17.2,4.9,0.51,-0.1,-0.3,5.99,1.35,3.98,8.45,0,0
2327,Walker,ENG,2022,LW,26,1996,180,74,Left,46.1,84,4,384,0.84,1.04,0.0,0.54,0.0,76.4,2.59,3.44,1.65,1.66,0.1,0.9,8.98,5.16,8.85,4.81,0,0
2328,Stones,ENG,2022,CM,34,1988,187,89,Both,17.3,72,4,317,0.28,0.55,0.0,1.19,0.0,83.8,4.24,9.43,7.59,0.69,-0.4,1.36,4.83,2.71,6.47,6.5,0,0
2329,Maguire,ENG,2022,LB,31,1991,185,65,Left,48.7,95,3,313,0.33,0.43,0.0,2.66,0.0,79.6,5.85,8.77,5.83,0.91,-0.3,0.53,1.89,1.25,7.51,3.79,0,0
2330,Henderson,ENG,2022,LB,22,2000,191,77,Both,36.4,90,4,348,0.26,0.24,0.0,2.77,0.0,85.7,14.35,8.38,3.35,0.7,-0.1,0.44,4.54,2.95,3.99,6.6,0,0
2331,Rice,ENG,2022,CDM,26,1996,175,80,Right,19.0,70,1,161,0.23,0.42,0.0,0.89,0.0,92.0,12.57,13.02,11.39,0.4,-0.4,-0.19,5.37,1.22,2.25,10.12,0,0
2332,Foden,ENG,2022,CAM,31,1991,174,81,Right,52.3,80,2,204,0.79,0.88,0.0,0.36,0.0,88.7,2.69,4.09,1.23,0.83,-0.0,0.97,9.43,2.53,11.4,3.36,0,0
2333,Mount,ENG,2022,CM,23,1999,190,88,Left,29.8,76,5,474,0.38,0.44,0.0,0.61,0.0,84.2,10.85,8.45,7.58,0.81,0.4,1.17,6.21,2.71,6.45,8.44,0,0
2334,Grealish,ENG,2022,GK,27,1995,189,84,Left,23.7,73,3,292,0.0,0.0,10.38,2.16,2.75,88.8,1.04,2.56,5.95,0.0,0.6,-0.23,0.0,0.0,0.0,0.25,0,0
2335,Saka,ENG,2022,CM,24,1998,178,82,Right,31.7,68,3,259,0.45,0.57,0.0,0.92,0.0,86.3,7.8,9.39,3.52,0.78,0.1,0.58,7.13,1.23,0.98,5.04,0,0
2336,Rashford,ENG,2022,ST,21,2001,171,88,Right,111.9,85,4,389,1.29,0.52,0.0,0.0,0.0,71.6,2.75,3.78,0.95,0.82,-0.7,1.24,10.84,5.6,5.95,5.77,0,0
2337,Sancho,ENG,2022,RW,20,2002,180,69,Right,63.7,72,2,180,0.47,0.91,0.0,0.56,0.0,78.0,2.82,4.24,2.02,1.14,-0.4,1.03,14.14,5.0,9.82,6.26,0,0
2338,Trippier,ENG,2022,GK,20,2002,188,87,Left,37.2,83,1,102,0.0,0.0,10.32,2.04,3.1,82.9,0.85,1.87,4.09,0.0,0.7,0.35,0.0,0.0,0.0,1.27,0,0
2339,Shaw,ENG,2022,CB,21,2001,190,76,Left,19.9,84,4,395,0.27,0.13,0.0,1.19,0.0,85.4,10.5,13.19,30.3,0.39,0.6,0.55,4.02,1.09,3.34,7.34,1,0
2340,Chilwell,ENG,2022,CB,24,1998,181,75,Left,55.2,77,3,248,0.16,0.07,0.0,1.83,0.0,84.3,6.09,7.44,18.29,0.41,-0.6,0.27,5.59,0.47,2.04,2.93,0,0
2341,Coady,ENG,2022,ST,24,1998,171,86,Right,38.0,69,1,151,0.66,0.42,0.0,0.0,0.0,67.8,2.31,3.57,1.64,0.63,0.3,1.2,12.32,3.64,7.01,12.78,0,0
2342,Pope,ENG,2022,RB,24,1998,193,84,Right,49.6,83,1,115,0.32,0.58,0.0,1.95,0.0,84.6,2.76,7.47,10.96,0.58,-0.3,0.76,4.75,1.0,3.75,3.69,0,0
2343,Ramsdale,ENG,2022,CB,24,1998,187,87,Right,17.7,65,6,521,0.16,0.1,0.0,0.74,0.0,87.6,6.16,12.5,17.86,0.75,0.1,-0.15,2.37,1.07,1.66,6.46,0,0
2344,White,ENG,2022,CB,35,1987,175,84,Left,44.1,83,1,117,0.26,0.11,0.0,1.85,0.0,80.0,10.24,10.46,31.87,0.42,-0.2,0.08,3.55,1.19,2.71,4.19,1,0
2345,Guehi,ENG,2022,LW,37,1985,178,79,Right,61.8,76,4,376,0.88,0.51,0.0,0.46,0.0,77.8,0.31,4.78,2.98,0.83,-0.0,1.07,13.1,4.12,20.24,3.74,0,0
2346,Bellingham,ENG,2022,GK,20,2002,188,75,Right,16.9,70,4,367,0.0,0.0,9.53,2.38,3.25,86.9,0.75,2.11,4.83,0.0,0.5,-0.33,0.0,0.0,0.0,1.01,0,0
2347,Neymar,BRA,2022,GK,37,1985,194,78,Right,2.9,73,4,400,0.0,0.0,13.19,0.71,3.42,88.4,0.37,2.41,4.75,0.0,0.6,0.03,0.0,0.0,0.0,0.74,0,0
2348,Vinicius Jr,BRA,2022,CDM,34,1988,182,82,Right,38.2,71,7,576,0.27,0.39,0.0,1.14,0.0,89.8,11.07,16.54,8.07,0.71,-0.5,0.05,4.89,0.39,5.39,13.81,1,0
2349,Alisson,BRA,2022,GK,19,2003,192,91,Right,63.2,87,3,338,0.0,0.0,14.26,2.35,3.76,83.9,1.21,1.25,2.82,0.0,0.5,0.34,0.0,0.0,0.0,0.96,0,0
2350,Thiago Silva,BRA,2022,RB,33,1989,170,87,Left,66.0,87,0,52,0.32,0.62,0.0,2.34,0.0,76.3,10.74,5.67,13.77,0.58,-0.4,0.67,4.67,2.32,5.19,5.92,0,0
2351,Casemiro,BRA,2022,CAM,33,1989,180,74,Right,82.6,78,4,295,0.74,0.77,0.0,0.81,0.0,84.7,5.21,5.91,1.97,0.58,0.2,0.87,12.86,2.15,10.55,5.18,0,0
2352,Marquinhos,BRA,2022,CM,27,1995,187,72,Right,45.6,68,3,329,0.42,0.28,0.0,1.04,0.0,80.0,9.88,8.54,4.08,0.4,-0.0,0.49,4.82,2.42,7.72,7.28,0,0
2353,Richarlison,BRA,2022,ST,20,2002,178,88,Left,46.1,85,5,493,1.23,0.39,0.0,0.0,0.0,72.8,2.71,2.52,1.18,1.44,0.3,1.37,15.0,4.59,12.75,4.71,0,0
2354,Rodrygo,BRA,2022,CB,27,1995,172,78,Right,25.3,81,4,362,0.24,0.05,0.0,1.77,0.0,88.8,8.7,16.51,13.41,0.69,-0.3,0.39,3.71,0.59,1.44,5.57,0,0
2355,Lucas Paqueta,BRA,2022,CB,28,1994,181,80,Right,77.8,75,5,437,0.12,0.1,0.0,1.58,0.0,87.3,10.67,9.74,12.78,0.24,0.1,0.71,4.6,1.03,1.06,7.91,1,0
2356,Ederson,BRA,2022,RW,27,1995,170,78,Left,89.5,76,3,326,0.58,0.84,0.0,0.57,0.0,80.6,2.99,3.67,2.31,1.67,-0.3,1.09,9.51,4.37,9.96,5.09,0,0
2357,Danilo,BRA,2022,ST,27,1995,175,77,Left,101.7,84,3,287,1.76,0.33,0.0,0.0,0.0,67.8,2.24,4.48,0.9,1.17,0.1,1.11,5.16,4.67,7.4,10.98,0,0
2358,Alex Sandro,BRA,2022,LB,34,1988,182,79,Left,30.3,96,3,319,0.28,0.78,0.0,2.51,0.0,85.3,10.75,8.55,9.84,0.9,0.3,0.43,1.99,1.25,8.31,5.13,0,0
2359,Fabinho,BRA,2022,CM,36,1986,194,66,Left,14.4,69,4,344,0.55,0.46,0.0,0.87,0.0,88.9,8.79,4.93,3.9,0.86,0.5,0.6,9.01,2.87,8.19,10.37,0,0
2360,Fred,BRA,2022,LW,30,1992,192,65,Right,64.1,77,4,394,0.49,0.79,0.0,0.27,0.0,82.1,2.05,5.77,1.67,1.56,-0.3,0.97,15.57,7.91,10.4,4.0,0,0
2361,Militao,BRA,2022,CB,33,1989,174,85,Right,64.6,77,4,319,0.18,0.11,0.0,2.11,0.0,90.7,8.41,11.14,32.59,0.54,0.2,0.58,2.87,0.9,1.1,7.37,0,0
2362,Bremer,BRA,2022,GK,36,1986,192,79,Right,30.9,82,6,576,0.0,0.0,16.1,2.67,3.19,83.2,0.77,1.47,5.8,0.0,0.2,-0.44,0.0,0.0,0.0,0.55,0,0
2363,Gabriel Jesus,BRA,2022,CB,19,2003,186,68,Right,41.0,83,2,235,0.07,0.11,0.0,1.42,0.0,89.9,11.19,11.47,24.55,0.7,0.1,0.54,4.07,0.59,2.58,8.11,0,0
2364,Gabriel Martinelli,BRA,2022,CDM,23,1999,175,74,Right,39.9,67,5,380,0.17,0.4,0.0,0.94,0.0,91.9,12.61,17.13,9.33,0.76,-0.2,0.01,3.35,1.18,5.95,5.24,0,0
2365,Bruno Guimaraes,BRA,2022,LB,24,1998,188,80,Both,39.5,80,2,173,0.47,0.43,0.0,1.38,0.0,82.2,6.95,7.89,3.81,0.92,-0.2,0.57,4.43,1.77,8.91,6.31,0,0
2366,Eder Militao,BRA,2022,RW,33,1989,173,85,Left,50.6,83,4,341,1.07,0.46,0.0,0.67,0.0,75.6,4.44,3.84,0.54,0.92,0.4,1.03,12.39,2.19,12.64,6.16,0,0
2367,Weverton,BRA,2022,LW,25,1997,187,88,Right,55.6,81,4,306,0.98,0.61,0.0,0.38,0.0,78.8,2.81,3.97,1.39,1.27,0.4,1.17,12.29,3.35,11.49,5.75,0,0
2368,Alex Telles,BRA,2022,RB,20,2002,173,73,Right,39.6,98,2,160,0.39,0.46,0.0,2.45,0.0,83.6,6.86,9.08,10.06,1.0,-0.0,1.13,5.62,1.57,4.91,6.88,1,0
2369,Renan Lodi,BRA,2022,CM,19,2003,171,73,Right,12.9,69,4,323,0.34,0.17,0.0,1.49,0.0,87.4,8.28,12.57,4.62,0.66,0.3,0.49,5.21,2.16,5.57,7.08,1,0
2370,Ronaldo,POR,2022,LB,23,1999,193,73,Right,21.9,72,3,311,0.42,0.41,0.0,1.38,0.0,84.4,13.03,7.29,9.42,0.52,0.3,0.24,7.7,2.64,6.68,6.75,0,0
2371,Pepe,POR,2022,RW,31,1991,171,73,Right,36.1,87,4,353,0.84,1.07,0.0,0.23,0.0,81.0,3.49,4.67,1.66,1.24,-0.2,1.23,11.16,5.13,17.45,4.94,0,0
2372,Silva,POR,2022,CB,36,1986,189,77,Left,22.9,89,4,357,0.2,0.14,0.0,2.21,0.0,89.0,8.44,11.17,23.22,0.59,0.5,0.6,3.86,0.98,1.21,3.18,1,0
2373,Cancelo,POR,2022,CB,25,1997,170,69,Both,22.4,68,4,338,0.27,0.12,0.0,1.64,0.0,90.1,7.08,9.36,18.99,0.47,0.1,-0.26,4.79,1.23,2.65,2.77,0,0
2374,Dias,POR,2022,GK,36,1986,188,86,Right,12.8,81,2,241,0.0,0.0,12.99,3.05,2.17,86.1,1.06,2.09,7.09,0.0,0.1,0.08,0.0,0.0,0.0,1.09,0,0
2375,Fernandes,POR,2022,GK,23,1999,196,89,Left,15.3,77,4,426,0.0,0.0,11.3,1.82,1.51,86.2,0.57,1.61,3.92,0.0,-0.2,-0.32,0.0,0.0,0.0,1.05,0,0
2376,Jota,POR,2022,RW,23,1999,187,79,Left,37.1,72,5,441,0.32,0.59,0.0,0.49,0.0,77.1,2.48,5.77,0.76,2.21,-0.2,0.59,12.12,5.72,10.02,5.97,0,0
2377,Felix,POR,2022,CAM,26,1996,182,89,Both,88.0,78,3,283,0.49,0.68,0.0,0.47,0.0,78.7,2.28,2.38,3.0,1.47,0.4,1.06,9.01,3.46,12.57,3.73,0,0
2378,Leao,POR,2022,CDM,33,1989,194,70,Both,40.4,74,5,462,0.2,0.28,0.0,1.37,0.0,85.6,16.89,14.98,6.12,0.57,0.0,-0.13,5.72,0.92,3.41,7.68,1,0
2379,Neves,POR,2022,ST,31,1991,177,86,Both,115.4,78,4,390,1.07,0.43,0.0,0.0,0.0,74.8,1.4,2.67,0.79,1.27,0.3,1.1,7.82,2.96,5.8,8.26,0,0
2380,Palhinha,POR,2022,LW,29,1993,189,78,Left,62.4,80,4,314,0.52,1.01,0.0,0.42,0.0,74.2,2.46,2.56,2.05,1.26,-0.1,1.26,11.95,1.37,8.79,5.63,0,0
2381,Carvalho,POR,2022,LW,20,2002,191,85,Left,16.9,64,4,353,0.54,0.18,0.0,0.54,0.0,79.2,2.62,6.13,3.12,1.91,-0.1,1.0,5.76,4.36,14.14,5.57,0,0
2382,Inacio,POR,2022,GK,32,1990,196,84,Right,36.1,68,4,405,0.0,0.0,15.62,2.19,3.08,85.8,1.05,2.75,4.82,0.0,0.5,0.04,0.0,0.0,0.0,1.28,0,0
2383,Ramos,POR,2022,CB,31,1991,183,69,Right,69.3,89,4,404,0.29,0.05,0.0,3.06,0.0,83.6,5.08,11.17,26.25,0.29,0.2,0.61,1.43,0.79,1.1,5.85,1,0
2384,Silva,POR,2022,CB,36,1986,192,67,Left,17.3,92,4,320,0.13,0.12,0.0,2.96,0.0,88.8,12.79,9.68,41.4,0.59,-0.4,-0.13,1.31,0.75,2.09,4.71,0,0
2385,Conceicao,POR,2022,CM,35,1987,190,84,Right,21.0,73,2,252,0.35,0.72,0.0,0.4,0.0,90.5,1.56,6.72,4.64,1.16,0.7,-0.07,8.35,1.78,6.97,4.72,0,0
2386,Costa,POR,2022,RB,37,1985,178,80,Both,41.3,95,5,441,0.43,0.54,0.0,2.67,0.0,80.6,6.98,6.83,7.8,1.02,-0.2,0.41,5.15,1.99,4.76,4.13,0,0
2387,Sa,POR,2022,ST,25,1997,170,86,Right,69.1,80,5,437,1.05,0.42,0.0,0.0,0.0,72.7,0.1,2.27,1.01,1.17,0.1,1.11,11.5,6.11,9.13,9.19,0,0
2388,Mendes,POR,2022,LB,19,2003,176,72,Right,15.9,83,3,253,0.3,0.51,0.0,1.86,0.0,78.4,10.51,5.78,8.62,0.88,-0.6,0.32,2.97,3.12,8.89,7.22,0,0
2389,Guerreiro,POR,2022,CM,28,1994,172,84,Both,28.8,68,3,317,0.25,0.54,0.0,0.68,0.0,86.0,4.49,10.41,3.8,0.68,-0.3,0.31,4.15,1.15,6.7,6.48,0,0
2390,Dalot,POR,2022,CDM,28,1994,178,70,Right,40.8,85,5,394,0.2,0.41,0.0,1.54,0.0,85.6,15.16,12.98,9.61,0.57,-0.2,0.54,3.69,1.0,1.58,4.9,1,0
2391,Neto,POR,2022,CM,34,1988,189,84,Right,46.8,73,4,351,0.44,1.08,0.0,1.46,0.0,84.7,8.46,7.2,0.0,0.72,0.2,0.39,5.82,2.09,10.43,6.21,0,0
2392,Ramos,POR,2022,RB,33,1989,172,65,Right,29.4,76,4,322,0.29,0.35,0.0,1.07,0.0,82.9,8.84,9.55,12.86,0.85,0.6,0.58,4.76,1.21,5.52,5.35,0,0
2393,Nakata,JPN,2022,ST,19,2003,181,71,Right,64.6,65,5,398,0.52,0.24,0.0,0.0,0.0,69.5,1.99,2.69,1.21,0.94,0.2,0.8,8.37,4.96,8.79,4.12,0,0
2394,Honda,JPN,2022,CDM,27,1995,182,65,Right,22.6,85,5,442,0.07,0.3,0.0,1.38,0.0,87.5,12.22,14.3,7.24,0.47,-0.1,0.96,6.54,1.3,2.83,7.66,1,0
2395,Kagawa,JPN,2022,CB,21,2001,192,72,Left,50.7,82,3,269,0.24,0.09,0.0,1.47,0.0,87.4,6.52,11.0,28.26,0.37,-0.4,0.3,3.19,1.46,1.91,4.44,0,0
2396,Nagatomo,JPN,2022,LB,27,1995,191,85,Left,49.7,90,4,361,0.31,0.21,0.0,2.55,0.0,83.5,9.88,10.93,8.98,0.84,-0.0,0.26,2.71,1.13,4.08,4.33,0,0
2397,Yoshida,JPN,2022,CM,22,2000,192,72,Left,30.7,71,3,301,0.41,0.57,0.0,0.64,0.0,87.0,10.9,4.49,3.95,1.06,-0.1,0.55,6.28,2.8,11.97,6.38,0,0
2398,Endo,JPN,2022,GK,28,1994,195,80,Both,17.0,73,1,121,0.0,0.0,11.0,1.59,3.46,86.6,0.99,4.48,3.5,0.0,0.6,0.02,0.0,0.0,0.0,0.67,0,0
2399,Minamino,JPN,2022,RB,27,1995,187,89,Right,50.1,91,4,320,0.24,0.6,0.0,1.81,0.0,87.2,3.11,10.57,7.44,0.99,0.3,0.08,1.73,3.44,7.54,3.89,1,0
2400,Kubo,JPN,2022,CB,27,1995,177,70,Right,57.7,84,4,335,0.23,0.12,0.0,1.6,0.0,90.7,10.55,2.25,19.37,0.68,0.2,1.04,5.14,1.15,2.45,2.56,0,0
2401,Tomiyasu,JPN,2022,CM,30,1992,185,85,Right,39.0,73,4,356,0.34,0.7,0.0,0.79,0.0,93.5,4.93,10.36,7.2,0.74,-0.2,0.3,6.83,3.1,3.24,5.13,0,0
2402,Doan,JPN,2022,LB,19,2003,194,75,Left,33.9,76,2,199,0.18,0.49,0.0,1.36,0.0,84.5,13.09,10.42,13.08,0.43,0.1,0.32,5.55,1.74,6.71,4.98,0,0
2403,Ito,JPN,2022,GK,29,1993,191,92,Left,41.4,80,2,183,0.0,0.0,10.43,2.1,2.14,82.7,0.87,2.37,5.93,0.0,0.5,0.02,0.0,0.0,0.0,1.47,0,0
2404,Maeda,JPN,2022,RB,29,1993,176,70,Right,54.1,91,3,244,0.2,0.46,0.0,1.78,0.0,76.9,9.72,6.1,8.45,0.82,0.1,0.43,7.64,1.3,3.13,9.9,0,0
2405,Asano,JPN,2022,RW,30,1992,174,74,Left,70.4,89,3,283,0.55,0.93,0.0,0.13,0.0,80.4,3.24,5.59,1.54,1.1,-0.8,1.07,10.08,3.95,19.12,4.97,0,0
2406,Tanaka,JPN,2022,CAM,20,2002,175,79,Right,28.9,80,3,298,1.03,0.54,0.0,0.43,0.0,84.8,5.67,4.43,2.74,1.03,-0.0,0.98,3.21,3.0,12.87,4.88,0,0
2407,Soma,JPN,2022,RW,27,1995,182,71,Left,42.9,81,3,296,0.77,0.39,0.0,0.6,0.0,77.0,3.48,2.57,2.51,0.61,0.5,0.96,12.44,3.01,19.13,8.44,0,0
2408,Machino,JPN,2022,GK,37,1985,194,82,Left,18.7,78,1,94,0.0,0.0,13.64,1.95,2.76,85.2,1.14,2.4,3.93,0.0,0.6,0.28,0.0,0.0,0.0,0.98,0,0
2409,Ueda,JPN,2022,ST,34,1988,190,80,Right,34.4,80,2,219,1.09,0.08,0.0,0.0,0.0,76.2,1.58,2.49,0.75,1.37,-0.2,2.05,6.04,8.53,5.41,9.31,0,0
2410,Kamada,JPN,2022,CB,29,1993,192,74,Left,66.2,81,4,391,0.12,0.04,0.0,2.22,0.0,90.1,6.69,7.38,25.77,0.16,-0.1,0.34,4.28,1.02,1.21,5.44,1,0
2411,Hatate,JPN,2022,LW,37,1985,178,74,Left,69.6,82,4,306,0.59,0.81,0.0,0.56,0.0,78.3,3.04,2.64,2.39,2.1,0.3,1.24,1.13,5.5,10.47,3.58,0,0
2412,Suzuki,JPN,2022,CDM,19,2003,185,83,Left,46.7,75,3,311,0.26,0.25,0.0,1.18,0.0,88.4,17.86,10.42,5.71,0.49,-0.1,0.11,2.11,0.78,1.81,7.98,1,0
2413,Morita,JPN,2022,LW,36,1986,172,70,Right,70.3,71,3,257,0.72,0.72,0.0,0.23,0.0,79.2,2.24,3.97,2.0,1.66,-0.6,1.07,13.71,4.81,19.24,5.53,0,0
2414,Mitoma,JPN,2022,CM,35,1987,186,85,Left,32.1,68,5,425,0.31,0.53,0.0,0.81,0.0,84.4,4.73,6.12,3.96,1.1,0.1,0.82,8.95,1.85,7.85,6.81,1,0
2415,Suzuki,JPN,2022,CB,30,1992,182,87,Right,36.4,87,1,132,0.16,0.14,0.0,2.51,0.0,84.6,7.25,10.99,22.91,0.42,-0.4,0.45,3.19,0.73,0.08,7.2,0,0
2416,Eduardo Mendes,SEN,2022,LB,24,1998,191,70,Right,40.3,98,5,432,0.31,0.74,0.0,1.89,0.0,79.8,14.07,5.97,11.24,0.96,-0.1,0.65,5.71,1.1,6.64,3.86,1,0
2417,Gabriel Rodrigues,SEN,2022,LW,30,1992,179,80,Right,55.8,90,2,205,0.68,1.24,0.0,0.51,0.0,74.5,4.09,5.09,1.72,1.25,0.1,0.87,11.82,4.41,16.23,5.73,0,0
2418,Carlos Ferreira,SEN,2022,CB,21,2001,180,84,Right,75.1,73,5,389,0.19,0.13,0.0,2.41,0.0,86.2,8.29,10.21,14.24,0.29,0.1,-0.04,3.58,1.59,2.32,5.08,0,0
2419,Arthur Ribeiro,SEN,2022,GK,24,1998,197,88,Right,44.4,80,3,291,0.0,0.0,8.71,2.61,1.92,80.3,0.7,1.89,2.74,0.0,0.6,-0.03,0.0,0.0,0.0,1.16,0,0
2420,Eduardo Pereira,SEN,2022,RB,34,1988,193,82,Right,45.5,96,2,231,0.29,0.55,0.0,2.09,0.0,80.6,11.75,6.91,10.27,0.94,-0.5,0.81,2.02,2.61,3.88,6.2,0,0
2421,Andre Rocha,SEN,2022,CM,19,2003,192,69,Right,31.4,67,4,339,0.53,0.76,0.0,0.6,0.0,79.5,7.56,8.73,6.52,0.72,-0.3,-0.17,6.37,1.21,7.02,8.67,0,0
2422,Carlos Barbosa,SEN,2022,ST,30,1992,175,72,Right,109.1,87,6,482,1.09,0.46,0.0,0.0,0.0,75.1,2.32,4.52,1.0,0.86,-0.2,1.32,10.62,5.88,9.81,7.31,0,0
2423,Gabriel Rodrigues,SEN,2022,LW,20,2002,192,72,Right,72.5,72,2,212,0.56,0.92,0.0,0.53,0.0,81.5,1.7,5.62,2.94,2.2,-0.3,0.8,11.68,1.05,7.83,1.42,0,0
2424,Vinicius Rodrigues,SEN,2022,RB,22,2000,173,89,Right,34.2,99,2,178,0.27,0.82,0.0,2.57,0.0,87.2,12.77,5.45,12.9,1.17,-0.3,0.65,3.25,1.85,5.91,4.16,0,0
2425,Roberto Souza,SEN,2022,CDM,25,1997,188,73,Right,29.8,63,3,301,0.1,0.3,0.0,0.63,0.0,90.3,12.66,13.05,7.14,0.34,-0.1,0.27,4.91,1.23,5.52,9.53,0,0
2426,Paulo Souza,SEN,2022,CB,21,2001,185,89,Right,25.1,79,4,366,0.29,0.07,0.0,2.08,0.0,83.3,10.05,8.99,37.5,0.83,0.1,0.21,4.06,0.95,1.22,6.61,0,0
2427,Thiago Melo,SEN,2022,CDM,31,1991,175,73,Right,48.4,68,2,251,0.25,0.22,0.0,0.96,0.0,92.0,13.21,10.96,9.92,0.55,0.1,0.21,4.06,0.86,2.96,10.23,1,0
2428,Roberto Costa,SEN,2022,CB,20,2002,173,67,Left,17.5,79,4,356,0.31,0.15,0.0,2.53,0.0,88.3,7.59,10.87,19.89,0.41,-0.5,-0.06,3.87,0.88,1.37,5.93,1,0
2429,Paulo Cavalcanti,SEN,2022,CB,21,2001,184,85,Left,62.1,90,2,224,0.24,0.06,0.0,2.54,0.0,86.8,11.81,8.05,36.52,0.65,-0.1,0.18,5.63,0.48,2.12,4.97,1,0
2430,Alexandre Lima,SEN,2022,CM,31,1991,185,69,Left,27.5,67,4,389,0.42,0.72,0.0,0.96,0.0,92.2,8.84,9.28,5.72,0.5,0.1,0.48,8.48,2.62,7.18,3.6,0,0
2431,Eduardo Costa,SEN,2022,RW,36,1986,179,76,Right,37.2,81,2,191,0.53,0.98,0.0,0.52,0.0,81.8,2.47,2.93,2.69,1.92,-0.2,1.0,5.48,4.6,11.27,4.5,0,0
2432,Roberto Cavalcanti,SEN,2022,GK,34,1988,189,76,Left,13.2,74,3,270,0.0,0.0,8.74,1.36,2.32,88.6,1.49,1.33,5.66,0.0,0.3,0.05,0.0,0.0,0.0,0.94,0,0
2433,Roberto Pereira,SEN,2022,LB,30,1992,176,73,Right,18.7,72,4,343,0.29,0.48,0.0,1.1,0.0,84.1,12.25,7.81,12.51,0.82,-0.4,-0.02,5.16,2.38,6.47,2.83,0,0
2434,Rodrigo Melo,SEN,2022,CAM,27,1995,174,88,Left,75.4,70,3,281,1.03,0.88,0.0,0.38,0.0,81.0,3.57,3.71,2.22,1.33,0.2,0.78,4.42,3.56,11.67,5.37,0,0
2435,Vinicius Monteiro,SEN,2022,GK,34,1988,190,91,Right,7.7,63,4,349,0.0,0.0,13.06,0.94,3.44,80.5,1.04,2.35,3.26,0.0,-0.0,-0.13,0.0,0.0,0.0,1.11,0,0
2436,Pedro Monteiro,SEN,2022,ST,29,1993,193,83,Right,131.7,87,4,305,1.18,0.5,0.0,0.0,0.0,73.5,3.36,4.88,1.71,1.04,-0.1,1.18,13.31,6.78,12.02,5.76,0,0
2437,Thiago Barbosa,SEN,2022,RW,25,1997,193,71,Both,98.6,85,2,170,0.78,0.84,0.0,0.37,0.0,73.8,3.09,1.22,3.36,2.39,0.3,1.23,8.27,4.53,9.34,4.61,0,0
2438,Andre Cavalcanti,SEN,2022,CM,35,1987,194,74,Left,23.5,75,3,315,0.33,0.63,0.0,1.16,0.0,84.2,14.69,2.48,5.24,0.52,0.0,1.18,6.15,2.26,7.01,6.27,1,0
2439,Pulisic,USA,2022,CM,33,1989,184,71,Left,19.1,69,5,466,0.47,0.92,0.0,1.19,0.0,87.8,4.96,6.03,5.89,0.46,0.3,0.29,6.46,1.43,7.21,6.79,0,0
2440,McKennie,USA,2022,RW,31,1991,173,74,Right,69.0,69,3,275,0.5,1.04,0.0,0.22,0.0,79.4,3.2,6.09,2.55,1.54,0.3,0.77,13.45,4.35,13.13,6.29,0,0
2441,Adams,USA,2022,LB,20,2002,190,65,Right,40.8,75,1,147,0.44,0.76,0.0,0.99,0.0,86.9,10.27,9.38,9.22,0.54,0.3,0.12,3.31,2.51,6.98,5.31,0,0
2442,Dest,USA,2022,CB,22,2000,187,72,Right,36.1,76,5,445,0.21,0.08,0.0,1.79,0.0,86.6,7.08,4.05,33.1,0.64,0.1,0.25,5.78,1.3,2.2,5.71,1,0
2443,Ream,USA,2022,CB,22,2000,191,83,Right,79.2,90,5,398,0.25,0.11,0.0,3.59,0.0,95.7,4.41,17.67,21.99,0.85,-0.2,0.58,4.77,1.18,2.59,10.1,1,0
2444,Turner,USA,2022,CAM,19,2003,194,75,Right,73.4,77,5,391,0.54,0.55,0.0,0.26,0.0,85.7,3.33,3.67,3.0,1.16,0.2,0.89,9.18,3.0,9.9,4.21,0,0
2445,Musah,USA,2022,CB,35,1987,189,72,Right,37.1,78,3,325,0.19,0.1,0.0,2.69,0.0,86.9,5.03,6.98,28.01,0.58,0.8,0.08,2.96,1.17,1.72,6.51,1,0
2446,Weah,USA,2022,LW,23,1999,170,83,Left,13.3,64,4,434,0.58,0.56,0.0,0.08,0.0,77.6,3.3,2.21,2.02,1.84,0.1,0.38,8.83,3.57,7.07,6.0,0,0
2447,Aaronson,USA,2022,GK,34,1988,187,87,Left,32.4,90,4,344,0.0,0.0,15.18,2.94,2.07,86.1,0.76,1.75,4.15,0.0,0.8,-0.17,0.0,0.0,0.0,0.86,0,0
2448,Reyna,USA,2022,CB,34,1988,185,72,Right,21.7,76,4,313,0.21,0.12,0.0,1.54,0.0,87.8,9.31,9.49,19.04,0.2,-0.1,0.47,5.56,1.14,3.4,8.43,0,0
2449,Sargent,USA,2022,ST,36,1986,188,67,Left,96.8,83,4,402,0.84,0.38,0.0,0.0,0.0,68.3,2.12,4.29,0.61,1.22,-0.4,1.87,15.21,6.77,9.23,8.86,0,0
2450,Wright,USA,2022,CDM,37,1985,192,87,Right,39.6,66,5,452,0.18,0.3,0.0,1.11,0.0,92.0,11.72,11.59,9.06,0.41,0.2,0.33,3.61,0.34,4.64,9.22,2,0
2451,Zimmerman,USA,2022,CDM,22,2000,186,70,Left,34.2,75,4,356,0.06,0.36,0.0,0.6,0.0,86.5,11.74,14.07,9.92,0.4,0.3,0.43,2.79,1.67,1.32,8.62,1,0
2452,Long,USA,2022,GK,29,1993,190,84,Left,26.8,70,3,271,0.0,0.0,11.01,2.15,4.0,80.9,0.58,1.31,5.15,0.0,0.7,-0.35,0.0,0.0,0.0,0.69,0,0
2453,Robinson,USA,2022,ST,36,1986,182,71,Left,24.7,88,1,167,0.68,0.43,0.0,0.0,0.0,71.5,2.26,1.63,1.17,1.0,-0.1,1.47,9.25,4.27,5.38,9.51,0,0
2454,Scally,USA,2022,RW,27,1995,192,79,Left,57.7,77,6,527,0.69,0.53,0.0,0.53,0.0,80.7,3.72,4.36,2.47,1.39,-0.1,0.66,12.47,4.12,18.33,4.72,0,0
2455,Yedlin,USA,2022,CM,21,2001,179,73,Left,24.8,66,5,448,0.38,0.73,0.0,0.64,0.0,87.5,9.63,9.64,3.47,0.6,-0.3,0.19,3.31,2.21,5.57,3.36,0,0
2456,Morris,USA,2022,GK,31,1991,183,81,Left,34.0,73,3,244,0.0,0.0,12.83,2.45,3.39,88.0,0.71,2.84,8.32,0.0,0.6,-0.11,0.0,0.0,0.0,1.09,0,0
2457,Hoppe,USA,2022,RB,22,2000,189,80,Right,63.1,68,4,413,0.32,0.47,0.0,1.78,0.0,83.9,5.46,7.08,8.47,0.35,-0.3,0.36,2.6,1.9,2.84,2.21,0,0
2458,Pefok,USA,2022,RB,31,1991,171,75,Left,64.1,74,5,434,0.18,0.33,0.0,2.04,0.0,78.0,11.33,11.52,13.12,0.32,-0.3,0.53,7.36,1.95,0.91,2.2,0,0
2459,Vazquez,USA,2022,LB,24,1998,191,80,Right,53.1,87,3,332,0.34,0.52,0.0,2.64,0.0,82.6,10.53,5.68,8.85,0.7,-0.1,0.68,6.06,2.02,2.59,5.14,0,0
2460,Ferreira,USA,2022,CM,19,2003,183,89,Right,17.3,83,2,168,0.23,0.66,0.0,1.16,0.0,83.6,9.9,3.53,3.56,1.03,0.3,0.35,1.74,1.89,8.14,7.79,0,0
2461,Cowell,USA,2022,LW,33,1989,177,66,Left,86.0,78,3,325,0.58,1.07,0.0,0.35,0.0,79.1,2.33,3.81,1.52,2.63,0.1,0.81,11.29,2.93,22.65,7.06,0,0
2462,Thiago Ferreira,POL,2022,CB,20,2002,184,69,Right,57.4,76,3,273,0.24,0.1,0.0,2.12,0.0,84.8,6.85,11.83,37.31,0.45,0.4,0.07,5.26,0.93,1.97,4.23,0,0
2463,Eduardo Oliveira,POL,2022,CM,28,1994,193,68,Right,8.2,66,5,388,0.27,0.56,0.0,0.82,0.0,89.1,4.05,6.03,6.36,1.21,-0.2,0.16,8.13,2.79,6.09,4.89,0,0
2464,Ricardo Cardoso,POL,2022,LB,32,1990,194,78,Left,67.1,74,4,433,0.19,0.86,0.0,2.11,0.0,84.3,8.93,9.83,7.79,0.7,-0.6,-0.07,4.08,2.13,7.13,2.87,0,0
2465,Vinicius Lima,POL,2022,CDM,19,2003,192,73,Right,28.6,86,5,404,0.27,0.3,0.0,1.15,0.0,90.1,8.23,10.98,10.28,0.45,0.0,0.5,4.44,1.55,2.17,9.4,1,0
2466,Gabriel Ferreira,POL,2022,ST,31,1991,178,69,Right,48.6,80,4,373,1.3,0.39,0.0,0.0,0.0,71.2,0.95,2.59,0.73,1.51,-0.1,1.67,13.93,8.92,5.6,6.94,0,0
2467,Pedro Monteiro,POL,2022,CAM,24,1998,172,86,Right,72.5,94,2,192,0.9,1.16,0.0,0.62,0.0,82.3,1.46,2.77,0.75,1.45,-0.1,0.98,10.96,2.57,14.91,3.48,0,0
2468,Pedro Gomes,POL,2022,GK,21,2001,187,76,Right,40.0,72,4,370,0.0,0.0,14.46,2.11,4.49,86.1,1.17,2.02,4.37,0.0,0.4,-0.01,0.0,0.0,0.0,1.3,0,0
2469,Ricardo Rocha,POL,2022,RW,30,1992,171,86,Left,86.0,78,4,340,0.82,0.52,0.0,0.59,0.0,78.2,2.89,4.19,2.25,1.57,0.2,0.82,15.66,4.24,15.36,5.08,0,0
2470,Pedro Araujo,POL,2022,CB,29,1993,193,72,Right,35.4,68,4,372,0.24,0.05,0.0,1.29,0.0,88.9,8.75,9.87,23.51,0.43,0.3,0.29,3.71,0.76,2.95,7.35,1,0
2471,Arthur Dias,POL,2022,LW,19,2003,178,75,Right,41.3,81,3,294,0.47,0.7,0.0,0.27,0.0,78.6,1.96,6.09,1.79,1.46,-0.1,1.2,7.18,0.76,11.63,7.09,0,0
2472,Roberto Araujo,POL,2022,GK,31,1991,189,81,Right,50.3,84,2,197,0.0,0.0,14.3,2.0,3.02,85.5,0.81,1.3,5.93,0.0,0.6,0.13,0.0,0.0,0.0,1.01,0,0
2473,Carlos Santos,POL,2022,CB,23,1999,170,85,Right,64.4,74,2,203,0.27,0.14,0.0,2.57,0.0,93.4,8.52,7.04,30.75,0.71,0.3,0.42,3.31,1.17,1.19,5.12,0,0
2474,Diego Araujo,POL,2022,ST,28,1994,180,85,Left,59.5,85,4,420,1.09,0.47,0.0,0.0,0.0,73.7,1.28,2.22,0.67,1.58,-0.9,1.59,9.53,4.41,9.56,7.19,0,0
2475,Bruno Costa,POL,2022,CDM,33,1989,178,75,Right,60.6,79,5,430,0.23,0.47,0.0,0.92,0.0,88.9,7.17,6.01,8.72,0.89,0.7,0.42,4.35,0.71,4.46,5.62,0,0
2476,Diego Cavalcanti,POL,2022,RW,24,1998,179,79,Right,88.6,82,3,254,0.7,0.99,0.0,0.73,0.0,75.9,2.27,2.56,3.08,2.68,-0.1,1.3,3.46,2.68,16.39,5.43,0,0
2477,Gustavo Gomes,POL,2022,GK,23,1999,190,80,Both,17.7,68,2,192,0.0,0.0,22.69,1.32,1.96,83.1,1.11,1.36,4.67,0.0,1.3,-0.38,0.0,0.0,0.0,0.89,0,0
2478,Lucas Gomes,POL,2022,LW,21,2001,171,87,Right,78.1,77,5,490,0.43,0.59,0.0,0.35,0.0,78.9,1.21,4.14,2.34,1.93,0.1,1.05,9.34,2.78,18.15,7.45,0,0
2479,Carlos Monteiro,POL,2022,CM,28,1994,189,75,Left,56.2,72,2,179,0.48,0.77,0.0,0.75,0.0,88.3,4.16,9.67,6.0,1.02,0.1,0.46,5.27,3.51,7.72,6.17,0,0
2480,Vinicius Cavalcanti,POL,2022,RB,34,1988,175,81,Left,59.0,80,1,160,0.19,0.55,0.0,1.74,0.0,80.1,5.17,10.58,7.3,0.51,0.2,0.57,3.65,1.44,3.17,2.98,0,0
2481,Felipe Monteiro,POL,2022,RB,23,1999,182,78,Both,46.3,84,3,298,0.29,0.42,0.0,1.56,0.0,78.5,12.31,7.63,7.7,0.81,-0.3,0.47,6.75,1.97,5.39,1.87,1,0
2482,Roberto Rodrigues,POL,2022,CB,23,1999,178,72,Right,17.7,90,3,344,0.25,0.1,0.0,1.29,0.0,85.8,6.4,7.57,32.55,0.51,0.4,0.84,3.45,0.96,0.98,5.55,0,0
2483,Thiago Cavalcanti,POL,2022,CM,24,1998,181,75,Right,28.4,69,3,265,0.62,0.62,0.0,1.08,0.0,86.9,11.33,7.86,2.49,0.38,0.5,0.23,6.51,3.03,7.52,6.0,1,0
2484,Diego Ribeiro,POL,2022,LB,30,1992,183,76,Right,31.7,97,4,360,0.17,0.7,0.0,2.96,0.0,79.1,10.41,10.22,10.62,0.63,0.0,0.47,4.52,1.98,5.64,5.36,0,0
2485,Park,KOR,2022,CDM,33,1989,183,68,Right,55.0,82,1,110,0.13,0.24,0.0,1.26,0.0,86.4,2.95,9.29,7.97,0.55,-0.1,0.8,3.03,0.86,4.61,11.95,0,0
2486,Son,KOR,2022,CB,24,1998,192,85,Right,69.3,97,4,348,0.18,0.05,0.0,2.83,0.0,88.5,6.21,10.37,18.84,0.3,-0.1,0.46,5.96,0.65,1.27,6.64,1,0
2487,Kim,KOR,2022,CM,33,1989,172,86,Right,30.3,76,5,388,0.36,0.66,0.0,0.65,0.0,85.3,11.0,12.13,4.78,0.69,0.4,0.45,8.86,1.39,5.13,6.4,0,0
2488,Lee,KOR,2022,LW,19,2003,170,70,Both,59.1,73,5,441,0.37,1.12,0.0,0.51,0.0,76.5,3.15,3.62,1.41,1.05,0.0,0.71,8.54,2.83,13.53,5.95,0,0
2489,Hwang,KOR,2022,LB,27,1995,184,81,Right,71.3,81,4,407,0.29,0.6,0.0,1.48,0.0,83.4,8.76,7.19,10.77,0.9,-0.3,0.28,2.25,2.56,6.18,7.05,0,0
2490,Cho,KOR,2022,GK,33,1989,199,92,Left,18.2,72,2,172,0.0,0.0,12.46,2.23,3.85,92.1,0.53,2.76,5.15,0.0,0.6,-0.09,0.0,0.0,0.0,0.89,0,0
2491,Jung,KOR,2022,LB,19,2003,183,72,Right,24.9,99,3,293,0.28,0.6,0.0,2.69,0.0,79.1,8.62,4.69,11.3,0.94,0.2,0.61,5.99,2.31,5.66,4.85,0,0
2492,Hong,KOR,2022,CB,27,1995,174,81,Left,73.5,76,4,328,0.16,0.07,0.0,1.69,0.0,90.1,9.95,6.98,36.87,0.44,-0.0,0.24,4.96,0.86,1.81,4.74,1,0
2493,Kwon,KOR,2022,RW,33,1989,192,69,Right,54.9,76,3,318,0.55,0.6,0.0,0.64,0.0,78.6,4.5,2.15,1.23,1.02,-0.2,0.98,9.55,4.24,9.16,3.23,0,0
2494,Kim,KOR,2022,LW,22,2000,192,84,Right,70.2,79,3,329,0.93,0.59,0.0,0.35,0.0,77.6,3.98,4.16,1.77,2.24,0.1,1.28,12.14,3.3,8.01,5.02,0,0
2495,Lee,KOR,2022,RB,21,2001,177,74,Right,72.7,81,4,356,0.31,0.55,0.0,2.66,0.0,79.8,8.06,5.49,15.66,0.78,-0.1,0.28,7.18,2.93,9.48,3.32,0,0
2496,Park,KOR,2022,RW,34,1988,193,73,Right,63.9,90,5,439,0.68,0.8,0.0,0.65,0.0,80.7,4.02,4.83,2.24,1.58,0.1,1.18,7.57,3.35,25.13,6.83,0,0
2497,Seol,KOR,2022,CB,31,1991,175,74,Right,92.6,86,4,367,0.25,0.12,0.0,2.62,0.0,84.7,5.65,10.76,29.63,0.69,-0.2,0.14,3.15,0.78,2.19,9.15,0,0
2498,Choi,KOR,2022,GK,33,1989,190,85,Right,5.7,69,5,457,0.0,0.0,14.65,1.38,3.95,91.7,0.69,1.86,5.16,0.0,0.7,-0.22,0.0,0.0,0.0,0.97,0,0
2499,Yang,KOR,2022,RB,33,1989,182,75,Left,44.9,76,3,280,0.37,0.28,0.0,1.21,0.0,82.8,13.41,7.91,10.99,1.0,-0.2,0.21,4.07,2.95,5.62,3.35,0,0
2500,Bae,KOR,2022,CDM,26,1996,180,83,Right,23.1,67,1,104,0.22,0.36,0.0,0.54,0.0,87.7,9.98,10.85,10.69,0.44,0.2,0.0,4.17,0.42,6.25,2.48,0,0
2501,Kim,KOR,2022,CB,30,1992,186,72,Left,23.5,74,4,375,0.21,0.11,0.0,1.44,0.0,89.9,7.06,4.0,21.88,0.48,-0.2,0.34,3.0,1.16,1.48,4.11,0,0
2502,Lee,KOR,2022,ST,24,1998,171,74,Right,115.7,92,4,371,1.03,0.39,0.0,0.0,0.0,71.8,1.71,2.38,0.47,0.64,0.3,1.92,5.13,4.22,9.89,9.59,0,0
2503,Jeong,KOR,2022,CAM,20,2002,183,85,Left,69.7,76,2,204,0.71,0.93,0.0,0.49,0.0,78.7,4.33,4.46,2.06,1.71,0.1,1.5,9.06,3.24,8.21,3.73,0,0
2504,Oh,KOR,2022,GK,23,1999,187,82,Both,14.1,60,3,285,0.0,0.0,8.92,0.88,3.53,82.6,1.21,1.96,4.59,0.0,1.2,-0.2,0.0,0.0,0.0,1.54,0,0
2505,Cho,KOR,2022,CM,20,2002,190,78,Left,60.5,76,5,382,0.47,0.39,0.0,0.86,0.0,83.5,9.76,7.84,4.16,0.57,0.2,1.12,6.38,2.0,6.7,6.25,1,0
2506,Kim,KOR,2022,ST,32,1990,182,78,Right,114.0,78,3,253,1.28,0.27,0.0,0.0,0.0,73.2,2.53,3.59,1.05,0.48,0.5,1.24,14.34,4.95,3.17,7.43,0,0
2507,Lee,KOR,2022,CM,31,1991,185,75,Right,11.4,68,3,288,0.29,0.3,0.0,0.98,0.0,91.9,6.28,6.45,3.84,0.57,-0.3,0.75,5.28,2.41,11.78,8.32,1,0
2508,Vinicius Silva,AUS,2022,CB,32,1990,185,79,Right,46.0,81,5,383,0.24,0.05,0.0,2.01,0.0,91.9,8.3,6.78,30.32,0.48,0.1,-0.29,3.79,1.38,2.01,4.83,1,0
2509,Alexandre Freitas,AUS,2022,LB,35,1987,181,73,Left,57.7,77,4,355,0.51,0.42,0.0,1.14,0.0,84.2,9.02,6.57,11.21,0.62,0.1,0.6,5.67,2.35,7.99,7.14,0,0
2510,Vinicius Carvalho,AUS,2022,GK,24,1998,186,76,Right,25.4,73,3,314,0.0,0.0,17.17,1.71,4.26,84.5,0.66,2.33,4.29,0.0,0.9,0.01,0.0,0.0,0.0,1.1,0,0
2511,Diego Pereira,AUS,2022,CDM,37,1985,171,70,Left,28.7,78,4,329,0.29,0.39,0.0,0.61,0.0,89.8,13.74,13.28,8.7,0.48,0.3,0.02,3.18,1.23,3.81,10.44,1,0
2512,Gabriel Gomes,AUS,2022,CB,25,1997,175,87,Both,30.4,79,4,377,0.22,0.11,0.0,1.98,0.0,87.3,5.28,12.57,32.72,0.36,-0.0,-0.13,4.98,0.27,1.51,5.64,0,0
2513,Roberto Oliveira,AUS,2022,CDM,29,1993,175,76,Right,34.6,70,2,223,0.26,0.28,0.0,0.71,0.0,89.6,11.65,10.42,6.36,0.65,-0.3,0.33,3.86,0.84,4.61,5.61,0,0
2514,Eduardo Ribeiro,AUS,2022,RW,25,1997,189,80,Right,62.0,73,4,353,0.47,0.9,0.0,0.4,0.0,80.3,1.88,4.25,2.55,2.03,0.1,0.84,7.22,4.46,18.07,8.18,0,0
2515,Ricardo Costa,AUS,2022,CM,25,1997,170,75,Right,29.3,61,6,486,0.49,0.5,0.0,0.71,0.0,88.5,5.83,5.07,7.86,1.05,-0.2,0.31,10.39,1.87,8.98,6.93,0,0
2516,Bruno Pereira,AUS,2022,CB,37,1985,179,67,Right,77.9,84,5,415,0.17,0.13,0.0,3.21,0.0,86.3,3.48,9.84,20.43,0.35,0.3,0.02,4.26,1.03,1.2,6.06,0,0
2517,Rodrigo Dias,AUS,2022,ST,37,1985,190,88,Right,29.1,94,4,380,1.07,0.31,0.0,0.0,0.0,67.3,2.09,2.14,0.62,0.58,0.3,2.36,14.69,6.15,11.11,3.57,0,0
2518,Pedro Rodrigues,AUS,2022,CAM,19,2003,190,72,Both,69.4,80,4,358,0.33,1.3,0.0,0.45,0.0,84.0,2.82,4.8,2.13,0.73,-0.2,0.98,4.61,1.73,6.26,3.86,0,0
2519,Ricardo Souza,AUS,2022,CM,24,1998,171,88,Right,19.6,70,6,539,0.51,0.74,0.0,0.91,0.0,92.5,6.86,10.57,4.57,1.09,0.0,0.56,6.71,0.97,9.09,8.5,0,0
2520,Fernando Ribeiro,AUS,2022,ST,23,1999,180,84,Right,72.5,79,3,291,1.03,0.26,0.0,0.0,0.0,72.5,0.75,2.18,1.26,0.98,0.0,1.78,9.81,7.32,8.11,7.08,0,0
2521,Gabriel Araujo,AUS,2022,CM,35,1987,170,70,Right,43.5,76,4,386,0.52,0.57,0.0,1.38,0.0,86.1,7.67,5.18,3.68,0.6,-0.2,0.73,7.26,1.13,9.58,7.29,0,0
2522,Leonardo Barbosa,AUS,2022,LW,35,1987,189,76,Left,74.4,79,1,152,0.72,0.93,0.0,0.42,0.0,80.4,3.7,5.07,1.49,1.8,0.2,0.8,12.61,3.42,19.48,3.12,0,0
2523,Paulo Cardoso,AUS,2022,RW,37,1985,188,76,Right,75.6,84,5,431,0.41,0.95,0.0,0.68,0.0,82.3,3.21,1.95,2.13,2.17,-0.1,1.42,9.8,2.32,15.97,3.21,0,0
2524,Gustavo Cavalcanti,AUS,2022,LW,36,1986,176,66,Right,33.7,76,2,253,0.72,0.82,0.0,0.63,0.0,83.6,1.97,3.51,1.73,1.83,-0.1,0.42,8.98,4.04,11.19,1.37,0,0
2525,Matheus Araujo,AUS,2022,CB,29,1993,190,69,Right,66.2,91,4,347,0.28,0.13,0.0,2.59,0.0,90.5,5.88,5.64,26.22,0.51,0.3,-0.03,5.14,1.09,0.96,5.95,1,0
2526,Vinicius Pereira,AUS,2022,RB,30,1992,170,68,Right,32.3,78,2,185,0.37,0.39,0.0,1.21,0.0,81.3,8.98,6.6,10.79,0.56,0.3,0.62,6.12,2.9,8.43,5.7,1,0
2527,Rafael Araujo,AUS,2022,GK,20,2002,186,86,Both,43.3,73,4,360,0.0,0.0,24.11,2.2,4.22,82.4,0.75,2.08,7.77,0.0,0.6,0.24,0.0,0.0,0.0,0.68,0,0
2528,Eduardo Ferreira,AUS,2022,LB,26,1996,192,89,Right,46.2,87,5,410,0.29,0.47,0.0,2.31,0.0,87.5,9.58,9.35,11.86,1.3,-0.5,0.17,5.17,2.02,9.65,3.77,1,0
2529,Arthur Martins,AUS,2022,GK,33,1989,195,86,Right,16.8,60,4,354,0.0,0.0,16.72,1.29,3.67,89.9,0.74,1.12,4.15,0.0,0.9,-0.48,0.0,0.0,0.0,0.78,0,0
2530,Rafael Souza,AUS,2022,RB,26,1996,189,87,Right,55.2,80,4,381,0.21,0.57,0.0,1.24,0.0,83.0,4.75,9.98,19.8,1.28,0.1,0.45,3.98,1.65,5.48,4.57,0,0
2531,Thiago Carvalho,SUI,2022,LB,21,2001,191,76,Left,28.6,99,7,520,0.38,0.28,0.0,2.48,0.0,84.6,9.62,6.29,6.14,0.85,-0.1,0.34,6.47,1.98,6.79,5.34,0,0
2532,Carlos Dias,SUI,2022,LW,22,2000,182,67,Right,24.8,83,4,344,0.85,0.91,0.0,0.44,0.0,80.7,4.42,4.17,1.92,1.72,0.0,0.95,9.08,6.26,14.27,4.99,0,0
2533,Lucas Freitas,SUI,2022,GK,28,1994,183,75,Right,56.7,99,3,241,0.0,0.0,18.01,3.1,2.5,79.6,1.04,2.57,5.51,0.0,0.6,0.18,0.0,0.0,0.0,1.07,0,0
2534,Pedro Ribeiro,SUI,2022,CDM,34,1988,190,75,Right,26.5,79,1,161,0.19,0.31,0.0,1.2,0.0,90.9,9.9,4.48,9.33,0.73,0.1,0.18,2.0,0.86,4.04,8.05,1,0
2535,Felipe Santos,SUI,2022,CM,22,2000,186,85,Left,15.4,66,4,363,0.34,0.45,0.0,0.95,0.0,85.1,9.54,7.23,4.46,1.24,-0.3,0.21,7.21,0.99,4.03,2.18,0,0
2536,Leonardo Barbosa,SUI,2022,RB,29,1993,171,76,Right,86.6,82,1,161,0.28,0.51,0.0,1.7,0.0,84.6,11.54,8.59,7.72,0.93,-0.1,0.51,6.98,1.62,7.87,5.46,1,0
2537,Roberto Ribeiro,SUI,2022,CB,31,1991,187,81,Left,65.7,78,5,451,0.16,0.08,0.0,2.35,0.0,87.9,8.13,8.23,30.92,0.43,-0.5,0.26,3.68,0.94,2.68,2.32,0,0
2538,Marcelo Pereira,SUI,2022,GK,33,1989,191,94,Right,15.5,74,3,231,0.0,0.0,15.68,2.33,2.41,85.5,1.29,0.97,6.21,0.0,0.8,-0.53,0.0,0.0,0.0,0.78,0,0
2539,Paulo Ferreira,SUI,2022,LW,21,2001,194,66,Left,52.5,60,3,243,0.82,0.65,0.0,0.4,0.0,74.5,3.06,3.77,1.19,1.68,0.4,0.48,0.88,3.66,12.61,7.06,0,0
2540,Paulo Gomes,SUI,2022,ST,35,1987,180,87,Right,89.7,80,5,424,1.34,0.24,0.0,0.0,0.0,72.2,2.05,2.82,1.25,1.17,-0.3,0.97,17.0,6.02,9.71,11.99,0,0
2541,Andre Cavalcanti,SUI,2022,CB,27,1995,186,72,Right,61.7,82,4,326,0.16,0.05,0.0,2.43,0.0,90.0,7.57,4.56,26.51,0.63,0.2,0.34,3.52,1.23,2.77,5.41,1,0
2542,Andre Dias,SUI,2022,ST,23,1999,194,79,Right,53.1,71,4,327,0.33,0.45,0.0,0.0,0.0,72.4,1.06,3.59,1.12,1.1,-0.3,1.43,8.99,5.99,6.64,9.58,0,0
2543,Gabriel Rodrigues,SUI,2022,CB,28,1994,173,66,Left,83.3,72,2,255,0.21,0.13,0.0,1.49,0.0,90.8,8.89,11.45,38.03,0.6,0.2,0.7,2.35,0.78,2.74,6.02,1,0
2544,Felipe Lima,SUI,2022,CB,26,1996,192,85,Right,52.9,76,4,304,0.21,0.13,0.0,0.75,0.0,88.9,11.43,14.14,21.49,0.4,-0.3,0.67,3.17,0.88,1.55,5.83,0,0
2545,Bruno Santos,SUI,2022,LB,27,1995,170,85,Right,70.4,91,3,233,0.24,0.59,0.0,1.83,0.0,83.1,10.95,3.53,8.27,0.39,-0.3,0.3,5.66,3.07,6.15,5.26,0,0
2546,Joao Almeida,SUI,2022,CAM,29,1993,190,87,Both,56.8,80,6,458,0.71,0.72,0.0,0.38,0.0,80.1,3.78,4.88,1.81,1.48,0.6,0.92,10.49,5.87,15.77,5.59,0,0
2547,Lucas Martins,SUI,2022,RW,31,1991,184,88,Right,102.7,77,3,264,1.1,0.79,0.0,0.38,0.0,74.9,3.19,4.84,1.96,1.16,0.0,0.62,15.26,2.07,12.56,3.94,0,0
2548,Rodrigo Lima,SUI,2022,RB,35,1987,184,88,Right,62.8,78,2,245,0.52,0.52,0.0,1.46,0.0,78.8,10.92,11.93,7.54,0.84,-0.6,0.43,6.72,3.31,9.07,4.12,0,0
2549,Gustavo Costa,SUI,2022,GK,23,1999,187,94,Both,60.2,89,4,403,0.0,0.0,6.73,3.49,3.78,82.1,1.19,0.65,4.77,0.0,0.3,0.44,0.0,0.0,0.0,0.45,0,0
2550,Diego Araujo,SUI,2022,CM,25,1997,180,73,Right,16.5,62,4,367,0.36,0.59,0.0,1.05,0.0,92.7,9.17,10.33,5.95,1.14,-0.3,0.46,5.35,2.71,8.25,7.02,0,0
2551,Gustavo Monteiro,SUI,2022,CDM,31,1991,177,78,Right,21.6,83,4,399,0.18,0.13,0.0,1.51,0.0,91.4,11.28,9.92,12.56,0.51,0.5,0.59,4.35,0.8,3.73,4.72,1,0
2552,Arthur Dias,SUI,2022,CM,24,1998,171,89,Right,14.3,74,5,403,0.3,0.62,0.0,0.97,0.0,89.9,5.65,8.53,2.55,0.75,-0.2,-0.24,4.78,2.02,3.85,3.27,0,0
2553,Gustavo Ribeiro,SUI,2022,RW,27,1995,184,68,Right,39.2,77,5,446,0.67,1.03,0.0,0.7,0.0,73.4,4.4,4.77,1.15,2.0,0.0,0.99,8.48,2.69,16.16,5.75,0,0
2554,Casillas,ESP,2022,CM,27,1995,173,78,Right,40.7,73,4,394,0.38,0.83,0.0,1.05,0.0,86.5,5.5,5.17,5.05,0.76,0.0,0.15,5.14,1.47,8.4,6.73,0,0
2555,Ramos,ESP,2022,CB,26,1996,173,70,Right,109.9,87,4,342,0.27,0.11,0.0,2.63,0.0,83.4,5.39,9.13,24.6,0.57,-0.2,0.26,4.43,0.69,1.69,7.01,1,0
2556,Pique,ESP,2022,CM,23,1999,190,76,Left,9.4,70,3,266,0.34,0.49,0.0,1.06,0.0,81.3,5.23,6.63,4.38,0.38,-0.2,0.16,4.62,1.25,7.41,7.96,0,0
2557,Busquets,ESP,2022,CB,37,1985,173,74,Right,27.9,80,3,292,0.17,0.16,0.0,2.03,0.0,87.2,9.64,5.41,23.4,0.9,-0.3,0.64,5.59,0.77,1.91,4.6,0,0
2558,Iniesta,ESP,2022,GK,33,1989,191,76,Both,41.5,90,4,359,0.0,0.0,16.85,3.03,2.65,91.6,0.93,2.3,5.91,0.0,0.6,-0.3,0.0,0.0,0.0,1.14,0,0
2559,Xavi,ESP,2022,CB,34,1988,192,79,Left,31.3,81,2,177,0.16,0.06,0.0,1.15,0.0,89.3,9.51,10.74,26.05,0.54,0.1,0.35,5.22,0.82,1.39,5.0,0,0
2560,Villa,ESP,2022,LB,29,1993,187,85,Left,66.0,86,4,428,0.25,0.34,0.0,2.09,0.0,77.4,10.74,5.03,13.76,0.84,0.4,0.71,5.42,2.4,8.43,6.76,0,0
2561,Torres,ESP,2022,ST,19,2003,189,88,Left,106.2,80,4,409,1.15,0.38,0.0,0.0,0.0,68.4,1.55,3.14,1.14,1.06,-0.3,1.15,18.28,5.39,8.99,2.37,0,0
2562,Alba,ESP,2022,ST,35,1987,186,69,Left,87.9,85,2,201,1.05,0.59,0.0,0.0,0.0,72.3,2.35,3.26,0.69,0.37,-0.4,1.78,10.22,8.38,8.08,5.23,0,0
2563,Arbeloa,ESP,2022,LB,22,2000,183,81,Right,84.2,93,3,307,0.32,0.62,0.0,2.02,0.0,84.2,6.32,8.12,6.87,0.97,0.8,0.66,7.7,1.22,7.8,5.08,0,0
2564,Silva,ESP,2022,CAM,30,1992,190,71,Right,82.9,80,3,285,0.59,0.79,0.0,0.37,0.0,86.7,4.8,3.87,1.21,1.69,-0.0,0.89,7.19,2.16,8.34,5.57,0,0
2565,Pedro,ESP,2022,LW,22,2000,181,78,Left,94.3,86,5,441,0.94,0.97,0.0,0.42,0.0,81.6,1.9,5.5,3.48,1.08,0.0,1.05,5.57,2.96,18.17,2.78,0,0
2566,Navar,ESP,2022,RW,25,1997,178,69,Left,76.5,73,2,219,0.87,0.98,0.0,0.67,0.0,79.7,3.17,4.96,1.95,1.46,-0.2,0.72,9.51,5.43,12.76,5.1,0,0
2567,Llorente,ESP,2022,CM,35,1987,192,78,Right,39.6,66,4,423,0.49,0.66,0.0,1.04,0.0,79.8,7.0,8.55,3.37,0.67,-0.1,0.57,2.58,1.54,4.36,7.23,1,0
2568,Morata,ESP,2022,RB,19,2003,186,80,Right,28.8,67,5,384,0.41,0.52,0.0,0.2,0.0,79.4,13.35,9.9,7.98,0.79,0.2,0.27,4.97,2.22,4.84,7.08,0,0
2569,Asensio,ESP,2022,CB,28,1994,192,76,Left,40.0,81,5,452,0.15,0.1,0.0,1.88,0.0,89.0,5.55,10.78,27.41,0.39,-0.3,0.24,3.71,0.52,2.4,2.85,1,0
2570,Sarabia,ESP,2022,CDM,28,1994,175,76,Left,16.1,65,5,417,0.22,0.28,0.0,1.26,0.0,87.0,15.57,10.11,3.28,0.66,0.1,0.05,4.65,1.17,2.54,8.98,1,0
2571,Unai Simon,ESP,2022,LW,36,1986,173,66,Right,33.6,71,3,335,0.7,0.4,0.0,0.52,0.0,81.3,3.8,3.3,2.65,1.08,-0.0,0.15,8.0,4.13,12.86,5.78,0,0
2572,Rodri,ESP,2022,CDM,24,1998,176,88,Left,27.1,79,4,332,0.23,0.37,0.0,1.01,0.0,87.5,13.87,17.23,6.32,0.41,-0.4,0.27,4.21,1.0,5.03,8.41,1,0
2573,Gavi,ESP,2022,GK,32,1990,186,81,Left,27.3,81,2,172,0.0,0.0,10.2,1.53,1.87,85.1,0.29,1.8,6.26,0.0,0.4,0.31,0.0,0.0,0.0,1.34,0,0
2574,Pedri,ESP,2022,RB,28,1994,182,74,Left,31.1,76,4,355,0.41,0.5,0.0,1.48,0.0,82.0,9.58,7.43,10.74,0.89,0.4,0.48,4.18,1.04,6.18,3.14,0,0
2575,Ferran Torres,ESP,2022,RW,19,2003,186,70,Both,45.1,78,2,200,0.51,0.29,0.0,0.47,0.0,79.9,2.26,4.43,1.7,0.59,0.3,0.56,9.43,3.63,9.22,5.27,0,0
2576,Olmo,ESP,2022,GK,29,1993,197,84,Left,14.1,75,2,236,0.0,0.0,16.72,2.38,1.82,84.8,1.53,1.66,4.58,0.0,0.3,-0.05,0.0,0.0,0.0,1.04,0,0
2577,Carlos Barbosa,CRC,2022,LB,23,1999,186,77,Both,42.7,83,3,316,0.36,0.54,0.0,1.59,0.0,82.5,10.29,7.61,12.2,0.92,0.1,0.48,6.03,1.87,8.32,4.42,0,0
2578,Gustavo Lima,CRC,2022,RB,31,1991,193,75,Right,64.8,91,4,345,0.44,0.58,0.0,2.01,0.0,83.1,11.04,4.92,15.62,0.76,0.2,0.18,5.98,2.51,6.43,5.63,0,0
2579,Gabriel Gomes,CRC,2022,ST,26,1996,190,69,Right,129.8,82,4,402,0.61,0.31,0.0,0.0,0.0,69.2,1.51,3.34,1.16,0.71,-0.2,1.82,13.49,2.69,9.38,6.63,0,0
2580,Joao Freitas,CRC,2022,CM,26,1996,179,86,Left,38.8,64,2,246,0.5,0.76,0.0,0.71,0.0,86.8,6.35,11.6,7.15,0.86,0.2,0.49,7.93,2.14,9.83,8.19,0,0
2581,Leonardo Cardoso,CRC,2022,CAM,37,1985,170,77,Right,28.7,81,4,333,0.66,1.3,0.0,0.47,0.0,85.7,3.97,3.02,1.35,0.76,0.7,0.84,5.49,3.34,14.09,1.55,0,0
2582,Eduardo Oliveira,CRC,2022,CB,37,1985,183,66,Left,60.4,88,5,405,0.15,0.04,0.0,2.71,0.0,88.9,13.04,10.21,21.69,0.56,-0.2,0.2,4.53,0.66,2.63,3.57,1,0
2583,Andre Araujo,CRC,2022,CB,21,2001,180,65,Right,24.3,73,3,282,0.08,0.12,0.0,2.38,0.0,87.3,7.9,7.52,37.71,0.79,-0.0,0.32,4.82,1.38,2.68,4.95,0,0
2584,Rodrigo Lima,CRC,2022,RW,37,1985,181,68,Right,75.0,81,2,197,0.73,0.87,0.0,0.64,0.0,78.4,4.92,7.12,1.66,1.7,-0.2,1.13,13.08,3.94,10.49,3.81,0,0
2585,Matheus Rodrigues,CRC,2022,CB,28,1994,191,87,Right,62.5,88,5,447,0.26,0.13,0.0,2.63,0.0,86.4,9.39,10.64,36.22,0.57,-0.6,0.03,5.7,1.03,1.05,3.83,1,0
2586,Gustavo Souza,CRC,2022,GK,26,1996,191,91,Left,34.6,69,4,364,0.0,0.0,20.25,2.07,3.66,78.4,0.75,2.18,3.64,0.0,0.6,-0.21,0.0,0.0,0.0,0.85,0,0
2587,Paulo Rocha,CRC,2022,CDM,29,1993,183,68,Both,28.8,71,3,301,0.29,0.32,0.0,1.21,0.0,87.8,6.02,16.96,3.34,0.44,0.2,0.11,5.67,1.63,4.05,7.8,0,0
2588,Vinicius Melo,CRC,2022,RW,21,2001,174,66,Right,39.4,81,2,227,0.7,0.76,0.0,0.46,0.0,78.1,4.46,3.82,3.57,1.89,0.2,1.1,7.06,1.92,14.79,6.46,0,0
2589,Rodrigo Lima,CRC,2022,LW,27,1995,177,84,Right,68.6,75,5,452,0.65,0.69,0.0,0.46,0.0,81.3,1.72,3.58,2.28,1.7,0.0,0.58,12.0,3.76,16.32,5.01,0,0
2590,Bruno Oliveira,CRC,2022,LW,30,1992,193,73,Right,79.9,82,3,311,0.72,1.01,0.0,0.45,0.0,80.3,2.74,2.63,1.3,1.01,0.2,1.05,8.32,3.86,14.99,5.8,0,0
2591,Andre Santos,CRC,2022,ST,23,1999,172,75,Right,39.0,83,4,365,0.72,0.41,0.0,0.0,0.0,68.7,1.59,2.27,1.12,1.02,0.0,1.84,13.11,5.57,9.37,4.52,0,0
2592,Ricardo Barbosa,CRC,2022,GK,34,1988,198,92,Right,10.7,73,1,151,0.0,0.0,21.09,2.31,4.43,81.3,0.67,2.09,2.27,0.0,0.6,0.13,0.0,0.0,0.0,1.0,0,0
2593,Lucas Cardoso,CRC,2022,CM,30,1992,170,70,Right,53.2,66,5,475,0.41,0.51,0.0,0.94,0.0,87.1,9.02,8.78,5.98,1.03,0.0,0.68,4.41,3.05,8.93,6.42,0,0
2594,Arthur Gomes,CRC,2022,CM,34,1988,173,84,Right,47.8,69,2,247,0.39,0.88,0.0,0.97,0.0,89.2,14.17,8.58,2.41,0.83,-0.1,0.82,4.7,0.93,7.43,8.85,0,0
2595,Ricardo Barbosa,CRC,2022,CB,20,2002,193,71,Right,50.3,73,3,272,0.25,0.14,0.0,1.85,0.0,84.4,5.16,10.1,36.73,0.79,-0.2,-0.15,5.4,0.68,2.25,3.88,0,0
2596,Leonardo Barbosa,CRC,2022,CDM,28,1994,184,70,Right,28.5,76,3,317,0.24,0.39,0.0,0.88,0.0,92.6,10.3,13.28,8.53,0.31,0.3,-0.16,3.87,1.02,2.79,7.39,1,0
2597,Carlos Almeida,CRC,2022,RB,22,2000,181,73,Left,31.9,77,1,146,0.13,0.66,0.0,1.64,0.0,83.4,11.54,4.97,5.96,0.88,0.0,-0.09,2.91,2.02,3.52,5.34,0,0
2598,Gustavo Ribeiro,CRC,2022,LB,34,1988,194,74,Right,62.3,82,5,439,0.34,0.42,0.0,2.13,0.0,83.3,9.56,8.14,12.44,0.56,-0.3,0.88,4.0,2.25,6.88,3.65,0,0
2599,Marcelo Martins,CRC,2022,GK,23,1999,195,80,Right,35.7,79,3,247,0.0,0.0,23.07,1.71,2.36,89.3,0.83,1.79,2.77,0.0,0.8,0.03,0.0,0.0,0.0,1.5,0,0
2600,Chicharito,MEX,2022,GK,19,2003,192,79,Right,41.5,72,5,371,0.0,0.0,18.86,1.71,1.24,83.4,1.14,2.25,6.88,0.0,0.5,0.16,0.0,0.0,0.0,1.51,0,0
2601,Guardado,MEX,2022,LW,26,1996,183,72,Left,99.7,81,3,229,0.92,1.08,0.0,0.61,0.0,77.1,2.71,4.1,2.44,1.79,-0.1,0.63,11.62,4.33,19.04,5.7,0,0
2602,Ochoa,MEX,2022,RW,28,1994,170,67,Left,83.1,78,3,294,0.84,0.93,0.0,0.64,0.0,77.2,3.72,3.89,2.18,1.17,-0.1,0.88,13.04,2.34,15.7,4.98,0,0
2603,Lozano,MEX,2022,CM,30,1992,170,75,Right,24.1,60,1,97,0.24,0.45,0.0,1.18,0.0,84.5,5.58,5.49,3.01,0.53,-0.5,0.47,7.37,0.62,4.93,5.45,0,0
2604,Herrera,MEX,2022,LB,27,1995,171,65,Left,43.3,79,3,267,0.34,0.35,0.0,1.3,0.0,83.9,6.77,10.33,10.27,1.34,-0.1,0.33,3.33,1.46,3.32,3.36,1,0
2605,Layun,MEX,2022,CM,26,1996,173,76,Both,64.9,79,1,96,0.41,0.92,0.0,1.36,0.0,92.9,4.07,11.16,4.07,1.03,-0.1,0.37,4.57,2.53,6.1,4.38,0,0
2606,Moreno,MEX,2022,CDM,27,1995,191,87,Left,44.4,74,4,408,0.3,0.41,0.0,0.63,0.0,92.3,19.77,2.28,8.47,0.57,0.2,0.32,5.31,0.93,2.32,11.83,1,0
2607,Gallardo,MEX,2022,RB,20,2002,192,69,Right,58.6,99,1,146,0.32,0.42,0.0,3.33,0.0,85.2,6.35,5.33,15.32,0.66,-0.1,0.55,4.71,1.56,5.58,6.14,0,0
2608,Alvarez,MEX,2022,LB,26,1996,170,69,Right,66.7,95,5,442,0.39,0.51,0.0,2.5,0.0,83.3,7.7,9.58,18.69,1.06,0.0,0.33,2.16,1.45,6.17,4.83,1,0
2609,Montes,MEX,2022,CAM,33,1989,173,89,Left,66.6,78,2,191,0.33,1.4,0.0,0.5,0.0,86.2,3.41,7.22,2.21,1.73,0.2,0.44,15.25,2.18,5.68,6.63,0,0
2610,Sanchez,MEX,2022,CB,24,1998,190,74,Left,34.2,81,2,218,0.12,0.13,0.0,1.52,0.0,89.2,6.72,10.39,28.76,0.53,-0.2,0.73,5.43,1.37,2.46,5.32,1,0
2611,Pineda,MEX,2022,CB,28,1994,177,70,Right,48.4,82,4,373,0.28,0.13,0.0,2.42,0.0,84.4,8.47,9.43,19.67,0.52,-0.2,-0.12,4.62,0.83,1.42,7.83,1,0
2612,Chavez,MEX,2022,LW,22,2000,188,87,Left,83.3,74,2,150,0.86,1.27,0.0,0.52,0.0,75.4,1.14,3.23,1.57,1.6,-0.1,0.72,4.21,4.15,11.15,6.5,0,0
2613,Vega,MEX,2022,CB,31,1991,191,68,Right,43.1,87,5,383,0.23,0.13,0.0,2.99,0.0,90.4,9.13,9.38,19.64,0.56,0.1,0.36,0.61,0.97,1.91,4.34,1,0
2614,Antuna,MEX,2022,ST,26,1996,194,85,Right,103.3,83,4,398,1.29,0.24,0.0,0.0,0.0,70.9,2.08,2.98,1.13,1.02,-0.0,1.57,19.66,5.38,10.44,9.84,0,0
2615,Gimenez,MEX,2022,RW,32,1990,193,75,Right,87.4,81,3,267,0.86,0.71,0.0,0.54,0.0,79.5,3.53,3.94,1.59,1.72,0.6,0.93,7.25,5.04,10.42,4.94,0,0
2616,Arteaga,MEX,2022,CB,35,1987,194,78,Right,73.6,95,2,241,0.18,0.1,0.0,1.76,0.0,86.2,11.19,12.88,16.06,0.47,0.2,1.05,3.27,0.61,2.48,8.44,0,0
2617,Rodriguez,MEX,2022,ST,37,1985,175,65,Left,25.8,73,3,289,0.8,0.47,0.0,0.0,0.0,68.3,2.59,2.84,0.62,0.84,0.1,1.76,10.73,6.13,10.15,7.8,0,0
2618,Malagon,MEX,2022,GK,29,1993,185,89,Right,20.8,80,4,318,0.0,0.0,22.0,1.81,2.91,88.3,0.87,2.13,4.83,0.0,0.4,0.3,0.0,0.0,0.0,0.88,0,0
2619,Araujo,MEX,2022,CDM,21,2001,177,89,Right,36.6,79,3,284,0.13,0.37,0.0,0.93,0.0,84.2,11.11,7.0,8.16,0.4,-0.2,-0.09,4.71,1.15,2.26,6.01,1,0
2620,Huerta,MEX,2022,GK,19,2003,184,84,Left,31.6,74,3,319,0.0,0.0,17.58,2.04,3.87,89.0,1.09,1.95,5.97,0.0,0.3,-0.1,0.0,0.0,0.0,1.15,0,0
2621,Luna,MEX,2022,CM,36,1986,170,69,Left,7.8,65,3,276,0.41,0.23,0.0,0.84,0.0,89.8,8.32,8.97,5.02,0.28,0.1,0.2,3.87,1.27,8.74,9.89,0,0
2622,Sepulveda,MEX,2022,RB,29,1993,174,81,Right,38.9,79,1,159,0.48,0.18,0.0,1.69,0.0,86.7,15.62,10.18,10.26,1.05,-0.0,0.27,3.99,1.28,9.48,5.35,0,0
2623,Leonardo Silva,GHA,2022,LW,36,1986,173,68,Left,50.8,82,3,318,0.71,1.14,0.0,0.52,0.0,73.7,3.82,3.34,1.67,1.46,0.0,1.07,3.87,4.12,13.4,2.88,0,0
2624,Pedro Almeida,GHA,2022,GK,22,2000,192,93,Right,24.0,72,4,410,0.0,0.0,22.39,1.73,1.75,84.0,1.09,1.79,7.89,0.0,0.8,0.21,0.0,0.0,0.0,0.86,0,0
2625,Fernando Rocha,GHA,2022,CM,23,1999,179,88,Both,14.7,67,1,128,0.23,0.36,0.0,1.33,0.0,83.5,8.64,7.81,5.09,0.9,0.4,0.18,6.92,1.55,7.0,10.27,1,0
2626,Felipe Ribeiro,GHA,2022,RB,34,1988,180,66,Left,64.8,98,2,217,0.46,0.51,0.0,1.88,0.0,82.3,9.52,5.88,8.71,1.21,-0.4,0.72,3.85,1.1,3.39,5.95,0,0
2627,Leonardo Ferreira,GHA,2022,LB,23,1999,178,80,Left,44.1,84,7,618,0.23,0.46,0.0,3.07,0.0,78.8,12.67,6.46,14.05,0.99,0.1,-0.01,5.04,2.22,5.13,6.67,0,0
2628,Alexandre Costa,GHA,2022,GK,27,1995,185,82,Both,48.1,74,4,387,0.0,0.0,18.27,1.38,2.88,87.0,0.92,2.27,3.61,0.0,0.2,0.42,0.0,0.0,0.0,1.54,0,0
2629,Carlos Dias,GHA,2022,CDM,37,1985,177,86,Right,46.6,74,2,182,0.21,0.33,0.0,1.33,0.0,89.6,14.32,18.42,4.24,0.41,-0.3,0.21,5.72,0.98,2.95,4.54,0,0
2630,Fernando Nascimento,GHA,2022,RW,27,1995,183,82,Left,47.6,74,5,527,0.82,0.84,0.0,0.55,0.0,75.7,3.17,5.21,2.67,1.16,0.1,0.76,3.59,4.48,11.16,5.26,0,0
2631,Bruno Cavalcanti,GHA,2022,CAM,20,2002,174,70,Right,28.0,73,5,395,0.38,1.06,0.0,0.28,0.0,80.2,4.32,7.27,0.58,0.69,-0.1,0.64,12.29,3.82,8.78,4.06,0,0
2632,Roberto Melo,GHA,2022,ST,24,1998,191,67,Right,63.2,91,5,444,1.37,0.47,0.0,0.0,0.0,70.9,2.83,1.77,1.12,1.05,-0.2,1.77,15.76,2.91,7.27,8.38,0,0
2633,Lucas Barbosa,GHA,2022,LW,33,1989,175,86,Both,72.2,83,3,246,0.67,0.66,0.0,0.36,0.0,76.2,3.99,2.88,1.95,1.36,0.1,0.97,8.44,5.06,12.77,3.9,0,0
2634,Bruno Souza,GHA,2022,RW,20,2002,193,76,Right,37.5,69,4,325,0.4,0.73,0.0,0.3,0.0,84.3,2.2,3.11,1.51,0.97,0.3,0.71,9.34,3.61,9.62,9.11,0,0
2635,Leonardo Silva,GHA,2022,CB,21,2001,191,68,Left,94.3,90,2,233,0.11,0.09,0.0,2.83,0.0,87.6,9.58,8.28,32.44,0.74,-0.1,0.77,4.3,1.63,1.74,5.34,0,0
2636,Lucas Almeida,GHA,2022,CDM,31,1991,179,77,Right,48.2,76,4,426,0.23,0.35,0.0,0.84,0.0,90.0,12.17,11.46,10.33,0.7,0.1,0.36,5.39,1.2,3.32,8.41,0,0
2637,Joao Gomes,GHA,2022,CB,25,1997,170,78,Right,32.6,64,3,301,0.2,0.04,0.0,1.45,0.0,90.8,12.76,6.85,31.99,0.41,0.4,-0.2,3.14,1.18,1.04,3.47,1,0
2638,Rodrigo Silva,GHA,2022,RB,37,1985,182,75,Right,16.4,86,3,306,0.28,0.52,0.0,2.08,0.0,81.4,9.18,8.89,6.48,0.76,-0.1,0.18,2.99,1.42,4.27,4.79,0,0
2639,Leonardo Rocha,GHA,2022,CM,36,1986,172,66,Right,17.6,71,6,528,0.35,0.71,0.0,1.02,0.0,90.5,6.61,5.87,5.33,0.74,-0.2,0.33,4.77,1.88,5.99,3.65,1,0
2640,Rodrigo Melo,GHA,2022,CB,30,1992,176,82,Right,62.9,79,4,355,0.14,0.09,0.0,2.36,0.0,87.7,8.99,15.02,30.63,0.53,-0.2,0.28,3.5,1.03,2.99,9.28,1,0
2641,Felipe Rocha,GHA,2022,ST,30,1992,188,69,Right,76.4,79,5,491,0.63,0.37,0.0,0.0,0.0,68.4,1.85,4.88,0.92,0.97,0.1,1.75,10.08,5.67,9.62,9.06,0,0
2642,Paulo Lima,GHA,2022,CB,30,1992,180,66,Right,83.9,87,4,346,0.21,0.09,0.0,1.96,0.0,89.4,8.2,10.9,17.46,0.63,0.0,0.55,4.72,1.11,2.69,6.77,1,0
2643,Heitor Silva,GHA,2022,LB,22,2000,174,68,Left,90.3,88,3,256,0.24,0.38,0.0,2.85,0.0,82.7,7.29,7.76,5.75,0.56,-0.1,0.47,6.64,2.64,3.96,3.77,0,0
2644,Roberto Oliveira,GHA,2022,GK,25,1997,185,75,Both,41.8,70,4,345,0.0,0.0,8.1,3.09,3.83,88.2,1.14,2.08,4.84,0.0,0.5,-0.31,0.0,0.0,0.0,0.78,0,0
2645,Thiago Carvalho,GHA,2022,CM,30,1992,171,71,Right,39.1,80,5,400,0.55,0.66,0.0,1.09,0.0,86.4,8.49,8.68,4.94,0.96,-0.1,0.58,7.17,1.74,6.68,9.52,0,0
2646,Felipe Gomes,CMR,2022,CB,22,2000,180,82,Both,39.0,86,4,321,0.21,0.15,0.0,1.26,0.0,86.5,12.35,10.25,32.53,0.61,-0.4,0.59,2.1,1.38,3.0,3.47,0,0
2647,Ricardo Cavalcanti,CMR,2022,LW,32,1990,171,83,Left,108.2,86,2,240,0.68,0.88,0.0,0.5,0.0,77.1,4.48,3.76,2.42,1.43,-0.4,1.17,9.12,4.52,10.75,5.0,0,0
2648,Fernando Costa,CMR,2022,CDM,27,1995,184,81,Right,18.8,66,4,365,0.2,0.25,0.0,0.53,0.0,88.4,14.8,12.19,12.76,0.57,-0.2,-0.01,2.43,1.65,6.1,8.0,0,0
2649,Alexandre Souza,CMR,2022,LB,21,2001,176,78,Right,50.0,85,3,298,0.35,0.65,0.0,2.21,0.0,79.8,17.02,5.62,10.78,0.64,-0.1,0.33,4.68,1.85,9.41,6.42,0,0
2650,Pedro Santos,CMR,2022,LW,31,1991,178,84,Right,70.2,83,2,179,0.56,0.98,0.0,0.4,0.0,79.9,2.13,5.2,1.76,1.83,0.5,0.91,3.68,4.49,11.45,4.92,0,0
2651,Arthur Souza,CMR,2022,RW,30,1992,174,87,Right,107.4,76,5,449,0.86,0.94,0.0,0.58,0.0,80.1,3.02,5.24,2.39,0.93,0.2,0.85,7.58,3.47,17.82,2.82,0,0
2652,Rodrigo Santos,CMR,2022,CM,34,1988,185,85,Left,12.1,76,5,436,0.59,0.63,0.0,1.11,0.0,87.5,8.24,11.46,5.82,1.02,0.0,0.67,6.77,2.13,9.36,6.83,0,0
2653,Felipe Rocha,CMR,2022,RW,33,1989,176,75,Right,15.2,78,3,318,0.53,0.32,0.0,0.68,0.0,78.9,2.79,5.37,2.6,1.75,-0.0,0.82,5.9,3.0,10.16,6.05,0,0
2654,Felipe Santos,CMR,2022,CB,26,1996,181,80,Right,43.1,77,4,348,0.15,0.06,0.0,1.01,0.0,87.8,7.8,7.75,35.29,0.32,-0.3,0.62,3.58,1.21,2.13,6.37,0,0
2655,Rodrigo Souza,CMR,2022,GK,24,1998,193,81,Right,48.7,85,4,420,0.0,0.0,19.1,2.76,3.01,85.6,1.03,1.46,7.0,0.0,0.5,-0.16,0.0,0.0,0.0,0.6,0,0
2656,Gabriel Freitas,CMR,2022,ST,21,2001,171,68,Right,87.2,72,4,341,0.99,0.34,0.0,0.0,0.0,72.6,2.83,2.96,0.76,1.25,0.3,1.5,8.66,3.79,5.36,9.25,0,0
2657,Leonardo Nascimento,CMR,2022,LB,27,1995,187,84,Right,33.4,87,1,152,0.3,0.12,0.0,2.03,0.0,80.1,10.15,11.21,8.33,1.26,0.2,0.87,5.12,1.89,7.68,3.13,1,0
2658,Paulo Dias,CMR,2022,CAM,28,1994,178,78,Right,52.7,91,6,510,0.73,1.33,0.0,0.54,0.0,82.4,1.54,3.02,1.39,1.12,0.8,0.91,6.78,2.1,9.34,4.81,0,0
2659,Marcelo Oliveira,CMR,2022,RB,24,1998,193,76,Right,40.5,79,4,314,0.48,0.7,0.0,1.03,0.0,86.3,9.12,8.01,12.22,0.83,-0.7,0.39,5.6,2.57,5.68,6.13,0,0
2660,Marcelo Gomes,CMR,2022,ST,20,2002,182,85,Both,72.3,83,4,425,0.76,0.4,0.0,0.0,0.0,72.8,2.17,2.9,0.92,0.81,0.0,1.56,14.96,6.2,6.11,7.47,0,0
2661,Rodrigo Rocha,CMR,2022,CM,24,1998,181,68,Right,19.2,79,3,293,0.35,0.58,0.0,0.59,0.0,87.5,9.35,10.51,4.63,0.83,0.2,0.58,7.87,2.25,5.74,8.19,1,0
2662,Lucas Costa,CMR,2022,GK,29,1993,191,93,Right,27.5,82,4,344,0.0,0.0,13.66,2.35,2.37,84.0,1.1,2.85,5.61,0.0,0.7,0.04,0.0,0.0,0.0,0.94,0,0
2663,Vinicius Rocha,CMR,2022,RB,31,1991,184,75,Right,18.6,83,3,306,0.25,0.42,0.0,1.24,0.0,77.0,11.34,7.72,8.34,0.7,0.1,0.12,3.11,1.19,9.02,3.31,0,0
2664,Leonardo Gomes,CMR,2022,GK,31,1991,187,77,Both,21.3,69,4,421,0.0,0.0,19.35,1.24,3.08,81.5,0.9,2.07,2.76,0.0,0.6,-0.12,0.0,0.0,0.0,1.26,0,0
2665,Diego Lima,CMR,2022,CM,23,1999,187,81,Left,44.0,81,2,204,0.58,0.69,0.0,0.53,0.0,90.3,10.31,7.37,3.06,0.98,-0.3,0.81,9.38,1.77,8.95,5.47,1,0
2666,Eduardo Melo,CMR,2022,CDM,21,2001,187,73,Right,32.8,72,5,416,0.16,0.28,0.0,1.06,0.0,85.7,11.55,9.32,7.19,0.45,-0.4,0.06,4.84,1.01,4.19,8.76,1,0
2667,Marcelo Cardoso,CMR,2022,CB,36,1986,183,88,Both,26.3,85,5,474,0.2,0.09,0.0,1.87,0.0,90.3,7.32,12.64,25.31,0.42,-0.6,0.5,3.8,1.32,1.51,6.38,0,0
2668,Heitor Cavalcanti,CMR,2022,CB,26,1996,178,70,Right,30.3,87,2,223,0.24,0.09,0.0,2.32,0.0,92.5,11.66,6.81,10.67,0.66,0.3,0.33,5.1,0.86,0.87,4.91,1,0
2669,De Bruyne,BEL,2022,GK,31,1991,186,89,Both,18.9,83,2,191,0.0,0.0,16.5,2.37,3.34,82.1,0.95,2.84,4.15,0.0,0.9,-0.04,0.0,0.0,0.0,0.76,0,0
2670,Lukaku,BEL,2022,CDM,24,1998,194,83,Right,57.3,70,3,286,0.17,0.24,0.0,1.18,0.0,92.1,10.4,15.74,7.57,0.82,-0.1,0.46,2.17,1.16,4.44,6.99,1,0
2671,Courtois,BEL,2022,CB,37,1985,194,66,Right,65.1,82,2,204,0.25,0.05,0.0,3.03,0.0,92.1,6.11,8.38,32.95,0.61,-0.2,-0.05,4.97,0.88,2.34,6.19,1,0
2672,Vertonghen,BEL,2022,CAM,25,1997,189,79,Right,30.5,73,2,209,0.48,0.48,0.0,0.61,0.0,84.1,1.92,4.8,2.51,1.2,0.3,1.04,10.13,3.55,6.32,2.43,0,0
2673,Alderweireld,BEL,2022,LB,28,1994,187,83,Right,47.8,87,4,295,0.21,0.44,0.0,2.02,0.0,84.7,7.74,7.0,10.4,1.13,-0.2,-0.17,5.18,1.23,6.92,4.57,1,0
2674,Hazard,BEL,2022,CB,31,1991,178,85,Right,12.0,79,2,209,0.21,0.11,0.0,1.45,0.0,88.0,8.1,9.86,33.74,0.59,0.1,-0.09,3.03,0.97,1.55,5.76,0,0
2675,Witsel,BEL,2022,LB,22,2000,188,75,Right,82.0,87,5,379,0.38,0.55,0.0,2.12,0.0,83.1,9.9,7.93,11.32,0.69,-0.1,0.76,6.67,2.68,8.28,4.85,0,0
2676,Carrasco,BEL,2022,CM,32,1990,189,79,Left,25.6,72,5,503,0.56,0.48,0.0,0.93,0.0,86.0,7.47,8.46,7.64,1.11,-0.3,0.47,6.34,2.2,6.48,5.2,0,0
2677,Tielemans,BEL,2022,ST,27,1995,180,77,Right,190.1,85,3,281,1.06,0.6,0.0,0.0,0.0,68.8,1.75,3.44,1.01,0.83,0.0,2.01,15.11,6.13,12.27,2.99,0,0
2678,Dendoncker,BEL,2022,CB,20,2002,192,68,Both,16.0,81,5,435,0.23,0.1,0.0,2.41,0.0,89.2,9.91,4.44,25.56,0.71,-0.4,0.04,4.67,0.83,2.88,6.5,0,0
2679,Meunier,BEL,2022,RB,34,1988,173,67,Left,20.1,80,3,259,0.36,0.54,0.0,1.43,0.0,77.2,6.05,7.03,6.83,0.48,0.2,0.72,3.58,1.97,6.42,3.89,1,0
2680,Castagne,BEL,2022,LW,36,1986,193,71,Right,90.1,87,2,200,1.07,1.16,0.0,0.55,0.0,83.2,3.1,3.19,1.69,1.44,0.1,0.73,5.79,5.28,11.32,5.67,0,0
2681,Theate,BEL,2022,LW,19,2003,189,80,Both,27.5,86,5,408,0.41,0.85,0.0,0.27,0.0,71.9,1.62,4.56,2.55,2.06,-0.1,1.31,4.01,5.28,9.13,3.47,0,0
2682,Onana,BEL,2022,RB,30,1992,189,82,Right,77.4,94,7,552,0.15,0.43,0.0,2.74,0.0,86.0,7.64,7.43,9.75,0.52,0.1,0.39,6.56,1.54,5.92,5.21,0,0
2683,Debast,BEL,2022,RW,22,2000,181,78,Right,51.4,84,4,336,0.66,0.79,0.0,0.54,0.0,74.4,2.18,5.37,2.63,1.08,-0.6,1.35,14.07,3.55,16.87,5.32,0,0
2684,Openda,BEL,2022,CDM,31,1991,181,86,Right,44.0,82,5,478,0.22,0.38,0.0,0.8,0.0,87.7,4.13,10.13,9.18,0.5,-0.1,0.17,4.44,0.76,4.31,10.24,1,0
2685,Lukebakio,BEL,2022,CM,20,2002,176,74,Right,19.0,60,3,303,0.26,0.56,0.0,1.47,0.0,84.3,12.02,6.05,5.33,0.59,0.2,0.29,10.68,1.41,7.26,6.65,0,0
2686,Bakayoko,BEL,2022,RW,23,1999,179,83,Left,33.6,79,3,296,0.67,0.72,0.0,0.41,0.0,73.1,2.76,4.94,1.91,1.79,0.4,1.31,10.28,3.11,16.31,6.15,0,0
2687,Mignolet,BEL,2022,ST,22,2000,194,72,Left,87.4,88,5,467,1.64,0.57,0.0,0.0,0.0,74.9,1.35,1.76,1.18,0.71,0.3,1.57,10.76,3.54,5.12,2.34,0,0
2688,Casteels,BEL,2022,GK,34,1988,193,84,Right,34.5,63,6,491,0.0,0.0,16.46,1.73,2.35,85.3,1.39,2.53,4.28,0.0,1.0,0.22,0.0,0.0,0.0,1.27,0,0
2689,Kaminski,BEL,2022,CB,20,2002,183,78,Right,88.5,97,3,285,0.21,0.12,0.0,2.93,0.0,85.1,9.54,9.82,28.83,0.68,0.2,0.79,3.88,1.03,2.05,4.63,0,0
2690,De Ketelaere,BEL,2022,CM,20,2002,186,83,Left,9.8,68,3,280,0.39,0.58,0.0,1.41,0.0,89.9,10.56,10.21,5.73,0.82,-0.4,-0.35,8.37,2.63,6.47,5.52,0,0
2691,Mangala,BEL,2022,GK,21,2001,188,92,Right,10.4,65,6,556,0.0,0.0,16.27,1.13,4.06,80.7,1.57,1.49,7.39,0.0,0.5,0.13,0.0,0.0,0.0,1.34,0,0
2692,Neuer,GER,2022,ST,37,1985,183,65,Left,39.5,76,4,403,1.07,0.34,0.0,0.0,0.0,69.5,1.42,1.48,1.18,1.15,-0.1,1.11,12.15,3.43,7.14,9.07,0,0
2693,Muller,GER,2022,LW,37,1985,177,87,Right,44.3,79,3,303,0.54,1.34,0.0,0.4,0.0,78.2,2.72,3.65,0.0,1.18,-0.0,0.75,8.72,2.3,9.86,4.17,0,0
2694,Gnabry,GER,2022,CB,30,1992,190,86,Right,25.1,82,0,33,0.03,0.08,0.0,0.78,0.0,88.3,9.4,10.24,16.5,0.65,0.3,0.21,4.84,1.25,3.01,10.54,1,0
2695,Kimmich,GER,2022,CM,27,1995,179,74,Right,16.1,79,5,406,0.26,0.5,0.0,1.48,0.0,92.8,6.9,8.35,7.87,0.66,0.4,0.78,9.54,1.8,8.07,5.64,1,0
2696,Goretzka,GER,2022,CM,21,2001,172,88,Right,22.8,70,4,347,0.49,0.46,0.0,1.33,0.0,89.9,8.81,5.65,6.51,0.97,0.2,0.66,4.92,3.08,5.23,5.54,0,0
2697,Hummels,GER,2022,RW,33,1989,194,74,Right,73.5,84,4,344,0.78,0.56,0.0,0.59,0.0,72.0,3.47,5.24,2.67,1.45,0.2,1.07,6.87,3.57,16.16,2.47,0,0
2698,Rudiger,GER,2022,LB,19,2003,190,77,Both,47.2,87,5,391,0.14,0.4,0.0,2.0,0.0,84.7,7.38,8.09,13.54,0.7,0.0,0.76,5.13,2.01,3.2,6.85,0,0
2699,Sule,GER,2022,GK,34,1988,183,82,Left,58.0,80,5,467,0.0,0.0,23.92,2.26,2.39,84.4,0.78,1.72,6.04,0.0,0.6,0.65,0.0,0.0,0.0,0.94,0,0
2700,Gosens,GER,2022,CM,31,1991,184,79,Both,24.8,71,5,395,0.42,0.77,0.0,0.53,0.0,84.9,10.63,9.24,4.84,0.74,-0.3,0.17,5.56,2.83,7.13,5.88,0,0
2701,Havertz,GER,2022,CAM,20,2002,183,87,Left,35.3,77,4,361,0.64,0.86,0.0,0.55,0.0,85.2,3.99,5.73,1.77,1.57,0.2,0.8,7.74,2.32,9.23,6.03,0,0
2702,Sané,GER,2022,ST,32,1990,171,70,Right,27.2,76,2,232,1.11,0.19,0.0,0.0,0.0,69.5,2.38,3.41,0.5,1.44,-0.3,1.41,11.3,2.91,6.25,4.99,0,0
2703,Werner,GER,2022,LW,29,1993,185,83,Right,98.2,84,4,362,0.81,1.07,0.0,0.46,0.0,75.6,1.84,1.91,1.91,1.51,0.0,1.11,6.93,4.02,11.11,5.51,0,0
2704,Ginter,GER,2022,CB,37,1985,183,85,Left,12.3,85,1,96,0.2,0.1,0.0,2.22,0.0,83.6,8.62,10.37,23.51,0.2,-0.0,0.15,2.08,1.05,2.69,8.0,0,0
2705,Kehrer,GER,2022,CB,29,1993,194,83,Left,40.6,84,5,471,0.34,0.17,0.0,2.68,0.0,88.3,6.36,8.72,8.12,0.72,-0.3,0.29,3.55,0.57,2.68,2.05,0,0
2706,Trapp,GER,2022,LB,26,1996,182,89,Both,77.3,84,4,361,0.31,0.74,0.0,1.68,0.0,81.2,14.06,7.57,9.8,1.03,0.4,0.32,4.86,1.93,2.92,7.42,1,0
2707,Ter Stegen,GER,2022,RB,27,1995,177,66,Right,35.9,96,1,170,0.26,0.54,0.0,3.2,0.0,82.8,10.68,8.49,7.07,0.71,0.2,0.66,4.1,1.52,7.33,6.15,0,0
2708,Brandt,GER,2022,RW,19,2003,190,82,Right,89.5,77,5,388,0.57,0.57,0.0,0.68,0.0,78.2,2.65,5.96,2.69,1.05,0.0,1.28,9.04,5.35,12.33,5.69,0,0
2709,Reus,GER,2022,GK,35,1987,195,83,Left,11.5,76,5,456,0.0,0.0,15.43,0.87,3.21,81.0,0.99,2.0,5.61,0.0,1.5,0.03,0.0,0.0,0.0,0.97,0,0
2710,Can,GER,2022,CDM,30,1992,186,77,Left,30.8,74,2,197,0.19,0.25,0.0,1.0,0.0,86.5,14.59,12.67,7.4,0.47,-0.0,0.45,4.56,1.34,3.27,9.76,1,0
2711,Schlotterbeck,GER,2022,CDM,19,2003,190,84,Left,53.7,71,2,260,0.23,0.31,0.0,1.15,0.0,87.9,16.38,18.03,5.89,0.53,-0.4,0.35,3.84,1.01,2.12,8.12,1,0
2712,Adeyemi,GER,2022,GK,21,2001,184,86,Right,21.1,75,4,344,0.0,0.0,13.12,1.73,3.97,89.8,0.66,2.34,5.87,0.0,0.7,0.46,0.0,0.0,0.0,1.19,0,0
2713,Musiala,GER,2022,RB,35,1987,186,81,Right,35.7,89,2,217,0.14,0.62,0.0,2.98,0.0,83.3,11.36,10.89,9.89,1.17,0.5,0.5,3.85,2.8,3.13,5.78,0,0
2714,Wirtz,GER,2022,CB,23,1999,182,65,Right,24.8,75,4,401,0.4,0.08,0.0,1.13,0.0,86.1,8.05,13.09,24.74,0.54,0.7,0.8,5.06,1.1,1.23,4.84,0,0
2715,Suarez,URU,2022,LB,35,1987,187,75,Right,61.6,95,3,272,0.24,0.67,0.0,3.25,0.0,89.0,6.58,4.88,11.24,0.96,-0.1,0.27,3.19,1.94,4.38,3.35,1,0
2716,Cavani,URU,2022,RB,19,2003,171,82,Both,50.2,80,3,321,0.35,0.6,0.0,2.87,0.0,82.2,9.85,5.47,6.18,1.0,-0.4,-0.43,2.71,0.34,6.34,5.15,0,0
2717,Godin,URU,2022,LB,25,1997,193,70,Right,57.9,96,4,346,0.35,0.92,0.0,2.3,0.0,83.2,12.39,6.54,8.37,0.97,-0.3,0.76,5.91,1.56,5.56,6.11,0,0
2718,Gimenez,URU,2022,CDM,27,1995,192,80,Left,60.9,80,4,368,0.15,0.36,0.0,1.28,0.0,89.6,11.17,12.53,4.93,0.65,-0.0,-0.09,6.48,1.26,5.26,6.4,1,0
2719,Valverde,URU,2022,CDM,27,1995,176,74,Left,48.8,77,5,473,0.2,0.28,0.0,0.87,0.0,93.1,17.5,10.14,8.7,0.67,0.1,0.44,3.32,1.58,3.33,9.56,1,0
2720,Bentancur,URU,2022,LW,32,1990,172,80,Both,32.3,73,3,231,0.68,0.88,0.0,0.45,0.0,83.0,3.21,2.6,1.31,0.98,-0.2,0.48,12.76,3.54,11.75,7.0,0,0
2721,Nunez,URU,2022,RW,29,1993,177,80,Left,57.4,80,4,363,0.84,1.12,0.0,0.47,0.0,78.7,2.36,3.88,2.61,1.61,0.0,1.23,1.79,2.73,13.41,6.38,0,0
2722,De Arrascaeta,URU,2022,CB,31,1991,170,70,Right,61.0,79,6,493,0.25,0.07,0.0,2.03,0.0,81.6,13.34,6.89,28.77,0.79,0.1,0.41,3.7,0.8,2.52,5.2,0,0
2723,Pellistri,URU,2022,CB,30,1992,179,84,Right,84.2,89,3,270,0.16,0.11,0.0,2.3,0.0,85.3,10.43,12.01,35.59,0.54,0.1,0.7,4.07,0.83,2.13,6.02,1,0
2724,Olivera,URU,2022,CB,33,1989,177,88,Left,27.2,79,3,276,0.29,0.12,0.0,1.89,0.0,84.7,6.3,11.55,30.03,0.73,0.0,0.04,3.81,1.32,1.75,7.2,0,0
2725,Coates,URU,2022,GK,32,1990,193,76,Right,60.2,86,4,347,0.0,0.0,22.21,2.75,4.06,85.1,0.82,2.23,5.74,0.0,-0.3,0.14,0.0,0.0,0.0,1.0,0,0
2726,Rochet,URU,2022,CAM,37,1985,174,74,Left,16.5,85,6,590,0.24,0.8,0.0,0.53,0.0,85.3,4.28,8.91,1.83,1.5,-0.1,0.75,10.7,4.2,12.94,5.27,0,0
2727,Mele,URU,2022,CM,32,1990,190,65,Right,11.2,71,4,354,0.17,0.32,0.0,0.73,0.0,81.2,6.5,5.21,7.38,0.57,0.0,0.74,6.77,2.73,8.85,6.31,0,0
2728,Caceres,URU,2022,GK,34,1988,198,92,Right,17.5,85,3,249,0.0,0.0,16.1,1.92,2.09,86.0,0.56,1.58,3.04,0.0,0.5,0.15,0.0,0.0,0.0,0.88,0,0
2729,Vina,URU,2022,LW,31,1991,185,81,Right,57.9,73,3,298,0.51,1.18,0.0,0.34,0.0,81.2,3.54,5.63,2.46,0.42,0.0,0.91,13.49,3.65,11.23,2.95,0,0
2730,Torres,URU,2022,CM,35,1987,186,87,Both,10.5,64,4,348,0.22,0.57,0.0,1.24,0.0,88.5,8.87,6.46,7.14,0.86,-0.2,0.8,7.19,2.43,9.64,3.83,0,0
2731,Canobbio,URU,2022,ST,22,2000,174,88,Right,104.9,89,3,295,1.2,0.48,0.0,0.0,0.0,74.9,3.17,3.96,0.82,0.69,-0.5,1.42,18.05,4.76,5.45,8.37,0,0
2732,Araujo,URU,2022,CM,30,1992,170,78,Both,25.3,76,3,299,0.46,0.71,0.0,0.95,0.0,86.9,9.11,13.04,5.48,0.76,-0.4,0.51,6.97,1.8,4.62,5.91,1,0
2733,Gonzalez,URU,2022,RB,22,2000,184,89,Right,55.6,83,5,452,0.47,0.49,0.0,2.04,0.0,79.2,13.13,6.35,12.3,1.14,0.0,-0.06,5.5,2.64,8.22,4.9,0,0
2734,Rodriguez,URU,2022,ST,37,1985,188,76,Right,45.8,91,4,364,0.85,0.57,0.0,0.0,0.0,71.7,2.85,1.27,0.44,0.52,-0.0,1.3,11.73,6.05,9.63,8.58,0,0
2735,Alvarez,URU,2022,CB,33,1989,185,84,Right,19.3,85,5,467,0.15,0.1,0.0,1.99,0.0,81.7,7.62,9.66,19.1,0.43,-0.4,0.48,3.12,1.16,1.81,6.25,1,0
2736,Bueno,URU,2022,GK,24,1998,198,76,Right,14.8,78,5,373,0.0,0.0,18.85,2.58,4.46,79.8,1.05,1.21,4.43,0.0,0.8,-0.16,0.0,0.0,0.0,1.09,0,0
2737,Lopez,URU,2022,RW,30,1992,180,65,Both,39.5,80,2,197,0.77,0.92,0.0,0.24,0.0,80.2,2.78,4.5,0.99,1.23,-0.2,1.05,7.94,4.08,12.29,4.31,0,0
2738,Vinicius Freitas,ECU,2022,CDM,23,1999,194,78,Right,65.5,79,3,287,0.21,0.24,0.0,1.2,0.0,87.5,11.21,13.57,8.45,0.43,0.2,0.63,2.39,1.6,4.07,6.79,1,0
2739,Marcelo Martins,ECU,2022,RB,34,1988,186,80,Right,64.6,78,3,251,0.27,0.57,0.0,1.96,0.0,86.7,10.56,9.17,11.54,0.69,0.0,0.28,7.18,2.21,6.46,3.81,0,0
2740,Alexandre Cardoso,ECU,2022,CB,30,1992,193,80,Left,38.4,77,4,380,0.23,0.1,0.0,1.65,0.0,90.4,6.98,5.86,22.38,0.21,-0.0,-0.08,3.56,1.23,2.35,7.44,1,0
2741,Paulo Gomes,ECU,2022,GK,21,2001,195,88,Left,12.0,81,2,189,0.0,0.0,20.3,2.53,1.71,85.3,1.34,2.81,4.14,0.0,0.1,-0.04,0.0,0.0,0.0,0.69,0,0
2742,Andre Santos,ECU,2022,LW,34,1988,182,72,Right,27.8,73,2,214,0.45,0.99,0.0,0.66,0.0,78.7,2.13,3.6,1.99,1.31,-0.1,1.37,12.71,2.85,16.3,4.02,0,0
2743,Gustavo Araujo,ECU,2022,CB,34,1988,176,72,Right,62.4,77,2,187,0.18,0.1,0.0,2.34,0.0,94.9,9.01,4.72,24.79,0.54,0.0,0.15,3.78,1.13,1.86,9.31,0,0
2744,Fernando Costa,ECU,2022,LB,24,1998,183,82,Right,52.3,92,3,232,0.32,0.8,0.0,2.33,0.0,84.6,9.15,7.86,10.4,0.79,0.4,0.32,8.03,2.33,5.89,5.69,0,0
2745,Arthur Souza,ECU,2022,RW,23,1999,177,71,Right,102.7,82,1,165,1.06,0.74,0.0,0.48,0.0,82.2,2.91,5.12,2.5,0.87,0.5,1.43,9.85,1.88,8.56,1.95,0,0
2746,Rodrigo Carvalho,ECU,2022,CM,35,1987,171,69,Right,6.6,60,2,227,0.31,0.56,0.0,1.63,0.0,92.5,3.35,10.27,4.11,1.34,0.4,-0.07,3.85,1.34,3.99,5.68,0,0
2747,Gustavo Ferreira,ECU,2022,ST,20,2002,175,78,Left,111.1,77,3,269,1.32,0.37,0.0,0.0,0.0,68.6,1.74,2.68,1.08,0.32,0.1,1.24,10.76,5.62,7.22,4.67,0,0
2748,Diego Oliveira,ECU,2022,LB,25,1997,189,87,Right,45.1,83,4,416,0.27,0.49,0.0,1.87,0.0,83.9,8.79,4.59,6.73,0.37,-0.0,0.65,3.79,1.76,6.7,6.27,1,0
2749,Eduardo Mendes,ECU,2022,ST,36,1986,192,75,Right,68.0,76,3,285,1.21,0.35,0.0,0.0,0.0,73.4,2.24,3.75,0.33,1.07,-0.4,0.86,14.14,6.39,12.04,9.32,0,0
2750,Rafael Cavalcanti,ECU,2022,CB,21,2001,189,67,Left,74.8,86,3,299,0.18,0.14,0.0,2.73,0.0,89.2,7.56,9.73,27.48,0.63,0.3,0.27,1.5,1.12,1.26,4.94,1,0
2751,Thiago Almeida,ECU,2022,CAM,24,1998,179,68,Right,48.7,71,5,488,0.57,0.3,0.0,0.72,0.0,88.8,4.04,5.89,1.91,1.0,0.5,0.61,7.41,2.96,11.86,6.8,0,0
2752,Vinicius Santos,ECU,2022,CB,35,1987,185,66,Right,32.6,94,5,412,0.15,0.07,0.0,2.73,0.0,89.7,5.93,9.16,49.62,0.49,-0.3,0.78,2.91,1.04,0.92,6.11,0,0
2753,Alexandre Gomes,ECU,2022,GK,29,1993,198,88,Right,0.8,60,3,308,0.0,0.0,15.61,0.79,4.4,87.7,1.54,3.21,5.09,0.0,-0.1,-0.68,0.0,0.0,0.0,0.49,0,0
2754,Rodrigo Nascimento,ECU,2022,CM,36,1986,184,81,Left,12.7,81,3,264,0.43,0.66,0.0,1.46,0.0,91.0,8.93,5.66,7.08,0.79,0.3,0.74,7.75,1.24,5.93,7.78,0,0
2755,Vinicius Lima,ECU,2022,LW,21,2001,192,65,Right,32.2,77,1,115,0.75,0.67,0.0,0.43,0.0,76.4,0.43,1.72,1.82,1.5,0.0,0.62,12.16,1.15,17.44,6.35,0,0
2756,Lucas Costa,ECU,2022,CM,26,1996,192,87,Right,39.0,72,1,137,0.38,0.87,0.0,1.1,0.0,87.9,7.99,8.88,5.25,0.71,-0.7,0.25,7.05,1.8,8.7,11.95,0,0
2757,Gustavo Lima,ECU,2022,CDM,33,1989,170,81,Both,23.4,73,5,438,0.23,0.33,0.0,1.18,0.0,84.5,10.26,8.58,8.09,0.39,-0.3,0.14,2.98,1.08,4.49,8.22,1,0
2758,Diego Nascimento,ECU,2022,GK,27,1995,193,90,Left,77.2,82,3,269,0.0,0.0,23.26,2.67,4.42,86.6,1.26,2.19,4.79,0.0,0.2,0.2,0.0,0.0,0.0,0.64,0,0
2759,Heitor Monteiro,ECU,2022,RW,30,1992,172,70,Left,69.1,87,1,155,0.86,1.26,0.0,0.71,0.0,79.8,2.2,3.2,2.54,2.43,-0.4,1.03,11.0,4.02,13.57,4.07,0,0
2760,Bruno Almeida,ECU,2022,RB,24,1998,176,84,Right,49.4,82,5,444,0.28,0.49,0.0,1.57,0.0,87.2,10.57,6.08,2.73,1.04,0.3,0.64,6.32,1.94,7.2,5.2,0,0
2761,Joao Freitas,IRN,2022,CB,37,1985,174,66,Left,5.5,62,3,252,0.22,0.13,0.0,0.47,0.0,88.1,16.1,9.36,25.98,0.24,0.1,-0.35,3.11,0.95,1.79,5.15,0,0
2762,Paulo Rodrigues,IRN,2022,ST,35,1987,181,67,Left,71.1,88,4,355,1.35,0.27,0.0,0.0,0.0,74.7,2.03,2.16,1.23,1.14,-0.2,1.52,23.73,3.95,6.76,4.45,0,0
2763,Rodrigo Nascimento,IRN,2022,CM,27,1995,171,73,Right,52.3,74,2,250,0.42,0.6,0.0,1.01,0.0,82.3,8.05,11.44,3.4,0.7,-0.2,0.63,7.2,1.48,5.77,5.69,1,0
2764,Roberto Cardoso,IRN,2022,RB,29,1993,184,71,Right,51.2,83,2,245,0.15,0.66,0.0,1.48,0.0,86.8,6.01,9.87,16.45,0.87,-0.1,0.14,3.36,1.44,9.23,4.49,0,0
2765,Marcelo Rodrigues,IRN,2022,LW,20,2002,183,67,Right,104.7,80,0,72,0.59,1.03,0.0,0.44,0.0,74.2,3.72,2.48,2.46,1.27,-0.3,1.09,7.11,4.61,13.63,4.51,0,0
2766,Bruno Ribeiro,IRN,2022,RB,25,1997,173,80,Both,68.7,87,3,321,0.4,0.55,0.0,2.31,0.0,79.3,10.77,4.46,10.07,0.82,-0.0,0.38,5.66,2.32,6.32,3.74,0,0
2767,Andre Ferreira,IRN,2022,ST,23,1999,171,89,Right,127.0,91,3,282,1.55,0.46,0.0,0.0,0.0,66.7,2.06,1.35,1.02,1.21,0.0,1.53,9.07,6.58,4.3,6.08,0,0
2768,Carlos Ribeiro,IRN,2022,LB,28,1994,178,85,Right,38.0,95,3,264,0.28,0.56,0.0,2.05,0.0,78.9,13.02,6.13,8.23,1.03,0.6,0.18,8.14,1.54,4.51,5.69,0,0
2769,Bruno Pereira,IRN,2022,CM,24,1998,185,76,Left,10.7,60,2,226,0.24,0.66,0.0,0.38,0.0,82.2,7.89,6.55,4.27,0.67,-0.4,0.26,7.03,2.4,6.53,6.1,0,0
2770,Rafael Almeida,IRN,2022,CDM,34,1988,181,85,Left,30.3,75,2,186,0.25,0.21,0.0,1.17,0.0,91.7,10.54,13.5,4.0,0.52,0.5,0.27,3.15,0.87,1.7,6.1,1,0
2771,Felipe Mendes,IRN,2022,GK,21,2001,190,83,Right,9.9,80,6,514,0.0,0.0,15.74,1.49,2.76,84.3,0.96,1.81,4.79,0.0,0.7,0.08,0.0,0.0,0.0,0.91,0,0
2772,Matheus Freitas,IRN,2022,GK,32,1990,188,76,Both,17.8,77,3,282,0.0,0.0,7.86,1.68,2.55,88.8,1.0,1.49,5.31,0.0,0.6,-0.08,0.0,0.0,0.0,0.77,0,0
2773,Gabriel Barbosa,IRN,2022,RW,37,1985,193,80,Both,42.8,79,5,438,0.74,0.63,0.0,0.61,0.0,80.0,2.6,3.83,1.81,1.51,0.1,1.19,14.31,1.71,15.68,7.3,0,0
2774,Thiago Martins,IRN,2022,LW,34,1988,170,71,Left,70.3,78,3,227,0.45,0.85,0.0,0.62,0.0,77.5,1.51,2.93,2.52,0.73,-0.8,0.78,9.18,3.67,13.12,3.39,0,0
2775,Felipe Martins,IRN,2022,CM,23,1999,186,73,Both,41.9,74,2,187,0.47,0.44,0.0,1.44,0.0,85.2,8.72,8.05,7.76,0.5,-0.1,1.18,4.82,1.68,6.23,5.98,1,0
2776,Thiago Ferreira,IRN,2022,LB,32,1990,176,68,Left,64.8,94,5,462,0.25,0.31,0.0,2.25,0.0,81.0,9.16,8.28,8.26,0.73,-0.1,0.59,4.01,2.72,2.65,6.77,0,0
2777,Felipe Melo,IRN,2022,CDM,26,1996,176,66,Left,28.9,73,5,453,0.22,0.22,0.0,1.17,0.0,88.3,8.75,12.32,8.98,0.56,-0.5,0.04,1.6,0.66,3.83,7.2,1,0
2778,Ricardo Carvalho,IRN,2022,CB,29,1993,194,78,Right,31.8,69,2,195,0.14,0.13,0.0,1.59,0.0,91.7,7.25,7.93,32.04,0.43,0.1,-0.34,0.67,0.84,1.4,6.13,1,0
2779,Pedro Pereira,IRN,2022,CB,25,1997,171,79,Right,64.4,82,5,393,0.28,0.08,0.0,2.54,0.0,88.0,11.45,11.28,35.72,0.55,0.1,0.3,4.29,0.64,3.56,9.52,0,0
2780,Thiago Rocha,IRN,2022,CAM,32,1990,184,69,Right,31.5,80,4,325,0.54,1.08,0.0,0.25,0.0,82.6,5.01,6.45,2.28,1.57,-0.1,0.52,8.75,2.66,10.1,3.83,0,0
2781,Felipe Barbosa,IRN,2022,RW,35,1987,194,86,Right,37.9,75,3,236,0.58,1.35,0.0,0.43,0.0,78.1,2.91,4.27,1.28,1.13,0.4,0.69,14.04,4.54,7.32,4.63,0,0
2782,Arthur Pereira,IRN,2022,GK,33,1989,189,86,Left,16.1,74,4,352,0.0,0.0,16.19,1.93,4.19,82.5,1.18,2.58,5.59,0.0,0.2,0.24,0.0,0.0,0.0,0.48,0,0
2783,Gustavo Melo,IRN,2022,CB,21,2001,178,87,Left,60.8,78,2,245,0.3,0.11,0.0,1.99,0.0,86.7,8.24,8.8,32.25,0.52,-0.1,0.45,4.26,0.7,2.55,11.05,1,0
2784,Ricardo Freitas,WAL,2022,GK,21,2001,187,89,Right,30.7,75,5,439,0.0,0.0,11.78,2.28,2.35,83.5,0.99,2.47,5.3,0.0,0.3,0.14,0.0,0.0,0.0,0.96,0,0
2785,Leonardo Rodrigues,WAL,2022,CB,20,2002,187,85,Right,77.7,89,4,393,0.29,0.1,0.0,1.84,0.0,82.8,4.64,11.05,15.81,0.53,-0.1,0.48,2.86,0.91,0.82,5.15,0,0
2786,Gabriel Monteiro,WAL,2022,GK,20,2002,195,75,Right,26.9,65,5,392,0.0,0.0,6.89,1.62,3.82,85.9,0.72,2.96,5.54,0.0,0.5,0.01,0.0,0.0,0.0,0.98,0,0
2787,Roberto Souza,WAL,2022,ST,24,1998,190,81,Both,92.7,87,4,306,0.72,0.35,0.0,0.0,0.0,71.0,1.62,3.0,1.15,1.2,-0.2,2.07,8.67,4.46,10.78,7.48,0,0
2788,Heitor Araujo,WAL,2022,CB,23,1999,185,89,Right,46.8,88,3,292,0.21,0.11,0.0,2.65,0.0,92.6,9.88,13.68,26.29,0.54,-0.4,0.71,7.35,0.99,1.36,4.81,0,0
2789,Alexandre Souza,WAL,2022,CM,33,1989,177,71,Left,22.9,72,2,249,0.4,0.78,0.0,1.23,0.0,83.7,6.86,5.03,3.11,0.85,0.2,0.69,2.51,2.08,4.46,4.51,1,0
2790,Paulo Ribeiro,WAL,2022,LB,21,2001,191,86,Both,29.3,82,4,354,0.2,0.75,0.0,1.23,0.0,79.3,8.48,8.74,14.88,0.93,-0.2,1.06,3.91,2.09,5.42,5.63,0,0
2791,Paulo Cardoso,WAL,2022,CM,20,2002,189,71,Right,47.4,77,4,296,0.49,0.53,0.0,1.06,0.0,92.0,4.2,5.82,7.29,0.97,0.2,0.39,7.81,2.95,7.1,3.5,0,0
2792,Roberto Gomes,WAL,2022,CB,23,1999,179,75,Right,37.3,77,4,402,0.17,0.12,0.0,1.88,0.0,88.8,6.95,7.8,24.62,0.2,-0.2,0.26,4.03,0.86,1.31,6.7,0,0
2793,Vinicius Freitas,WAL,2022,CDM,35,1987,183,72,Left,35.3,73,3,283,0.3,0.29,0.0,0.95,0.0,90.7,16.75,5.49,10.0,0.48,0.0,0.12,5.76,1.34,4.0,6.01,1,0
2794,Ricardo Silva,WAL,2022,RW,26,1996,191,79,Right,78.1,79,4,364,0.84,1.09,0.0,0.41,0.0,79.2,2.8,2.9,1.47,2.51,0.3,0.73,12.52,1.5,13.99,3.64,0,0
2795,Lucas Pereira,WAL,2022,CM,37,1985,170,72,Right,20.3,78,4,405,0.56,0.54,0.0,0.84,0.0,84.6,8.8,10.06,5.03,0.73,0.3,0.61,6.59,2.37,7.59,6.36,1,0
2796,Heitor Rocha,WAL,2022,GK,22,2000,187,77,Left,17.5,74,4,336,0.0,0.0,16.71,2.29,3.14,83.5,0.78,1.8,8.78,0.0,0.5,-0.2,0.0,0.0,0.0,0.67,0,0
2797,Marcelo Pereira,WAL,2022,LW,22,2000,189,72,Right,64.5,74,2,201,0.56,0.86,0.0,0.3,0.0,77.2,2.36,4.56,3.04,1.72,-0.3,0.88,12.79,5.76,7.45,6.04,0,0
2798,Heitor Araujo,WAL,2022,CAM,33,1989,181,87,Left,32.1,81,3,282,0.97,1.35,0.0,0.61,0.0,86.2,3.89,1.53,2.91,0.89,0.3,0.91,9.36,2.35,12.99,3.05,0,0
2799,Paulo Gomes,WAL,2022,RB,34,1988,184,69,Both,24.1,99,4,352,0.38,0.43,0.0,2.97,0.0,85.7,9.24,7.19,8.98,0.97,0.1,0.59,5.66,1.73,4.68,4.4,0,0
2800,Vinicius Santos,WAL,2022,RB,19,2003,172,66,Right,54.3,72,4,303,0.35,0.38,0.0,1.77,0.0,81.4,13.15,7.76,10.16,1.02,0.1,0.12,6.62,2.85,6.95,7.14,0,0
2801,Diego Monteiro,WAL,2022,LB,32,1990,182,77,Right,59.8,79,3,344,0.26,0.78,0.0,1.69,0.0,84.1,10.32,9.64,11.86,1.18,0.4,0.41,2.09,0.09,6.26,7.19,0,0
2802,Leonardo Souza,WAL,2022,CB,31,1991,185,73,Right,72.4,84,4,345,0.13,0.06,0.0,2.93,0.0,93.5,4.18,10.02,31.99,0.26,-0.0,0.34,5.34,0.95,1.71,3.52,0,0
2803,Bruno Freitas,WAL,2022,RW,33,1989,183,81,Right,34.8,71,4,390,0.4,0.63,0.0,0.36,0.0,79.5,3.83,5.15,1.48,2.46,0.8,0.45,9.53,4.48,17.04,6.32,0,0
2804,Gabriel Gomes,WAL,2022,CDM,27,1995,177,74,Right,15.4,64,4,370,0.13,0.31,0.0,0.49,0.0,86.0,15.92,14.33,7.28,0.27,-0.2,0.11,5.56,1.44,5.13,8.19,0,0
2805,Arthur Cavalcanti,WAL,2022,LW,37,1985,193,68,Both,67.7,78,4,403,0.55,0.8,0.0,0.33,0.0,79.7,2.2,4.03,1.8,1.59,-0.0,1.03,13.49,2.78,11.01,5.62,0,0
2806,Andre Pereira,WAL,2022,ST,29,1993,192,78,Right,56.3,71,5,378,1.14,0.45,0.0,0.0,0.0,74.8,2.18,1.95,0.4,1.14,0.1,0.76,15.4,5.61,8.09,5.76,0,0
2807,Carlos Rodrigues,QAT,2022,LB,37,1985,176,80,Both,19.0,93,2,230,0.18,0.37,0.0,3.07,0.0,80.7,10.79,8.35,6.8,0.63,-0.1,0.02,6.0,1.7,7.1,8.21,1,0
2808,Matheus Ribeiro,QAT,2022,CB,19,2003,175,77,Left,14.2,78,3,303,0.11,0.07,0.0,1.83,0.0,87.5,8.97,8.93,41.91,0.68,-0.0,0.25,2.5,1.39,1.94,5.75,1,0
2809,Felipe Cavalcanti,QAT,2022,LB,20,2002,194,74,Right,86.2,81,4,427,0.4,0.63,0.0,2.09,0.0,79.3,10.38,10.49,8.51,0.67,-0.4,0.69,8.02,2.05,3.1,4.94,0,0
2810,Leonardo Costa,QAT,2022,CM,29,1993,190,87,Right,41.7,72,4,312,0.58,0.39,0.0,1.12,0.0,87.9,10.52,9.35,3.78,0.89,0.2,0.58,6.02,2.72,9.1,3.86,0,0
2811,Arthur Silva,QAT,2022,CM,25,1997,188,84,Right,27.6,70,5,502,0.45,0.64,0.0,1.17,0.0,85.8,2.81,7.27,5.81,0.85,0.0,0.32,9.67,3.02,5.31,6.07,0,0
2812,Fernando Melo,QAT,2022,GK,19,2003,191,77,Left,37.7,85,5,388,0.0,0.0,21.98,2.65,1.68,83.8,1.01,1.99,5.16,0.0,0.4,-0.1,0.0,0.0,0.0,0.83,0,0
2813,Carlos Freitas,QAT,2022,GK,20,2002,184,85,Right,6.4,68,4,332,0.0,0.0,13.46,1.16,3.16,82.5,1.36,1.87,5.0,0.0,1.0,-0.23,0.0,0.0,0.0,0.96,0,0
2814,Ricardo Nascimento,QAT,2022,CDM,37,1985,181,83,Right,30.3,64,1,168,0.24,0.34,0.0,0.66,0.0,91.4,10.63,13.19,5.77,0.58,0.7,0.18,1.62,0.64,5.47,7.37,1,0
2815,Alexandre Carvalho,QAT,2022,RW,32,1990,182,88,Right,79.1,78,4,392,0.63,0.52,0.0,0.5,0.0,82.0,2.02,2.55,2.35,0.85,-0.5,0.85,9.42,4.41,18.79,6.92,0,0
2816,Leonardo Costa,QAT,2022,ST,25,1997,181,65,Right,92.6,72,3,332,0.88,0.42,0.0,0.0,0.0,73.6,2.61,3.27,1.74,0.89,0.5,1.75,14.18,6.26,7.61,7.43,0,0
2817,Thiago Carvalho,QAT,2022,RW,26,1996,177,74,Left,59.0,92,2,195,0.61,1.18,0.0,0.49,0.0,77.9,3.39,6.3,1.51,1.35,-0.4,1.0,12.93,4.2,14.13,4.75,0,0
2818,Eduardo Santos,QAT,2022,CM,27,1995,194,76,Right,22.0,65,3,286,0.45,0.41,0.0,0.96,0.0,87.7,13.52,7.55,6.94,0.93,0.4,0.37,7.98,1.44,3.5,2.0,1,0
2819,Ricardo Cavalcanti,QAT,2022,CB,28,1994,180,79,Right,70.9,88,3,255,0.19,0.1,0.0,2.11,0.0,84.7,2.77,11.33,20.41,0.5,-0.1,0.14,2.63,1.29,1.46,6.54,0,0
2820,Ricardo Monteiro,QAT,2022,CDM,24,1998,175,73,Right,16.7,80,2,229,0.23,0.37,0.0,1.14,0.0,89.1,11.29,15.05,9.26,0.46,0.1,0.75,3.83,0.93,3.38,8.16,1,0
2821,Leonardo Rodrigues,QAT,2022,CAM,37,1985,181,73,Left,15.9,74,4,347,0.66,0.71,0.0,0.47,0.0,82.5,4.13,7.09,2.02,1.07,0.3,0.73,12.98,2.86,12.39,2.74,0,0
2822,Roberto Silva,QAT,2022,RB,33,1989,171,74,Right,49.1,87,2,214,0.23,0.62,0.0,2.17,0.0,83.0,12.22,9.99,16.0,0.98,0.5,0.48,5.49,2.59,4.25,4.11,1,0
2823,Fernando Freitas,QAT,2022,RB,31,1991,171,74,Left,20.9,76,3,290,0.24,0.47,0.0,1.03,0.0,87.0,10.1,5.88,10.51,0.64,-0.4,0.07,4.92,2.53,4.56,5.64,0,0
2824,Rafael Souza,QAT,2022,ST,31,1991,185,85,Right,65.6,75,4,343,0.94,0.34,0.0,0.0,0.0,73.4,2.02,1.77,1.16,0.48,-0.1,1.44,12.1,5.2,3.29,8.43,0,0
2825,Bruno Almeida,QAT,2022,LW,29,1993,180,82,Right,125.2,76,5,427,0.84,1.19,0.0,0.63,0.0,77.4,2.72,4.13,2.22,0.82,0.2,1.02,10.66,3.31,19.5,5.13,0,0
2826,Thiago Barbosa,QAT,2022,CB,37,1985,172,89,Left,32.4,80,1,156,0.17,0.1,0.0,1.79,0.0,90.9,11.94,9.46,32.4,0.46,0.4,0.14,5.04,0.51,1.58,4.82,1,0
2827,Paulo Melo,QAT,2022,CB,21,2001,185,65,Left,37.1,60,4,373,0.18,0.06,0.0,1.08,0.0,88.8,10.19,14.23,21.74,0.56,-0.2,0.08,4.36,0.71,1.4,5.44,1,0
2828,Vinicius Santos,QAT,2022,LW,29,1993,194,65,Right,92.6,82,2,240,0.46,1.04,0.0,0.6,0.0,71.4,2.9,3.06,2.82,1.52,-0.3,0.71,12.23,4.77,9.22,4.11,0,0
2829,Felipe Rocha,QAT,2022,GK,25,1997,193,92,Right,27.3,81,4,362,0.0,0.0,14.77,2.44,3.45,92.2,1.23,1.89,4.81,0.0,0.8,0.24,0.0,0.0,0.0,0.81,0,0
2830,Rodrigo Mendes,CAN,2022,GK,34,1988,192,81,Left,20.2,70,3,262,0.0,0.0,22.69,1.31,3.33,83.7,1.19,1.4,7.21,0.0,0.7,0.45,0.0,0.0,0.0,0.48,0,0
2831,Lucas Cardoso,CAN,2022,GK,37,1985,197,80,Left,11.8,84,5,456,0.0,0.0,17.49,2.33,2.66,87.0,1.14,1.85,4.35,0.0,0.2,-0.17,0.0,0.0,0.0,0.65,0,0
2832,Roberto Ribeiro,CAN,2022,ST,25,1997,191,82,Right,36.2,86,5,392,1.37,0.36,0.0,0.0,0.0,70.6,2.35,4.05,0.8,0.99,0.1,1.07,13.64,7.38,10.91,5.64,0,0
2833,Paulo Araujo,CAN,2022,ST,31,1991,175,73,Right,53.7,80,3,254,0.54,0.54,0.0,0.0,0.0,73.7,1.63,2.8,0.95,0.73,0.4,1.58,13.52,5.55,7.27,7.69,0,0
2834,Alexandre Lima,CAN,2022,CAM,30,1992,171,72,Right,87.6,68,4,298,1.09,0.78,0.0,0.57,0.0,78.7,4.43,6.2,1.74,0.66,-0.2,0.63,6.34,4.67,10.66,3.98,0,0
2835,Arthur Rodrigues,CAN,2022,CB,25,1997,185,82,Left,44.9,73,3,321,0.22,0.14,0.0,1.66,0.0,90.3,5.58,7.57,27.65,0.42,0.3,-0.07,3.98,0.73,2.4,7.2,0,0
2836,Matheus Mendes,CAN,2022,LW,25,1997,177,71,Right,30.1,75,6,542,0.65,0.9,0.0,0.71,0.0,74.4,2.96,5.16,0.46,1.02,0.1,0.89,11.33,1.23,12.37,6.67,0,0
2837,Leonardo Oliveira,CAN,2022,RB,27,1995,174,67,Left,90.6,83,3,271,0.31,0.95,0.0,1.47,0.0,80.1,10.2,4.76,9.84,0.85,0.3,0.2,7.23,1.8,4.17,3.27,0,0
2838,Carlos Santos,CAN,2022,CB,19,2003,184,89,Left,51.8,86,2,230,0.17,0.15,0.0,2.93,0.0,88.8,6.38,6.9,23.88,0.57,-0.1,0.15,3.97,1.07,1.55,5.08,0,0
2839,Bruno Silva,CAN,2022,CB,33,1989,191,75,Right,45.0,87,6,489,0.22,0.08,0.0,1.81,0.0,87.2,8.49,13.02,35.33,0.54,-0.2,0.77,4.77,0.7,3.09,7.46,0,0
2840,Felipe Pereira,CAN,2022,CB,36,1986,172,67,Left,36.7,85,4,363,0.25,0.13,0.0,2.47,0.0,90.3,7.73,10.49,25.66,0.29,0.1,0.28,5.67,0.63,2.77,6.78,1,0
2841,Rafael Souza,CAN,2022,RW,37,1985,171,76,Right,69.8,86,1,116,1.0,0.84,0.0,0.42,0.0,79.0,1.96,2.87,2.35,0.25,0.2,0.54,10.58,2.18,18.42,6.79,0,0
2842,Heitor Monteiro,CAN,2022,RW,22,2000,192,71,Left,75.7,78,3,272,0.8,0.88,0.0,0.42,0.0,77.0,2.38,1.19,2.35,2.26,-0.6,0.79,12.36,6.17,20.01,6.58,0,0
2843,Fernando Araujo,CAN,2022,LB,26,1996,183,81,Left,74.9,86,4,311,0.24,0.36,0.0,3.45,0.0,79.4,8.82,7.21,6.29,1.13,-0.0,0.2,5.35,1.69,5.67,5.95,0,0
2844,Rafael Freitas,CAN,2022,LB,35,1987,178,69,Right,86.6,83,5,428,0.25,0.5,0.0,2.96,0.0,77.4,7.56,11.87,10.35,0.64,-0.2,0.22,4.99,2.12,6.54,3.75,0,0
2845,Paulo Monteiro,CAN,2022,GK,24,1998,196,80,Right,4.7,66,3,285,0.0,0.0,21.4,1.01,4.21,88.1,1.44,1.49,3.35,0.0,0.4,0.05,0.0,0.0,0.0,0.83,0,0
2846,Vinicius Gomes,CAN,2022,RB,21,2001,174,81,Right,79.6,90,4,329,0.3,0.4,0.0,2.06,0.0,80.8,14.51,9.57,9.92,0.67,0.2,0.95,7.6,1.81,6.87,2.7,0,0
2847,Thiago Oliveira,CAN,2022,CDM,26,1996,194,85,Right,63.2,67,5,498,0.1,0.24,0.0,1.43,0.0,93.0,11.67,7.78,6.96,0.65,0.5,0.09,4.87,0.96,4.28,8.1,1,0
2848,Lucas Silva,CAN,2022,LW,30,1992,190,73,Both,113.3,73,4,412,0.95,0.75,0.0,0.51,0.0,76.5,2.06,3.35,2.33,1.6,-0.6,1.02,7.08,6.46,14.81,4.14,0,0
2849,Eduardo Araujo,CAN,2022,CM,20,2002,179,85,Right,25.8,78,1,125,0.48,0.43,0.0,0.85,0.0,85.3,5.38,5.03,3.29,0.81,0.1,0.58,3.29,1.92,5.7,7.95,0,0
2850,Rodrigo Martins,CAN,2022,CM,35,1987,180,83,Right,44.1,72,3,290,0.39,0.43,0.0,0.94,0.0,83.1,7.64,11.87,3.49,1.19,-0.0,0.82,7.34,2.16,6.7,4.81,0,0
2851,Fernando Gomes,CAN,2022,CDM,36,1986,171,87,Both,27.3,75,5,466,0.12,0.25,0.0,1.15,0.0,89.2,10.38,15.8,10.56,0.37,0.1,0.21,5.86,0.77,3.12,7.1,1,0
2852,Vinicius Nascimento,CAN,2022,CM,20,2002,188,84,Right,21.3,71,4,331,0.47,0.34,0.0,1.36,0.0,87.1,9.06,9.88,7.23,1.08,-0.4,-0.13,6.39,2.43,6.42,7.49,1,0
2853,Matheus Melo,DEN,2022,RB,27,1995,173,89,Left,103.1,91,3,268,0.26,0.6,0.0,2.71,0.0,81.6,11.75,6.4,9.56,1.08,-0.1,0.62,6.23,2.27,6.14,5.41,1,0
2854,Gustavo Carvalho,DEN,2022,LW,22,2000,194,66,Right,56.3,76,2,214,0.78,0.91,0.0,0.48,0.0,74.5,3.67,4.01,2.36,1.74,0.0,0.61,6.86,4.74,15.28,6.33,0,0
2855,Gabriel Araujo,DEN,2022,LB,37,1985,174,75,Right,49.4,99,4,314,0.3,0.7,0.0,3.15,0.0,84.1,10.27,5.21,8.11,0.67,0.1,-0.1,6.65,2.88,3.88,4.83,1,0
2856,Rodrigo Nascimento,DEN,2022,RB,25,1997,181,86,Right,40.5,91,4,372,0.49,0.66,0.0,1.41,0.0,87.3,2.73,5.95,6.59,0.45,-0.2,0.48,3.18,2.7,3.42,3.79,1,0
2857,Eduardo Nascimento,DEN,2022,CB,37,1985,184,72,Right,24.4,78,4,403,0.21,0.06,0.0,2.74,0.0,86.6,5.95,4.92,29.6,0.78,-0.2,0.04,4.11,1.05,2.31,8.2,1,0
2858,Gabriel Cardoso,DEN,2022,CB,37,1985,185,85,Left,51.9,82,4,371,0.26,0.11,0.0,2.81,0.0,88.2,11.85,13.98,29.49,0.32,-0.5,-0.22,3.66,1.18,1.89,3.21,1,0
2859,Andre Cardoso,DEN,2022,CB,37,1985,176,79,Right,48.3,77,4,384,0.18,0.13,0.0,2.33,0.0,90.2,10.27,17.45,21.0,0.35,0.1,-0.06,5.06,0.92,1.96,4.66,0,0
2860,Diego Rocha,DEN,2022,ST,37,1985,184,84,Both,75.5,86,4,341,1.46,0.45,0.0,0.0,0.0,69.3,2.96,2.71,0.83,1.07,-0.1,1.46,15.81,7.49,8.34,7.49,0,0
2861,Thiago Carvalho,DEN,2022,CDM,36,1986,187,80,Left,12.4,74,4,382,0.21,0.36,0.0,0.75,0.0,88.1,16.98,14.93,7.29,0.63,0.3,0.37,3.77,1.02,5.22,4.34,1,0
2862,Leonardo Lima,DEN,2022,CM,22,2000,190,79,Left,28.4,60,6,561,0.14,0.42,0.0,0.69,0.0,87.5,10.34,7.58,5.74,1.15,-0.3,0.4,6.94,2.08,7.68,4.49,1,0
2863,Thiago Carvalho,DEN,2022,CB,28,1994,184,86,Left,91.6,87,5,417,0.25,0.11,0.0,2.42,0.0,90.6,11.59,11.99,18.73,0.22,0.2,-0.06,6.59,0.89,2.53,4.41,1,0
2864,Arthur Costa,DEN,2022,GK,34,1988,183,90,Right,18.6,70,3,254,0.0,0.0,15.89,1.6,1.24,88.1,0.58,2.36,4.41,0.0,0.4,-0.62,0.0,0.0,0.0,0.88,0,0
2865,Arthur Ferreira,DEN,2022,CM,30,1992,188,87,Right,25.3,67,2,208,0.59,0.66,0.0,0.82,0.0,91.2,10.59,5.47,2.45,0.76,-0.3,-0.0,5.37,1.83,4.57,3.56,0,0
2866,Rodrigo Costa,DEN,2022,RW,30,1992,183,74,Right,58.4,73,2,201,0.81,0.6,0.0,0.26,0.0,75.7,2.53,5.35,2.28,1.76,0.0,0.31,11.48,4.26,10.3,7.07,0,0
2867,Pedro Ribeiro,DEN,2022,CDM,31,1991,186,89,Left,15.9,74,4,310,0.23,0.4,0.0,0.97,0.0,87.4,12.75,16.54,10.32,0.7,-0.1,0.45,3.76,0.68,4.69,7.23,0,0
2868,Heitor Cardoso,DEN,2022,CM,25,1997,192,78,Right,12.9,60,4,363,0.27,0.3,0.0,1.35,0.0,90.4,13.48,9.12,5.04,0.59,-0.6,0.84,7.62,1.49,9.27,6.83,0,0
2869,Rafael Rodrigues,DEN,2022,LW,28,1994,182,80,Left,48.3,83,0,77,0.79,0.63,0.0,0.72,0.0,82.2,2.03,2.14,2.44,1.35,0.3,1.27,5.7,3.01,19.46,5.53,0,0
2870,Roberto Lima,DEN,2022,GK,26,1996,186,81,Left,19.5,83,1,170,0.0,0.0,16.62,2.69,3.27,82.3,0.64,2.16,3.27,0.0,0.5,0.31,0.0,0.0,0.0,0.61,0,0
2871,Rafael Araujo,DEN,2022,CAM,36,1986,176,77,Right,31.0,81,3,299,0.54,1.23,0.0,0.63,0.0,89.3,1.8,4.41,2.53,0.94,-0.3,0.38,10.85,2.32,12.21,5.81,0,0
2872,Felipe Martins,DEN,2022,RW,22,2000,173,81,Left,19.0,83,4,390,0.86,0.4,0.0,0.69,0.0,80.7,2.75,3.51,3.11,1.76,0.3,1.17,6.45,4.49,13.14,5.97,0,0
2873,Joao Melo,DEN,2022,LB,29,1993,193,87,Right,55.8,94,4,319,0.33,0.62,0.0,2.09,0.0,78.9,4.75,9.49,10.35,1.01,0.1,0.35,4.6,1.37,3.47,4.06,1,0
2874,Rafael Mendes,DEN,2022,ST,19,2003,190,68,Right,73.7,84,6,559,1.12,0.35,0.0,0.0,0.0,72.7,2.29,3.59,1.16,1.0,0.1,1.55,10.67,4.56,8.31,5.15,0,0
2875,Vinicius Ferreira,DEN,2022,GK,35,1987,184,83,Left,25.0,67,2,185,0.0,0.0,15.35,1.38,2.36,83.4,1.07,1.53,3.98,0.0,1.0,0.08,0.0,0.0,0.0,0.98,0,0
2876,Pedro Dias,TUN,2022,RW,19,2003,189,87,Left,111.4,80,4,396,0.92,0.63,0.0,0.66,0.0,79.7,3.51,3.6,2.44,1.67,-0.4,1.23,9.53,3.46,15.08,8.15,0,0
2877,Alexandre Rodrigues,TUN,2022,LB,21,2001,171,73,Left,29.2,84,2,227,0.35,0.51,0.0,1.67,0.0,81.8,15.04,5.63,15.49,0.48,-0.4,0.35,2.65,1.61,5.76,4.17,0,0
2878,Eduardo Carvalho,TUN,2022,CB,33,1989,179,69,Left,36.0,71,4,314,0.19,0.13,0.0,0.79,0.0,87.4,7.81,13.03,34.0,0.45,0.1,0.56,2.66,0.76,2.09,5.85,0,0
2879,Alexandre Araujo,TUN,2022,CM,33,1989,186,88,Left,31.2,75,4,390,0.35,0.51,0.0,1.08,0.0,88.1,10.15,5.68,5.78,1.23,-0.0,0.22,4.93,1.16,10.57,5.12,0,0
2880,Diego Oliveira,TUN,2022,RB,26,1996,175,86,Left,22.6,87,2,194,0.37,0.6,0.0,2.14,0.0,78.0,9.82,12.43,16.74,0.57,-0.2,0.28,3.14,2.12,7.15,6.78,0,0
2881,Heitor Oliveira,TUN,2022,LW,31,1991,183,67,Right,23.3,79,5,467,0.61,0.33,0.0,0.41,0.0,80.1,3.66,3.76,1.58,2.19,0.1,0.96,10.85,4.06,15.15,3.7,0,0
2882,Andre Rodrigues,TUN,2022,ST,24,1998,173,67,Left,109.2,84,3,289,1.57,0.44,0.0,0.0,0.0,75.0,2.06,4.05,1.06,0.84,0.3,1.09,5.94,5.26,8.71,9.14,0,0
2883,Thiago Rodrigues,TUN,2022,LW,24,1998,190,80,Right,34.8,73,4,360,0.81,0.61,0.0,0.42,0.0,78.0,3.79,2.56,2.29,1.57,-0.2,1.08,12.74,4.14,20.05,6.46,0,0
2884,Rodrigo Costa,TUN,2022,CM,31,1991,172,73,Right,43.4,65,3,290,0.48,0.47,0.0,0.82,0.0,87.7,11.87,2.4,4.78,0.62,-0.3,0.29,6.98,1.35,7.44,4.92,0,0
2885,Gustavo Rodrigues,TUN,2022,CAM,26,1996,190,78,Right,70.5,72,2,225,0.33,1.2,0.0,0.54,0.0,81.1,3.17,7.31,2.52,1.32,-0.2,0.26,7.48,3.24,9.13,4.09,0,0
2886,Lucas Souza,TUN,2022,CB,33,1989,175,69,Left,83.8,83,2,229,0.19,0.08,0.0,2.54,0.0,90.2,9.86,13.65,41.26,0.34,-0.1,0.33,3.76,0.84,2.08,6.32,0,0
2887,Ricardo Martins,TUN,2022,CDM,30,1992,173,68,Right,44.7,75,6,456,0.32,0.33,0.0,1.1,0.0,86.5,8.2,8.23,6.5,0.29,0.3,0.1,4.37,0.83,4.27,11.31,1,0
2888,Pedro Dias,TUN,2022,CB,31,1991,194,82,Right,54.0,75,5,418,0.28,0.12,0.0,1.01,0.0,89.4,9.09,10.27,26.56,0.76,-0.3,0.76,3.04,0.6,1.87,4.81,0,0
2889,Carlos Melo,TUN,2022,LB,20,2002,194,87,Right,27.1,94,4,389,0.19,0.71,0.0,3.03,0.0,88.7,7.97,7.14,15.58,0.39,-0.3,0.66,5.16,2.61,7.49,7.69,1,0
2890,Heitor Almeida,TUN,2022,GK,31,1991,190,82,Left,10.3,60,3,331,0.0,0.0,12.98,1.64,1.32,89.9,1.5,1.45,2.78,0.0,-0.2,-0.26,0.0,0.0,0.0,1.08,0,0
2891,Pedro Mendes,TUN,2022,RW,27,1995,180,79,Right,145.0,87,4,387,0.72,0.86,0.0,0.16,0.0,79.8,3.07,5.43,1.44,1.38,-0.3,1.66,9.65,3.55,12.79,6.06,0,0
2892,Eduardo Araujo,TUN,2022,GK,23,1999,188,83,Right,13.3,82,4,379,0.0,0.0,8.6,2.2,3.14,86.0,1.26,2.36,5.44,0.0,0.4,-0.16,0.0,0.0,0.0,0.97,0,0
2893,Gustavo Barbosa,TUN,2022,RB,23,1999,179,75,Right,46.8,80,3,228,0.33,0.52,0.0,1.43,0.0,84.1,6.82,8.61,10.67,0.86,0.5,0.55,4.58,1.86,6.59,3.18,0,0
2894,Rafael Gomes,TUN,2022,ST,19,2003,189,86,Right,102.2,89,3,348,1.05,0.35,0.0,0.0,0.0,67.3,1.06,2.74,0.38,0.76,0.3,1.76,14.28,4.69,3.97,7.33,0,0
2895,Gabriel Gomes,TUN,2022,CM,26,1996,176,85,Right,35.1,72,3,274,0.59,0.48,0.0,0.61,0.0,86.3,4.21,7.84,8.03,1.02,0.3,0.17,5.36,2.15,4.85,9.0,0,0
2896,Gabriel Nascimento,TUN,2022,CB,32,1990,182,71,Right,59.6,99,3,269,0.25,0.11,0.0,2.78,0.0,88.2,7.73,8.52,29.51,0.3,-0.3,0.71,4.12,0.69,2.25,7.07,1,0
2897,Fernando Monteiro,TUN,2022,GK,31,1991,193,89,Left,20.7,75,3,304,0.0,0.0,15.61,1.58,4.29,84.3,1.28,2.24,4.85,0.0,0.6,-0.2,0.0,0.0,0.0,1.06,0,0
2898,Leonardo Nascimento,TUN,2022,CDM,22,2000,189,83,Left,14.8,76,4,407,0.24,0.32,0.0,0.85,0.0,92.2,12.45,11.0,8.73,0.37,0.1,0.0,3.63,0.99,5.74,5.06,1,0
2899,Heitor Souza,KSA,2022,GK,24,1998,185,90,Right,25.1,83,2,254,0.0,0.0,15.97,2.8,2.97,91.0,0.78,1.46,6.63,0.0,0.7,0.05,0.0,0.0,0.0,1.12,0,0
2900,Rafael Barbosa,KSA,2022,CB,31,1991,176,69,Right,53.7,80,5,462,0.2,0.12,0.0,1.97,0.0,84.3,12.32,11.36,18.43,0.55,0.3,-0.09,4.87,0.99,1.85,9.39,0,0
2901,Leonardo Almeida,KSA,2022,ST,31,1991,179,65,Right,44.8,87,5,378,1.47,0.36,0.0,0.0,0.0,73.9,3.0,2.23,1.09,0.98,-0.1,1.56,11.88,5.91,10.16,7.38,0,0
2902,Roberto Martins,KSA,2022,CDM,22,2000,180,78,Right,28.4,73,5,499,0.16,0.19,0.0,1.54,0.0,85.2,12.68,9.96,6.18,0.55,0.1,0.46,5.29,0.79,3.74,8.56,1,0
2903,Leonardo Ferreira,KSA,2022,CM,34,1988,188,87,Right,20.9,68,4,417,0.27,0.58,0.0,0.52,0.0,82.8,9.06,8.55,3.27,0.92,-0.1,0.22,6.16,3.46,9.9,4.55,0,0
2904,Bruno Araujo,KSA,2022,RB,36,1986,184,66,Both,25.4,87,2,196,0.25,0.6,0.0,1.9,0.0,82.4,7.78,5.54,9.29,0.75,-0.2,0.08,6.34,0.07,2.95,5.37,0,0
2905,Fernando Santos,KSA,2022,CM,22,2000,189,88,Both,23.6,76,4,355,0.33,0.53,0.0,1.08,0.0,85.2,0.79,10.53,6.4,1.01,-0.0,0.93,8.31,2.27,8.24,5.31,0,0
2906,Vinicius Pereira,KSA,2022,CAM,20,2002,188,75,Right,48.5,77,3,308,0.86,0.93,0.0,0.56,0.0,78.6,6.21,8.69,2.3,1.28,-0.4,0.54,8.22,2.84,7.45,3.44,0,0
2907,Pedro Martins,KSA,2022,CB,33,1989,183,76,Right,47.8,93,4,326,0.15,0.12,0.0,2.07,0.0,89.5,5.16,13.63,25.89,0.72,0.6,0.24,3.92,0.84,3.04,6.91,0,0
2908,Rodrigo Freitas,KSA,2022,CB,32,1990,178,81,Right,46.3,83,4,434,0.22,0.11,0.0,2.2,0.0,87.4,10.67,11.13,22.37,0.26,-0.1,0.52,4.85,1.08,2.3,6.93,0,0
2909,Matheus Rocha,KSA,2022,RW,27,1995,187,73,Right,70.3,74,4,344,0.38,0.8,0.0,0.69,0.0,81.9,4.98,4.37,1.25,1.19,-0.2,0.97,7.46,6.94,18.58,3.25,0,0
2910,Felipe Martins,KSA,2022,RW,29,1993,180,88,Left,31.6,70,4,315,0.75,0.46,0.0,0.57,0.0,79.0,1.61,5.41,2.4,1.49,0.2,0.25,7.69,2.7,13.15,6.58,0,0
2911,Bruno Dias,KSA,2022,LB,36,1986,176,74,Right,48.5,84,4,334,0.14,0.51,0.0,2.18,0.0,85.0,11.14,9.52,11.33,1.09,-0.3,0.36,4.72,2.27,7.84,4.87,0,0
2912,Roberto Rodrigues,KSA,2022,LB,32,1990,188,81,Left,30.3,81,5,482,0.39,0.73,0.0,2.1,0.0,82.1,12.92,10.41,10.99,0.87,0.2,0.41,1.59,0.82,5.95,5.64,0,0
2913,Andre Costa,KSA,2022,ST,23,1999,176,87,Left,67.7,87,2,183,0.95,0.47,0.0,0.0,0.0,69.0,2.63,3.36,0.77,0.85,-0.7,1.8,13.96,2.37,5.56,3.75,0,0
2914,Carlos Carvalho,KSA,2022,CDM,32,1990,192,73,Both,10.8,74,4,394,0.08,0.27,0.0,1.04,0.0,88.8,16.28,14.52,6.07,0.28,-0.2,0.14,3.48,0.7,4.9,6.81,0,0
2915,Vinicius Almeida,KSA,2022,CM,30,1992,173,69,Both,35.7,77,3,276,0.41,0.68,0.0,0.64,0.0,83.2,5.39,3.64,5.73,1.02,0.5,0.42,8.73,1.74,11.78,6.44,0,0
2916,Leonardo Dias,KSA,2022,CB,28,1994,172,71,Right,27.9,97,3,260,0.25,0.11,0.0,2.18,0.0,88.3,6.65,8.95,4.52,0.76,-0.5,0.9,4.17,1.31,1.14,5.35,1,0
2917,Roberto Silva,KSA,2022,GK,20,2002,183,77,Right,9.6,81,4,358,0.0,0.0,12.44,1.95,2.17,81.2,1.44,1.75,5.47,0.0,0.5,0.01,0.0,0.0,0.0,0.36,0,0
2918,Gabriel Rodrigues,KSA,2022,LW,26,1996,190,75,Right,32.7,78,3,283,0.83,0.44,0.0,0.48,0.0,77.0,3.63,4.87,3.14,0.94,-0.2,0.77,11.21,6.03,9.57,2.59,0,0
2919,Felipe Almeida,KSA,2022,LW,19,2003,185,68,Both,69.1,78,4,356,0.89,1.05,0.0,0.2,0.0,81.6,3.11,4.5,1.34,1.27,-0.3,0.99,11.55,4.56,10.36,4.89,0,0
2920,Rodrigo Araujo,KSA,2022,GK,19,2003,187,83,Right,13.4,63,3,249,0.0,0.0,9.02,1.42,3.0,84.6,0.7,1.96,4.76,0.0,1.0,-0.22,0.0,0.0,0.0,0.89,0,0
2921,Arthur Pereira,KSA,2022,RB,35,1987,182,82,Right,54.1,91,4,344,0.49,0.54,0.0,1.93,0.0,79.8,5.67,6.55,12.96,0.65,0.1,0.54,4.05,1.85,4.84,6.51,0,0
2922,Pedro Araujo,SRB,2022,LW,29,1993,184,78,Left,70.6,85,3,296,0.93,0.69,0.0,0.52,0.0,80.0,3.25,3.85,2.24,1.75,0.0,1.17,4.25,3.79,15.04,7.08,0,0
2923,Rodrigo Rocha,SRB,2022,RW,27,1995,186,84,Right,139.7,83,3,341,0.96,1.39,0.0,0.49,0.0,78.8,3.31,3.86,2.79,2.11,0.8,0.66,10.72,3.11,14.34,8.87,0,0
2924,Roberto Ferreira,SRB,2022,LB,27,1995,185,88,Right,93.4,93,5,468,0.25,0.57,0.0,1.89,0.0,80.7,9.22,5.87,10.31,1.0,-0.0,0.69,1.59,1.64,6.47,5.35,0,0
2925,Pedro Cardoso,SRB,2022,CM,35,1987,182,71,Right,18.6,71,2,178,0.3,0.62,0.0,0.53,0.0,84.1,8.0,8.73,5.33,0.34,-0.0,0.55,8.76,2.2,5.41,7.53,0,0
2926,Bruno Ribeiro,SRB,2022,CB,19,2003,188,71,Left,81.9,73,5,473,0.21,0.12,0.0,2.26,0.0,91.8,6.64,9.53,10.78,0.54,-0.1,0.34,5.07,1.08,2.55,6.12,0,0
2927,Rodrigo Mendes,SRB,2022,CB,30,1992,171,84,Right,57.5,83,3,265,0.2,0.14,0.0,2.45,0.0,84.7,5.34,11.01,30.2,0.66,-0.0,0.41,2.31,1.22,0.91,4.96,0,0
2928,Bruno Rodrigues,SRB,2022,CB,28,1994,171,77,Right,49.7,79,3,284,0.09,0.09,0.0,2.31,0.0,90.4,9.08,5.91,27.99,0.51,0.1,0.56,2.46,1.46,2.11,8.09,0,0
2929,Heitor Carvalho,SRB,2022,ST,33,1989,175,67,Left,84.8,83,3,244,1.19,0.29,0.0,0.0,0.0,70.6,1.67,2.85,1.28,0.91,-0.4,1.33,12.27,2.42,5.64,8.74,0,0
2930,Andre Cavalcanti,SRB,2022,CDM,25,1997,181,89,Right,46.9,68,0,74,0.18,0.12,0.0,1.71,0.0,88.7,13.5,12.25,7.73,0.22,-0.4,-0.17,3.51,0.74,4.22,7.72,1,0
2931,Arthur Silva,SRB,2022,RB,37,1985,188,81,Left,10.0,81,5,427,0.21,0.56,0.0,0.78,0.0,78.5,8.09,5.97,10.13,0.98,-0.4,0.39,5.32,3.11,5.38,3.63,1,0
2932,Roberto Mendes,SRB,2022,LW,28,1994,172,71,Right,59.6,66,4,362,0.3,0.86,0.0,0.69,0.0,74.6,1.1,3.42,2.0,1.67,-0.2,0.21,9.78,3.19,13.0,4.95,0,0
2933,Heitor Santos,SRB,2022,CDM,29,1993,182,66,Right,14.4,73,3,341,0.2,0.33,0.0,1.31,0.0,87.1,17.59,11.89,7.7,0.62,-0.4,-0.01,4.57,1.27,2.39,11.1,2,0
2934,Paulo Gomes,SRB,2022,ST,28,1994,193,67,Right,51.9,94,4,373,1.4,0.55,0.0,0.0,0.0,70.2,1.74,4.45,1.08,1.48,0.5,1.84,11.45,2.95,9.95,5.28,0,0
2935,Gabriel Nascimento,SRB,2022,CB,36,1986,182,73,Right,12.1,79,5,436,0.26,0.16,0.0,1.54,0.0,84.2,6.68,7.55,39.76,0.42,0.3,0.43,2.0,1.09,1.68,6.0,1,0
2936,Paulo Araujo,SRB,2022,RW,21,2001,192,87,Both,99.6,76,4,384,0.79,0.64,0.0,0.52,0.0,73.7,2.03,3.38,1.31,1.4,0.5,1.25,11.2,3.21,13.25,5.98,0,0
2937,Paulo Santos,SRB,2022,CM,21,2001,190,69,Left,17.5,72,4,405,0.36,0.44,0.0,1.0,0.0,90.2,7.65,9.74,4.94,0.76,0.0,1.04,2.79,3.46,6.66,4.37,0,0
2938,Felipe Lima,SRB,2022,GK,23,1999,184,85,Left,44.9,71,2,222,0.0,0.0,12.35,2.35,2.99,81.2,1.6,2.54,4.04,0.0,0.6,-0.19,0.0,0.0,0.0,0.35,0,0
2939,Paulo Araujo,SRB,2022,GK,21,2001,199,94,Right,36.0,80,3,296,0.0,0.0,16.69,2.73,2.92,89.7,1.54,1.86,2.95,0.0,0.9,-0.26,0.0,0.0,0.0,1.07,0,0
2940,Roberto Mendes,SRB,2022,RB,30,1992,170,76,Right,98.1,93,5,386,0.31,0.5,0.0,2.53,0.0,82.7,8.32,8.95,9.34,0.76,-0.1,0.35,4.4,2.17,6.35,4.15,0,0
2941,Pedro Nascimento,SRB,2022,CAM,21,2001,180,74,Right,67.0,73,3,322,0.57,1.69,0.0,0.44,0.0,78.6,4.4,4.86,2.55,1.21,0.4,0.12,7.77,2.78,9.38,4.14,0,0
2942,Rodrigo Melo,SRB,2022,CM,37,1985,185,81,Right,23.3,76,4,320,0.54,0.58,0.0,1.24,0.0,91.2,4.1,10.36,3.24,0.96,0.1,0.25,4.73,2.07,8.1,4.1,1,0
2943,Rafael Ribeiro,SRB,2022,LB,30,1992,180,81,Both,124.2,92,2,241,0.34,0.25,0.0,3.56,0.0,80.7,9.48,6.44,5.99,0.91,-0.6,0.49,5.37,2.66,7.17,5.68,0,0
2944,Marcelo Mendes,SRB,2022,GK,20,2002,199,91,Left,24.4,75,4,332,0.0,0.0,17.91,2.24,3.79,82.7,0.94,2.29,6.7,0.0,1.3,-0.48,0.0,0.0,0.0,1.62,0,0
2945,Messi,ARG,2026,GK,23,2003,191,78,Right,23.6,80,2,218,0.0,0.0,16.59,2.3,3.16,89.9,0.63,1.85,3.97,0.0,0.1,-0.03,0.0,0.0,0.0,1.12,0,0
2946,Di Maria,ARG,2026,CB,36,1990,171,83,Right,18.6,82,4,396,0.24,0.14,0.0,2.36,0.0,85.0,6.12,13.93,22.02,0.45,0.0,0.12,3.74,1.15,2.5,8.13,1,0
2947,Martinez,ARG,2026,CM,25,2001,179,71,Right,23.3,74,3,263,0.4,0.67,0.0,1.02,0.0,83.4,6.08,9.09,6.05,0.82,0.5,0.72,7.25,2.85,9.99,4.98,0,0
2948,Otamendi,ARG,2026,GK,31,1995,188,92,Right,48.4,77,5,451,0.0,0.0,7.72,2.36,2.74,85.5,1.47,2.06,6.83,0.0,0.4,-0.27,0.0,0.0,0.0,1.1,0,0
2949,De Paul,ARG,2026,ST,32,1994,179,66,Both,41.0,75,2,203,0.32,0.54,0.0,0.0,0.0,71.0,0.98,1.75,1.11,0.35,0.3,1.22,18.33,5.53,7.4,12.41,0,0
2950,Paredes,ARG,2026,GK,23,2003,191,92,Right,32.9,68,4,361,0.0,0.0,16.61,1.7,2.68,88.9,0.97,2.69,3.32,0.0,0.4,-0.01,0.0,0.0,0.0,0.8,0,0
2951,Lo Celso,ARG,2026,CB,21,2005,181,77,Right,60.3,89,3,302,0.28,0.12,0.0,2.42,0.0,87.9,12.87,10.64,16.85,0.43,0.0,0.64,1.34,0.69,1.63,6.59,1,0
2952,Lautaro,ARG,2026,LB,33,1993,192,80,Right,43.5,83,2,223,0.3,0.49,0.0,1.55,0.0,82.2,11.09,7.26,10.9,0.61,0.6,0.41,7.6,1.85,0.29,6.73,0,0
2953,Alvarez,ARG,2026,LW,23,2003,175,70,Right,56.1,81,5,407,0.95,0.56,0.0,0.65,0.0,76.8,2.29,3.51,1.65,2.62,0.1,1.16,8.11,2.43,15.56,5.56,0,0
2954,Tagliafico,ARG,2026,RB,33,1993,187,65,Right,66.3,80,3,307,0.45,0.46,0.0,1.81,0.0,82.5,13.88,9.07,8.24,0.89,-0.2,0.38,4.75,2.62,2.56,6.05,0,0
2955,Molina,ARG,2026,CM,23,2003,192,80,Right,20.0,72,4,328,0.26,0.51,0.0,1.58,0.0,87.5,8.33,7.97,2.63,0.89,0.2,0.41,4.96,1.46,8.82,3.23,1,0
2956,Acuna,ARG,2026,CDM,19,2007,170,81,Right,22.5,71,2,182,0.26,0.42,0.0,0.59,0.0,91.5,14.99,9.72,12.76,0.41,0.1,0.83,3.88,1.32,3.59,13.44,0,0
2957,Montiel,ARG,2026,CB,37,1989,173,88,Right,44.3,84,3,324,0.28,0.16,0.0,2.21,0.0,92.8,7.53,6.82,31.82,0.55,-0.1,0.44,3.26,0.44,0.96,6.21,1,0
2958,Pezzella,ARG,2026,CDM,34,1992,186,89,Right,31.1,67,2,201,0.18,0.22,0.0,0.86,0.0,93.8,14.53,9.75,5.83,0.38,0.1,0.2,2.86,1.06,3.62,6.81,1,0
2959,Gonzalez,ARG,2026,ST,20,2006,171,73,Right,109.8,87,6,457,1.73,0.26,0.0,0.0,0.0,73.4,3.14,2.64,1.22,1.73,-0.1,1.73,8.99,5.8,7.97,4.96,0,0
2960,Correa,ARG,2026,LB,35,1991,188,85,Right,48.8,84,3,251,0.21,0.37,0.0,2.21,0.0,84.9,14.23,8.43,8.53,1.01,-0.3,0.75,2.31,2.34,4.73,4.0,1,0
2961,Dybala,ARG,2026,CM,23,2003,184,79,Right,15.2,68,4,428,0.49,0.57,0.0,1.21,0.0,87.4,10.8,6.42,1.27,0.68,-0.2,-0.1,7.54,2.2,3.69,6.28,0,0
2962,Rulli,ARG,2026,LW,32,1994,170,84,Right,45.7,76,1,119,0.68,0.87,0.0,0.72,0.0,82.0,3.91,1.13,2.62,1.6,-0.4,0.7,13.85,2.25,12.99,4.74,0,0
2963,Armani,ARG,2026,RW,19,2007,194,67,Both,92.0,86,3,297,0.96,0.8,0.0,0.4,0.0,78.1,3.95,5.19,0.92,1.68,0.0,0.96,12.88,3.22,9.17,6.8,0,0
2964,Foyth,ARG,2026,RB,25,2001,184,87,Left,18.3,96,3,259,0.27,0.15,0.0,2.37,0.0,82.1,12.1,5.35,4.93,0.39,-0.8,0.23,8.21,1.43,5.19,6.09,0,0
2965,Palacios,ARG,2026,RW,28,1998,171,85,Both,63.9,82,3,246,0.82,0.66,0.0,0.66,0.0,77.5,4.87,2.19,2.68,0.91,0.1,0.67,7.85,2.84,11.82,5.48,0,0
2966,Almada,ARG,2026,CB,21,2005,179,73,Right,23.0,86,4,373,0.18,0.08,0.0,3.39,0.0,88.0,7.9,15.3,34.72,0.64,0.3,0.02,4.63,0.89,2.54,8.54,1,0
2967,Carboni,ARG,2026,CAM,22,2004,176,84,Left,20.1,80,4,303,0.59,0.95,0.0,0.54,0.0,80.1,3.18,4.41,1.64,1.05,1.1,0.82,8.98,2.26,4.64,3.3,0,0
2968,Neymar,BRA,2026,GK,33,1993,186,83,Left,11.2,67,5,449,0.0,0.0,16.08,1.35,2.22,89.4,1.17,2.45,8.23,0.0,0.3,-0.36,0.0,0.0,0.0,0.89,0,0
2969,Vinicius Jr,BRA,2026,CB,19,2007,170,78,Both,84.9,90,4,341,0.33,0.1,0.0,1.98,0.0,89.1,9.46,12.66,33.28,0.51,0.0,0.67,2.09,0.71,2.45,8.06,0,0
2970,Alisson,BRA,2026,RW,26,2000,173,84,Left,71.6,73,4,346,0.68,0.5,0.0,0.57,0.0,69.4,2.16,3.93,1.72,1.56,0.6,0.8,7.17,3.51,18.68,6.2,0,0
2971,Thiago Silva,BRA,2026,CM,23,2003,172,74,Right,20.5,74,2,176,0.43,0.33,0.0,0.65,0.0,88.9,7.44,9.43,4.78,0.68,-0.3,0.43,5.91,2.72,1.89,4.54,0,0
2972,Casemiro,BRA,2026,RW,34,1992,172,65,Left,22.0,75,4,316,0.72,0.98,0.0,0.54,0.0,80.5,4.1,4.7,2.35,0.83,-0.3,1.09,12.18,3.25,16.67,5.16,0,0
2973,Marquinhos,BRA,2026,LW,23,2003,192,87,Both,77.5,86,2,238,0.58,0.87,0.0,0.51,0.0,77.4,2.04,4.16,2.64,1.52,-0.6,1.29,6.62,7.14,9.47,6.3,0,0
2974,Richarlison,BRA,2026,LB,37,1989,184,80,Left,21.3,82,2,172,0.18,0.29,0.0,1.11,0.0,79.6,14.63,3.75,3.21,1.08,-0.0,0.74,5.69,2.33,6.44,4.41,0,0
2975,Rodrygo,BRA,2026,CDM,24,2002,179,67,Right,17.6,75,2,257,0.18,0.39,0.0,1.5,0.0,92.0,1.23,15.9,11.56,0.43,0.1,-0.35,4.07,0.58,3.12,8.04,1,0
2976,Lucas Paqueta,BRA,2026,CAM,34,1992,180,76,Both,70.8,87,4,334,0.64,1.21,0.0,0.33,0.0,84.2,3.97,5.28,0.74,1.55,0.1,1.15,7.57,3.22,15.45,3.51,0,0
2977,Ederson,BRA,2026,ST,32,1994,190,81,Both,27.5,89,4,347,1.32,0.31,0.0,0.0,0.0,73.8,2.67,3.29,1.15,1.17,-0.0,1.39,14.35,4.51,9.43,4.32,0,0
2978,Danilo,BRA,2026,CM,31,1995,192,69,Left,38.1,72,4,326,0.29,0.34,0.0,0.68,0.0,91.4,9.64,8.12,5.12,0.8,-0.3,0.52,5.29,1.87,7.37,5.53,0,0
2979,Alex Sandro,BRA,2026,GK,29,1997,193,88,Right,37.0,69,3,268,0.0,0.0,10.07,1.72,2.89,90.7,1.1,2.51,5.01,0.0,0.8,-0.2,0.0,0.0,0.0,0.89,0,0
2980,Fabinho,BRA,2026,CB,27,1999,187,68,Right,62.8,78,5,460,0.29,0.1,0.0,1.81,0.0,89.3,10.79,14.08,28.54,0.55,-0.2,0.0,3.03,1.2,1.19,5.87,0,0
2981,Fred,BRA,2026,GK,24,2002,190,82,Right,45.3,79,3,263,0.0,0.0,6.54,1.8,1.49,82.9,1.26,3.45,3.22,0.0,0.5,0.46,0.0,0.0,0.0,0.89,0,0
2982,Militao,BRA,2026,CM,22,2004,171,87,Right,7.5,72,4,391,0.3,0.36,0.0,1.28,0.0,84.8,8.36,10.26,5.71,0.85,0.1,0.22,5.57,1.83,11.12,3.02,0,0
2983,Bremer,BRA,2026,LB,28,1998,186,71,Right,57.2,91,3,254,0.39,0.38,0.0,2.37,0.0,79.6,12.58,11.88,6.99,0.97,-0.2,0.93,3.25,1.84,3.56,3.98,0,0
2984,Gabriel Jesus,BRA,2026,CB,30,1996,189,67,Right,51.1,73,3,320,0.2,0.11,0.0,1.99,0.0,86.1,7.0,6.26,32.51,0.53,0.2,0.39,2.41,1.07,2.23,4.49,1,0
2985,Gabriel Martinelli,BRA,2026,CB,27,1999,170,65,Both,57.1,77,3,262,0.25,0.11,0.0,1.75,0.0,84.0,9.94,11.86,21.58,0.46,0.1,0.02,4.93,0.91,1.84,3.68,0,0
2986,Bruno Guimaraes,BRA,2026,RB,24,2002,171,75,Right,35.7,85,2,200,0.33,0.35,0.0,2.13,0.0,79.8,14.4,10.25,13.23,0.69,-0.3,0.16,6.15,1.43,6.72,4.33,0,0
2987,Eder Militao,BRA,2026,LW,26,2000,188,87,Right,101.0,94,3,282,0.73,1.0,0.0,0.57,0.0,71.4,2.87,3.36,1.05,1.17,0.1,0.93,11.01,4.77,15.34,1.27,0,0
2988,Weverton,BRA,2026,ST,24,2002,180,82,Right,81.5,82,4,349,1.13,0.57,0.0,0.0,0.0,74.0,3.15,3.5,0.73,1.18,0.1,1.53,10.09,4.22,7.74,7.68,0,0
2989,Alex Telles,BRA,2026,RB,23,2003,179,84,Left,54.0,80,2,196,0.23,0.15,0.0,1.02,0.0,72.7,11.41,8.97,8.14,1.32,-0.2,0.99,4.93,1.75,2.63,7.68,0,0
2990,Renan Lodi,BRA,2026,CDM,35,1991,177,67,Left,38.0,72,3,317,0.1,0.12,0.0,0.62,0.0,88.2,9.32,12.25,9.54,0.25,0.1,0.67,4.37,1.3,3.03,4.39,0,0
2991,Mbappe,FRA,2026,CM,32,1994,175,83,Right,38.3,75,2,229,0.55,0.58,0.0,1.03,0.0,89.4,4.97,8.58,4.94,0.7,0.1,0.75,6.86,2.99,5.87,4.16,0,0
2992,Griezmann,FRA,2026,GK,24,2002,192,84,Left,22.9,73,4,311,0.0,0.0,25.64,1.31,2.23,82.4,1.36,1.79,5.73,0.0,0.2,-0.08,0.0,0.0,0.0,1.0,0,0
2993,Kante,FRA,2026,CAM,28,1998,186,69,Right,27.4,74,3,286,0.6,0.77,0.0,0.38,0.0,82.1,4.91,6.75,2.03,1.04,-0.0,0.78,10.67,2.27,10.62,2.27,0,0
2994,Varane,FRA,2026,CB,33,1993,172,77,Right,18.2,74,1,120,0.27,0.07,0.0,1.48,0.0,86.4,7.78,7.53,32.79,0.51,-0.1,0.14,4.72,0.93,1.49,7.3,0,0
2995,Lloris,FRA,2026,ST,34,1992,189,66,Right,33.1,78,3,298,1.2,0.53,0.0,0.0,0.0,74.3,1.9,2.45,0.87,1.41,-0.1,1.45,6.93,2.72,4.69,7.89,0,0
2996,Pogba,FRA,2026,GK,20,2006,186,76,Left,55.8,76,4,311,0.0,0.0,4.73,2.53,2.49,89.6,0.73,1.11,5.08,0.0,0.8,0.42,0.0,0.0,0.0,0.89,0,0
2997,Hernandez,FRA,2026,RB,25,2001,180,68,Right,69.7,87,3,292,0.46,0.52,0.0,2.6,0.0,79.2,9.02,7.04,10.61,0.38,-0.1,0.08,5.07,0.85,3.04,5.57,0,0
2998,Coman,FRA,2026,CM,35,1991,170,83,Right,35.5,74,5,406,0.39,0.65,0.0,1.06,0.0,84.2,8.55,2.97,2.44,0.78,-0.2,0.46,6.92,2.3,5.05,5.83,0,0
2999,Dembele,FRA,2026,LW,23,2003,171,69,Left,61.2,77,4,339,0.55,0.89,0.0,0.56,0.0,75.8,3.33,2.8,1.3,1.31,-0.4,0.71,11.0,5.22,14.36,4.75,0,0
3000,Benzema,FRA,2026,RB,21,2005,175,81,Right,32.3,89,3,304,0.31,0.51,0.0,3.87,0.0,78.5,12.13,5.97,10.76,0.62,-0.2,-0.05,4.48,2.63,4.36,3.12,0,0
3001,Rabiot,FRA,2026,CB,20,2006,194,76,Left,57.6,86,4,356,0.22,0.1,0.0,0.97,0.0,87.5,9.5,10.07,25.07,0.48,-0.4,0.91,3.39,0.93,1.61,5.08,1,0
3002,Tchouameni,FRA,2026,CDM,25,2001,173,69,Right,17.3,78,6,484,0.2,0.27,0.0,0.75,0.0,89.0,6.32,12.22,8.23,0.52,-0.0,0.43,5.47,1.27,2.18,6.29,0,0
3003,Camavinga,FRA,2026,GK,33,1993,189,77,Left,11.1,70,3,256,0.0,0.0,13.11,1.87,1.99,84.7,1.24,1.91,4.45,0.0,0.5,-0.48,0.0,0.0,0.0,0.7,0,0
3004,Saliba,FRA,2026,LB,28,1998,181,76,Left,118.0,85,3,274,0.31,0.46,0.0,3.08,0.0,80.4,7.49,12.02,15.99,0.95,0.3,0.39,5.32,1.8,3.69,3.89,0,0
3005,Upamecano,FRA,2026,LW,25,2001,185,82,Left,36.8,77,3,275,0.47,0.83,0.0,0.63,0.0,81.4,3.06,2.72,3.12,2.14,0.1,0.61,3.74,5.74,20.25,7.76,0,0
3006,Kounde,FRA,2026,CB,35,1991,177,88,Right,45.4,74,6,490,0.21,0.11,0.0,1.87,0.0,87.4,6.85,6.57,27.41,0.75,0.3,0.5,5.06,1.38,1.43,4.4,0,0
3007,Maignan,FRA,2026,LB,33,1993,188,73,Right,53.2,83,3,265,0.35,0.6,0.0,1.37,0.0,85.2,8.98,11.25,7.71,0.58,-0.7,0.47,4.28,2.34,7.47,4.56,1,0
3008,Samba,FRA,2026,CM,33,1993,179,66,Right,55.9,79,3,329,0.38,0.6,0.0,1.21,0.0,83.7,7.74,6.47,4.26,1.05,0.2,0.95,6.43,1.51,3.67,4.81,0,0
3009,Konate,FRA,2026,CDM,25,2001,177,88,Left,36.1,74,4,352,0.23,0.34,0.0,0.81,0.0,92.1,12.47,13.26,3.08,0.67,0.1,0.08,3.41,0.84,3.77,4.74,0,0
3010,Fofana,FRA,2026,ST,33,1993,182,69,Right,99.1,85,4,408,1.4,0.41,0.0,0.0,0.0,67.9,2.26,3.37,1.03,0.53,0.3,1.57,13.89,4.58,6.16,7.78,0,0
3011,Nkunku,FRA,2026,CB,31,1995,179,67,Right,29.5,85,2,201,0.25,0.13,0.0,3.13,0.0,87.1,9.77,7.19,20.68,0.44,-0.2,0.19,3.07,0.94,2.42,6.26,1,0
3012,Thuram,FRA,2026,RW,29,1997,193,81,Left,44.0,82,4,393,0.85,0.57,0.0,0.34,0.0,78.0,2.96,4.96,2.32,1.42,-0.3,0.74,7.68,3.61,11.65,6.29,0,0
3013,Kolo Muani,FRA,2026,RW,32,1994,192,69,Right,53.4,85,4,357,1.08,0.58,0.0,0.48,0.0,75.2,4.32,4.91,2.4,1.51,0.1,0.68,12.15,3.66,16.06,6.34,0,0
3014,Casillas,ESP,2026,GK,35,1991,197,89,Left,32.2,66,5,442,0.0,0.0,3.28,1.96,2.97,82.4,1.51,1.67,4.01,0.0,0.5,0.2,0.0,0.0,0.0,1.04,0,0
3015,Ramos,ESP,2026,CAM,21,2005,170,78,Right,70.3,95,6,481,0.54,1.22,0.0,0.4,0.0,81.8,5.17,4.94,2.69,1.29,-0.0,0.64,10.39,2.28,13.72,3.25,0,0
3016,Pique,ESP,2026,LW,27,1999,171,86,Right,24.7,87,3,279,0.6,0.61,0.0,0.27,0.0,78.3,1.2,4.51,1.85,1.26,-0.2,0.93,9.3,2.51,13.86,6.97,0,0
3017,Busquets,ESP,2026,LB,36,1990,181,84,Right,73.8,94,3,244,0.33,0.58,0.0,2.5,0.0,80.1,9.44,10.24,11.64,0.62,0.1,0.64,7.4,1.48,8.17,5.91,0,0
3018,Iniesta,ESP,2026,CB,33,1993,187,80,Right,37.4,77,3,295,0.2,0.12,0.0,1.69,0.0,85.6,4.55,12.34,25.98,0.47,-0.2,0.26,4.53,0.97,2.82,2.45,1,0
3019,Xavi,ESP,2026,CDM,25,2001,173,78,Right,39.1,61,3,281,0.24,0.14,0.0,1.19,0.0,84.1,14.05,13.95,6.0,0.36,-0.0,-0.05,3.84,0.94,5.03,10.11,0,0
3020,Villa,ESP,2026,CDM,30,1996,172,79,Left,18.0,71,1,82,0.24,0.22,0.0,0.53,0.0,89.3,7.13,13.5,7.01,0.58,-0.3,-0.2,3.41,1.27,2.21,8.71,1,0
3021,Torres,ESP,2026,RW,26,2000,185,86,Left,58.9,76,5,490,0.36,0.62,0.0,0.51,0.0,76.9,0.34,2.93,2.25,1.23,0.2,0.88,9.92,4.57,11.02,2.88,0,0
3022,Alba,ESP,2026,LB,30,1996,189,80,Right,34.0,85,4,359,0.42,0.49,0.0,1.33,0.0,82.3,7.66,8.21,13.47,0.88,0.5,0.67,5.63,1.41,9.36,7.56,0,0
3023,Arbeloa,ESP,2026,CB,27,1999,185,65,Right,109.8,89,4,408,0.13,0.12,0.0,2.65,0.0,83.5,2.12,7.97,17.21,0.28,-0.1,0.49,4.03,1.34,2.34,6.86,1,0
3024,Silva,ESP,2026,LW,28,1998,172,89,Both,86.9,75,2,177,0.66,0.95,0.0,0.44,0.0,76.9,2.92,5.96,1.79,1.14,-0.1,0.61,9.75,4.99,11.19,4.63,0,0
3025,Pedro,ESP,2026,RW,25,2001,191,85,Right,92.5,82,3,269,0.57,1.06,0.0,0.85,0.0,71.6,2.92,5.46,2.24,0.63,-0.1,1.15,7.71,2.72,15.83,4.22,0,0
3026,Navar,ESP,2026,CM,28,1998,190,74,Right,60.3,82,2,193,0.44,0.53,0.0,1.05,0.0,92.3,8.01,6.59,4.9,0.8,-0.3,0.85,6.9,3.17,6.12,7.6,1,0
3027,Llorente,ESP,2026,GK,24,2002,194,86,Both,23.6,73,2,192,0.0,0.0,13.15,1.92,4.58,80.8,0.7,2.04,4.22,0.0,0.8,-0.22,0.0,0.0,0.0,1.04,0,0
3028,Morata,ESP,2026,RB,27,1999,176,80,Left,27.5,84,4,317,0.34,0.75,0.0,1.37,0.0,82.4,10.85,9.33,6.11,1.02,-0.2,0.91,4.86,1.37,5.74,4.93,0,0
3029,Asensio,ESP,2026,GK,23,2003,188,82,Left,18.3,84,4,348,0.0,0.0,14.72,2.47,3.94,85.3,0.96,1.2,5.66,0.0,-0.0,0.0,0.0,0.0,0.0,1.16,0,0
3030,Sarabia,ESP,2026,ST,25,2001,184,79,Left,79.5,78,4,354,0.91,0.37,0.0,0.0,0.0,77.5,1.97,2.21,1.15,1.02,0.0,1.43,16.25,5.45,8.1,9.85,0,0
3031,Unai Simon,ESP,2026,CM,36,1990,175,87,Left,14.6,69,3,277,0.24,0.46,0.0,0.92,0.0,86.3,9.11,8.84,4.06,1.07,-0.5,0.57,4.33,2.73,3.97,5.35,1,0
3032,Rodri,ESP,2026,CB,31,1995,187,71,Both,75.9,83,4,333,0.27,0.14,0.0,2.35,0.0,87.1,9.7,6.9,24.23,0.64,0.8,-0.21,5.95,0.8,1.66,9.59,1,0
3033,Gavi,ESP,2026,CB,22,2004,179,77,Right,26.0,82,2,260,0.24,0.06,0.0,1.92,0.0,84.5,6.82,11.49,21.54,0.52,-0.0,0.19,3.32,1.36,0.97,4.53,0,0
3034,Pedri,ESP,2026,RB,37,1989,181,88,Left,26.6,97,5,460,0.32,0.55,0.0,2.81,0.0,81.1,9.65,8.72,8.38,0.81,-0.1,0.36,4.92,2.25,4.21,5.06,0,0
3035,Ferran Torres,ESP,2026,ST,35,1991,170,65,Left,42.1,99,4,366,1.85,0.45,0.0,0.0,0.0,70.0,1.79,4.03,0.77,1.19,0.2,1.77,9.15,5.19,13.41,9.46,0,0
3036,Olmo,ESP,2026,CM,36,1990,191,88,Right,9.8,78,3,305,0.41,0.25,0.0,0.91,0.0,86.0,8.29,7.12,4.91,0.74,0.1,0.44,3.26,2.57,3.01,10.21,0,0
3037,Kane,ENG,2026,GK,23,2003,195,85,Right,30.7,76,3,309,0.0,0.0,18.32,2.1,3.29,83.9,1.01,2.45,5.82,0.0,0.6,0.1,0.0,0.0,0.0,1.16,0,0
3038,Sterling,ENG,2026,LW,22,2004,172,67,Right,25.5,86,2,213,0.56,0.92,0.0,0.5,0.0,76.5,3.7,3.02,2.18,2.05,-0.2,0.98,8.85,2.56,14.62,3.71,0,0
3039,Pickford,ENG,2026,CM,19,2007,190,84,Right,41.5,73,6,561,0.39,0.54,0.0,1.07,0.0,85.0,5.47,8.91,5.33,0.36,-0.1,0.89,7.65,1.09,9.29,8.97,0,0
3040,Walker,ENG,2026,CAM,24,2002,184,66,Both,48.8,77,4,347,0.48,0.58,0.0,0.6,0.0,84.1,3.74,5.65,1.56,0.84,0.6,0.83,9.35,2.37,8.72,2.53,0,0
3041,Stones,ENG,2026,RB,29,1997,186,80,Right,67.2,88,5,390,0.39,0.63,0.0,1.82,0.0,80.4,5.46,10.08,12.34,0.51,-0.3,0.4,6.95,1.76,7.47,4.0,0,0
3042,Maguire,ENG,2026,LB,27,1999,176,69,Right,57.3,82,4,304,0.23,0.64,0.0,1.34,0.0,80.1,9.62,10.64,10.54,0.56,0.1,0.66,4.75,2.25,5.53,5.24,0,0
3043,Henderson,ENG,2026,CB,31,1995,184,86,Right,66.6,95,3,242,0.26,0.13,0.0,2.7,0.0,88.3,10.07,11.62,14.91,0.45,0.3,-0.1,3.76,1.0,2.48,5.79,1,0
3044,Rice,ENG,2026,GK,19,2007,189,82,Right,13.0,70,3,304,0.0,0.0,17.64,1.34,2.72,83.0,0.75,1.57,4.63,0.0,0.2,-0.08,0.0,0.0,0.0,0.89,0,0
3045,Foden,ENG,2026,LB,23,2003,172,80,Left,46.7,88,3,264,0.48,0.33,0.0,2.32,0.0,81.7,10.91,6.34,10.57,0.54,0.4,-0.07,5.96,2.7,2.89,4.65,1,0
3046,Mount,ENG,2026,ST,19,2007,192,82,Right,36.6,83,4,395,1.02,0.28,0.0,0.0,0.0,70.3,2.45,3.0,1.24,0.63,-0.2,1.45,9.73,4.52,9.71,11.63,0,0
3047,Grealish,ENG,2026,CB,29,1997,192,66,Left,45.7,72,3,319,0.2,0.05,0.0,0.99,0.0,88.1,5.6,11.28,28.32,0.58,0.1,0.39,4.74,1.03,1.76,6.21,1,0
3048,Saka,ENG,2026,CB,33,1993,188,82,Left,21.6,80,4,405,0.23,0.12,0.0,2.19,0.0,89.2,8.8,9.29,22.47,0.32,0.2,0.14,3.99,0.88,1.78,4.94,1,0
3049,Rashford,ENG,2026,CDM,36,1990,187,79,Left,18.9,75,3,320,0.17,0.48,0.0,1.22,0.0,81.6,13.64,15.25,5.57,0.75,0.0,-0.03,6.47,0.67,2.53,8.02,0,0
3050,Sancho,ENG,2026,RW,19,2007,173,65,Right,90.8,82,3,271,0.59,0.83,0.0,0.42,0.0,78.5,3.71,3.65,1.75,1.03,0.4,1.11,13.91,1.24,16.1,6.71,0,0
3051,Trippier,ENG,2026,CB,28,1998,185,66,Right,61.7,75,4,350,0.24,0.15,0.0,1.5,0.0,93.3,7.79,10.39,28.36,0.25,0.4,0.25,2.2,1.17,0.95,4.79,0,0
3052,Shaw,ENG,2026,CDM,22,2004,190,81,Right,38.9,81,3,316,0.13,0.15,0.0,0.94,0.0,78.3,8.67,12.1,8.18,0.55,-0.6,0.52,4.11,1.53,4.22,8.7,1,0
3053,Chilwell,ENG,2026,LW,34,1992,182,86,Left,18.3,82,2,227,0.63,0.61,0.0,0.38,0.0,77.1,3.51,2.66,2.37,1.0,0.1,1.17,9.0,5.09,13.44,5.18,0,0
3054,Coady,ENG,2026,GK,37,1989,184,83,Right,3.4,61,6,511,0.0,0.0,6.3,0.8,4.03,81.7,0.83,1.68,3.11,0.0,0.4,-0.26,0.0,0.0,0.0,0.99,0,0
3055,Pope,ENG,2026,RW,19,2007,189,85,Right,73.9,82,1,88,1.11,0.42,0.0,0.3,0.0,76.5,2.78,2.38,2.13,1.4,-0.4,1.13,11.37,6.0,16.84,4.96,0,0
3056,Ramsdale,ENG,2026,CM,33,1993,177,68,Left,40.7,71,4,364,0.38,0.69,0.0,0.86,0.0,84.9,5.65,4.74,5.95,0.65,-0.1,0.73,7.2,3.53,7.33,6.14,1,0
3057,White,ENG,2026,CM,22,2004,175,80,Right,25.0,68,3,232,0.37,0.33,0.0,0.73,0.0,87.2,5.1,8.41,3.24,0.89,-0.2,0.51,7.25,2.13,5.18,5.24,0,0
3058,Guehi,ENG,2026,ST,21,2005,170,81,Right,117.2,84,5,464,1.68,0.31,0.0,0.0,0.0,70.0,1.66,1.97,0.88,1.32,-0.2,1.38,12.63,5.03,9.1,6.54,0,0
3059,Bellingham,ENG,2026,RB,35,1991,173,76,Right,18.9,77,4,438,0.35,0.38,0.0,1.65,0.0,85.1,10.74,7.99,10.98,0.98,-0.2,0.1,5.96,0.99,4.85,5.55,0,0
3060,Neuer,GER,2026,CM,21,2005,189,73,Both,12.4,74,2,174,0.29,0.89,0.0,1.13,0.0,84.1,6.6,7.0,3.86,0.55,0.1,0.19,7.24,2.77,3.23,4.4,0,0
3061,Muller,GER,2026,GK,23,2003,187,85,Left,26.1,89,3,352,0.0,0.0,21.28,2.23,2.51,85.0,0.21,3.11,6.05,0.0,0.5,0.18,0.0,0.0,0.0,1.18,0,0
3062,Gnabry,GER,2026,CDM,32,1994,182,72,Left,10.9,72,5,461,0.27,0.29,0.0,0.86,0.0,83.2,12.15,21.44,7.34,0.53,-0.0,0.2,3.52,1.06,5.19,5.57,1,0
3063,Kimmich,GER,2026,CB,31,1995,173,72,Right,98.9,87,4,313,0.14,0.11,0.0,2.93,0.0,93.5,10.46,17.05,29.01,0.49,0.3,0.55,3.23,0.88,2.19,5.09,1,0
3064,Goretzka,GER,2026,CM,21,2005,190,86,Left,32.8,79,1,97,0.45,0.35,0.0,0.79,0.0,89.2,8.31,13.13,6.08,0.78,0.2,0.42,4.96,1.89,9.87,7.72,1,0
3065,Hummels,GER,2026,CB,36,1990,176,86,Right,40.5,78,4,417,0.01,0.07,0.0,1.49,0.0,90.7,7.03,12.63,18.8,0.48,-0.5,0.5,4.94,1.32,1.99,4.63,0,0
3066,Rudiger,GER,2026,LB,19,2007,187,86,Both,54.2,81,3,308,0.27,0.36,0.0,2.08,0.0,80.6,4.9,6.31,10.14,0.86,-0.4,0.23,5.59,2.81,7.7,4.45,0,0
3067,Sule,GER,2026,GK,30,1996,188,88,Right,13.2,68,4,311,0.0,0.0,12.61,1.12,2.44,91.3,1.42,1.87,3.73,0.0,0.6,-0.13,0.0,0.0,0.0,1.52,0,0
3068,Gosens,GER,2026,CDM,37,1989,183,84,Right,23.0,74,5,438,0.23,0.38,0.0,0.8,0.0,87.1,14.14,8.85,10.2,0.89,0.2,0.25,3.57,1.19,3.9,8.08,1,0
3069,Havertz,GER,2026,ST,29,1997,171,80,Right,36.9,85,3,291,1.23,0.3,0.0,0.0,0.0,64.6,2.31,2.46,0.74,0.84,0.1,1.55,11.16,7.92,7.84,8.04,0,0
3070,Sané,GER,2026,RB,25,2001,172,80,Both,20.7,76,5,449,0.31,0.38,0.0,1.73,0.0,80.7,8.99,5.9,14.18,0.79,-0.4,0.19,4.8,1.4,4.68,8.08,0,0
3071,Werner,GER,2026,LB,23,2003,186,70,Left,34.3,76,4,350,0.22,0.44,0.0,1.26,0.0,77.8,10.74,9.22,7.5,0.58,-0.0,0.45,5.58,1.67,3.78,6.97,0,0
3072,Ginter,GER,2026,ST,31,1995,176,84,Left,90.9,85,3,238,1.36,0.36,0.0,0.0,0.0,75.2,3.91,2.8,0.82,0.89,0.0,1.25,14.17,3.3,5.37,5.05,0,0
3073,Kehrer,GER,2026,RW,37,1989,189,79,Right,34.7,72,4,374,0.34,0.7,0.0,0.31,0.0,76.3,3.04,5.37,1.4,1.11,-0.3,0.99,7.14,3.27,15.35,6.3,0,0
3074,Trapp,GER,2026,GK,34,1992,193,78,Right,39.9,86,3,285,0.0,0.0,10.1,2.86,2.64,80.7,1.28,2.33,3.04,0.0,0.6,-0.14,0.0,0.0,0.0,0.58,0,0
3075,Ter Stegen,GER,2026,LW,36,1990,184,69,Right,39.1,79,4,364,0.33,0.82,0.0,0.53,0.0,79.6,4.08,4.23,0.53,1.93,-0.1,1.31,0.53,4.15,12.82,3.23,0,0
3076,Brandt,GER,2026,CAM,32,1994,180,72,Right,61.8,78,3,288,0.42,1.1,0.0,0.27,0.0,84.3,5.28,6.3,2.77,1.31,-0.3,0.52,11.54,3.24,6.32,6.43,0,0
3077,Reus,GER,2026,RW,31,1995,173,82,Right,51.1,79,3,252,0.68,0.86,0.0,0.52,0.0,79.1,1.51,4.61,2.35,1.81,0.2,0.66,7.91,3.91,19.92,3.51,0,0
3078,Can,GER,2026,CM,36,1990,183,83,Right,39.6,81,4,374,0.4,0.62,0.0,0.61,0.0,88.7,8.16,9.23,3.41,0.77,-0.2,0.66,6.85,2.57,9.58,5.44,0,0
3079,Schlotterbeck,GER,2026,LW,23,2003,177,72,Left,28.5,77,4,358,0.6,0.42,0.0,0.41,0.0,86.2,2.46,3.43,2.43,1.32,-0.0,1.33,6.69,4.91,10.99,6.3,0,0
3080,Adeyemi,GER,2026,RB,36,1990,192,69,Right,28.7,87,4,360,0.37,0.52,0.0,2.36,0.0,84.3,10.93,7.94,11.24,0.72,-0.3,0.27,5.36,1.01,4.86,4.74,0,0
3081,Musiala,GER,2026,CB,35,1991,193,83,Right,39.2,83,6,530,0.22,0.14,0.0,2.11,0.0,92.0,9.44,9.61,22.65,0.55,-0.1,0.64,3.52,1.16,1.87,6.53,0,0
3082,Wirtz,GER,2026,CB,20,2006,191,72,Left,27.5,72,3,282,0.24,0.09,0.0,1.14,0.0,84.6,7.6,17.91,31.0,0.74,0.0,0.41,2.87,0.84,1.71,6.2,1,0
3083,Ronaldo,POR,2026,RW,23,2003,182,78,Right,42.4,77,2,190,0.32,1.05,0.0,0.62,0.0,77.2,3.2,5.55,2.34,1.74,0.1,0.61,7.37,4.31,13.29,3.94,0,0
3084,Pepe,POR,2026,LW,24,2002,179,88,Right,40.3,79,4,384,0.96,0.71,0.0,0.54,0.0,70.9,2.82,1.44,1.69,1.21,-0.5,0.88,10.54,4.47,13.37,3.05,0,0
3085,Silva,POR,2026,ST,26,2000,184,85,Right,122.2,94,4,369,1.12,0.42,0.0,0.0,0.0,70.9,1.89,4.64,1.38,0.54,0.7,1.65,13.61,5.56,5.89,10.22,0,0
3086,Cancelo,POR,2026,RB,23,2003,185,85,Both,39.6,77,4,387,0.2,0.66,0.0,1.55,0.0,82.4,7.35,10.37,8.78,1.08,0.7,0.49,2.27,1.0,9.25,2.46,0,0
3087,Dias,POR,2026,CDM,36,1990,180,85,Right,33.2,75,3,328,0.26,0.27,0.0,1.09,0.0,91.6,10.94,10.54,9.8,0.41,-0.3,0.12,2.46,1.33,5.98,6.27,1,0
3088,Fernandes,POR,2026,CM,33,1993,190,81,Left,26.6,83,2,172,0.58,0.59,0.0,0.97,0.0,81.7,4.74,9.36,3.79,1.09,0.1,0.83,2.06,0.39,8.24,5.17,1,0
3089,Jota,POR,2026,GK,28,1998,193,90,Right,27.4,68,3,317,0.0,0.0,11.1,1.75,1.61,79.6,1.64,1.62,4.86,0.0,-0.0,-0.42,0.0,0.0,0.0,0.53,0,0
3090,Felix,POR,2026,ST,21,2005,179,79,Both,123.8,91,4,381,1.78,0.41,0.0,0.0,0.0,68.5,1.79,1.55,1.01,1.0,0.6,1.89,2.7,5.61,4.36,6.65,0,0
3091,Leao,POR,2026,CM,37,1989,182,72,Left,14.4,69,4,414,0.31,0.59,0.0,1.11,0.0,88.4,8.04,5.11,4.14,0.58,-0.5,0.24,2.89,2.15,9.18,9.17,0,0
3092,Neves,POR,2026,GK,25,2001,191,83,Right,27.8,80,3,256,0.0,0.0,14.44,1.48,4.3,86.1,0.98,1.87,3.52,0.0,0.3,0.09,0.0,0.0,0.0,1.58,0,0
3093,Palhinha,POR,2026,CB,25,2001,191,72,Right,32.5,71,3,266,0.14,0.08,0.0,1.35,0.0,91.6,10.12,6.52,47.3,0.43,-0.2,-0.09,5.43,1.04,1.82,5.99,0,0
3094,Carvalho,POR,2026,CB,32,1994,174,65,Left,41.2,76,1,124,0.21,0.09,0.0,1.57,0.0,86.7,9.06,9.78,17.92,0.49,0.0,0.23,3.5,1.01,1.65,6.61,1,0
3095,Inacio,POR,2026,CB,35,1991,188,71,Right,31.0,82,5,396,0.16,0.11,0.0,2.3,0.0,87.0,11.62,6.94,31.99,0.56,-0.1,0.3,5.11,0.9,1.78,4.91,0,0
3096,Ramos,POR,2026,RW,33,1993,173,76,Right,94.1,84,3,236,1.02,0.65,0.0,0.4,0.0,72.2,2.13,3.88,1.73,2.3,0.1,0.84,10.54,4.28,11.39,9.83,0,0
3097,Silva,POR,2026,CAM,37,1989,194,70,Left,60.8,72,4,319,0.51,1.06,0.0,0.4,0.0,78.1,2.22,6.37,1.67,0.64,-0.1,0.71,8.33,3.65,13.37,2.08,0,0
3098,Conceicao,POR,2026,CM,26,2000,181,76,Right,37.1,79,5,414,0.6,0.56,0.0,0.68,0.0,89.1,11.3,10.0,7.86,0.75,-0.1,0.76,1.87,1.61,5.04,4.65,0,0
3099,Costa,POR,2026,GK,23,2003,190,83,Right,24.6,72,5,414,0.0,0.0,19.17,2.01,3.52,86.6,1.05,1.12,5.55,0.0,0.2,0.23,0.0,0.0,0.0,1.29,0,0
3100,Sa,POR,2026,LB,27,1999,173,84,Left,42.5,83,3,283,0.38,0.83,0.0,0.98,0.0,76.8,11.36,9.63,7.15,0.88,-0.2,0.33,1.9,1.34,4.28,8.42,0,0
3101,Mendes,POR,2026,CDM,31,1995,172,77,Right,30.7,67,3,287,0.2,0.23,0.0,1.08,0.0,86.2,10.34,12.34,5.99,0.55,-0.2,-0.13,3.73,1.03,2.97,9.66,0,0
3102,Guerreiro,POR,2026,RB,22,2004,172,83,Right,25.7,93,4,344,0.33,0.31,0.0,2.81,0.0,79.0,8.1,5.8,10.54,0.51,-0.1,0.26,5.11,1.94,4.02,4.19,0,0
3103,Dalot,POR,2026,LB,25,2001,189,80,Right,61.4,93,3,266,0.32,0.35,0.0,1.93,0.0,82.6,11.75,6.65,13.93,0.55,-0.3,0.35,3.13,1.51,7.82,5.54,0,0
3104,Neto,POR,2026,CB,22,2004,182,78,Left,21.6,77,4,373,0.16,0.07,0.0,1.76,0.0,88.5,12.87,9.75,18.38,0.41,-0.2,0.56,6.33,1.2,1.91,7.84,1,0
3105,Ramos,POR,2026,LW,35,1991,187,72,Right,67.2,80,4,313,0.96,0.78,0.0,0.6,0.0,78.1,2.75,1.92,0.76,1.15,-0.3,0.63,15.53,6.14,10.55,5.64,0,0
3106,Van Dijk,NED,2026,LB,23,2003,189,70,Left,55.2,85,4,296,0.38,0.63,0.0,1.44,0.0,77.2,9.86,6.58,10.54,0.74,0.9,0.63,7.16,1.91,6.01,7.34,0,0
3107,De Jong,NED,2026,ST,36,1990,177,76,Right,112.9,88,4,335,0.98,0.34,0.0,0.0,0.0,76.5,2.04,2.4,1.05,0.92,-0.3,1.99,12.96,6.52,9.83,4.67,0,0
3108,Depay,NED,2026,CM,21,2005,180,72,Right,24.5,66,1,132,0.52,0.62,0.0,1.06,0.0,92.5,8.16,5.62,2.98,0.87,0.1,0.59,3.1,1.59,8.32,7.19,0,0
3109,De Ligt,NED,2026,RW,27,1999,187,69,Left,30.7,72,2,214,0.61,0.89,0.0,0.37,0.0,83.8,2.49,4.86,1.92,1.93,-0.4,0.9,11.75,3.1,17.83,4.76,0,0
3110,Wijnaldum,NED,2026,LW,28,1998,180,67,Right,86.6,81,4,356,0.45,0.65,0.0,0.5,0.0,76.5,2.24,3.89,1.44,1.43,-0.1,1.22,8.84,1.96,4.24,2.5,0,0
3111,Blind,NED,2026,CDM,20,2006,190,86,Left,11.9,69,5,443,0.26,0.36,0.0,0.58,0.0,90.4,12.38,8.58,6.68,0.58,-0.0,0.18,5.33,0.48,4.54,7.46,0,0
3112,Dumfries,NED,2026,CB,36,1990,185,87,Right,53.8,78,2,201,0.18,0.12,0.0,2.18,0.0,88.5,9.41,8.83,24.78,0.3,0.3,0.28,4.19,0.76,0.76,6.19,1,0
3113,Berghuis,NED,2026,LW,36,1990,183,89,Left,66.5,77,4,314,0.6,1.22,0.0,0.36,0.0,79.0,1.06,2.55,1.96,2.06,-0.0,0.74,11.69,2.94,17.31,3.98,0,0
3114,Gakpo,NED,2026,RB,34,1992,191,69,Right,25.8,83,3,288,0.2,0.35,0.0,1.56,0.0,80.5,6.38,6.33,11.51,0.77,0.2,0.7,5.19,0.89,4.32,4.02,0,0
3115,Koopmeiners,NED,2026,RW,20,2006,188,65,Left,30.4,78,4,400,1.04,0.8,0.0,0.35,0.0,79.0,3.23,3.0,2.58,1.4,-0.2,0.73,11.19,4.62,19.27,4.41,0,0
3116,Timber,NED,2026,RB,21,2005,194,79,Right,50.2,92,2,214,0.41,0.56,0.0,1.87,0.0,83.0,11.33,12.44,6.73,0.33,-0.3,0.28,2.81,2.41,5.32,4.3,0,0
3117,Frimpong,NED,2026,GK,28,1998,184,90,Right,30.3,70,3,285,0.0,0.0,10.88,2.04,3.77,85.7,1.0,0.75,5.23,0.0,0.4,-0.28,0.0,0.0,0.0,1.2,0,0
3118,Simons,NED,2026,CB,37,1989,176,74,Right,12.1,89,4,319,0.25,0.05,0.0,1.9,0.0,82.6,11.81,3.15,27.1,0.34,-0.3,0.42,4.46,1.16,1.8,6.57,1,0
3119,Veerman,NED,2026,CM,30,1996,175,77,Both,31.0,77,3,270,0.52,0.92,0.0,1.23,0.0,86.7,10.51,9.79,4.08,0.93,0.1,0.19,5.53,1.54,2.84,7.04,0,0
3120,Reijnders,NED,2026,CB,21,2005,190,67,Right,49.7,77,5,459,0.26,0.12,0.0,2.07,0.0,88.0,7.83,15.29,27.68,0.71,0.2,-0.09,4.17,1.69,3.62,7.04,1,0
3121,Geertruida,NED,2026,CDM,37,1989,188,68,Right,28.5,80,3,318,0.16,0.32,0.0,1.45,0.0,90.0,16.64,12.69,7.8,0.7,-0.2,0.36,4.01,1.13,5.73,8.85,1,0
3122,Hartog,NED,2026,CM,30,1996,177,84,Left,35.4,73,3,271,0.47,0.61,0.0,0.86,0.0,88.8,9.16,11.27,7.04,0.52,-0.1,0.43,8.66,1.35,5.74,3.43,0,0
3123,Flekken,NED,2026,LB,29,1997,181,89,Right,30.3,75,5,485,0.22,0.33,0.0,0.97,0.0,80.3,9.57,4.1,13.33,0.22,-0.0,0.46,5.19,3.22,8.29,3.64,0,0
3124,Verbruggen,NED,2026,CAM,31,1995,190,86,Right,63.7,81,3,281,0.5,1.5,0.0,0.15,0.0,81.0,4.1,3.14,2.42,0.59,0.0,0.91,9.03,3.85,14.05,4.44,0,0
3125,Baas,NED,2026,CB,31,1995,177,70,Right,50.8,89,3,259,0.17,0.1,0.0,2.1,0.0,85.9,9.69,11.02,35.51,0.52,-0.1,0.59,4.86,0.88,2.76,4.76,0,0
3126,Hato,NED,2026,GK,26,2000,193,75,Right,67.8,83,4,363,0.0,0.0,13.42,3.16,1.94,80.5,0.77,1.57,4.87,0.0,0.5,0.13,0.0,0.0,0.0,0.86,0,0
3127,Klaassen,NED,2026,ST,32,1994,186,72,Right,61.4,89,2,222,0.92,0.36,0.0,0.0,0.0,77.1,2.58,2.68,1.11,0.52,-0.1,2.14,7.93,4.09,8.64,5.96,0,0
3128,Malen,NED,2026,GK,35,1991,184,79,Right,16.0,78,4,361,0.0,0.0,17.18,2.55,2.83,88.3,0.37,2.03,6.21,0.0,0.5,0.68,0.0,0.0,0.0,1.03,0,0
3129,Vinicius Gomes,ITA,2026,ST,35,1991,175,87,Left,46.7,77,4,334,0.94,0.13,0.0,0.0,0.0,69.5,0.95,2.66,0.77,1.07,0.0,1.19,12.02,7.09,5.64,6.44,0,0
3130,Felipe Pereira,ITA,2026,ST,26,2000,182,83,Left,31.9,88,3,353,0.73,0.56,0.0,0.0,0.0,70.9,2.53,1.97,0.76,1.25,0.5,1.63,9.65,4.67,6.69,7.25,0,0
3131,Felipe Rodrigues,ITA,2026,CDM,24,2002,185,76,Both,19.3,78,2,182,0.27,0.17,0.0,1.31,0.0,85.7,16.31,10.1,12.4,0.44,0.1,0.18,3.04,0.77,1.85,11.41,1,0
3132,Rafael Barbosa,ITA,2026,GK,35,1991,185,92,Right,15.1,76,3,334,0.0,0.0,17.4,1.91,3.77,86.2,0.7,2.61,5.29,0.0,0.6,0.28,0.0,0.0,0.0,0.99,0,0
3133,Marcelo Cardoso,ITA,2026,CB,25,2001,186,70,Left,40.6,82,1,134,0.25,0.08,0.0,1.88,0.0,93.0,5.58,11.26,34.04,0.43,0.1,0.4,4.52,0.74,2.12,8.03,0,0
3134,Lucas Silva,ITA,2026,CDM,23,2003,170,83,Right,46.0,81,4,381,0.21,0.38,0.0,1.09,0.0,88.2,14.8,11.77,7.49,0.66,-0.0,0.52,3.36,0.22,5.79,10.2,0,0
3135,Thiago Lima,ITA,2026,LW,32,1994,179,78,Left,82.9,79,5,485,1.16,1.15,0.0,0.13,0.0,78.3,3.93,4.18,2.02,1.2,-0.4,0.77,12.38,4.22,9.63,3.06,0,0
3136,Ricardo Martins,ITA,2026,CM,23,2003,172,70,Right,24.1,78,5,465,0.32,0.69,0.0,1.04,0.0,83.5,6.18,7.05,7.07,1.18,-0.1,0.64,4.18,1.36,4.24,6.27,1,0
3137,Pedro Santos,ITA,2026,CAM,23,2003,178,74,Right,22.1,75,4,401,1.0,0.97,0.0,0.56,0.0,83.2,4.05,4.75,2.51,1.47,-0.3,0.76,7.38,2.22,15.21,3.7,0,0
3138,Fernando Cavalcanti,ITA,2026,CB,34,1992,179,67,Right,25.1,77,4,352,0.19,0.09,0.0,1.61,0.0,87.1,3.94,8.33,18.26,0.33,-0.3,0.59,6.38,0.88,1.42,7.98,1,0
3139,Ricardo Nascimento,ITA,2026,RB,20,2006,178,79,Right,71.3,94,5,477,0.23,0.65,0.0,2.1,0.0,85.9,10.1,6.27,6.67,0.77,0.2,0.9,4.82,1.91,3.3,2.19,0,0
3140,Vinicius Gomes,ITA,2026,GK,23,2003,183,76,Left,74.4,82,4,404,0.0,0.0,18.57,3.45,4.67,90.4,1.19,2.13,7.73,0.0,0.7,0.31,0.0,0.0,0.0,0.89,0,0
3141,Carlos Cardoso,ITA,2026,RB,35,1991,186,74,Right,33.6,82,4,371,0.22,0.46,0.0,1.24,0.0,89.9,13.1,7.36,12.75,0.51,0.0,0.16,6.77,2.25,4.68,5.37,0,0
3142,Pedro Martins,ITA,2026,GK,36,1990,198,84,Left,23.5,75,3,249,0.0,0.0,17.64,2.02,3.41,86.6,1.43,2.35,5.93,0.0,0.7,-0.18,0.0,0.0,0.0,0.75,0,0
3143,Ricardo Freitas,ITA,2026,CM,22,2004,187,70,Right,15.6,72,4,372,0.21,0.75,0.0,0.76,0.0,87.6,10.61,6.77,5.17,0.73,0.2,0.82,7.91,2.0,6.79,7.39,1,0
3144,Marcelo Gomes,ITA,2026,LB,21,2005,175,86,Left,28.4,96,3,243,0.48,0.61,0.0,3.6,0.0,79.1,12.55,11.61,10.2,0.91,-0.5,0.39,5.02,2.97,3.52,5.5,0,0
3145,Joao Costa,ITA,2026,CB,28,1998,186,75,Both,70.4,76,0,47,0.16,0.08,0.0,2.06,0.0,83.1,4.99,4.97,31.38,0.52,0.5,0.63,4.13,0.94,1.33,8.22,1,0
3146,Leonardo Souza,ITA,2026,CB,28,1998,185,89,Right,96.9,83,4,356,0.23,0.12,0.0,3.36,0.0,85.2,6.83,12.33,30.45,0.6,-0.4,0.29,3.64,0.87,1.7,5.18,1,0
3147,Arthur Mendes,ITA,2026,LB,35,1991,180,73,Right,37.4,81,3,278,0.34,0.39,0.0,1.38,0.0,78.4,11.6,8.34,5.89,0.87,-0.5,0.74,6.18,2.48,7.47,2.57,1,0
3148,Carlos Rocha,ITA,2026,RW,34,1992,178,70,Right,20.1,69,3,274,0.86,0.69,0.0,0.35,0.0,77.4,4.29,5.06,1.88,1.26,0.5,0.48,6.66,4.4,9.69,2.8,0,0
3149,Heitor Mendes,ITA,2026,RW,35,1991,187,83,Right,37.8,83,4,334,0.63,1.04,0.0,0.45,0.0,82.2,4.51,2.05,1.38,1.34,-0.8,0.83,8.43,2.27,10.09,4.8,0,0
3150,Rodrigo Monteiro,ITA,2026,CM,28,1998,190,74,Both,19.7,67,3,259,0.31,0.65,0.0,0.95,0.0,84.0,4.63,9.08,5.53,1.06,-0.2,0.85,7.59,1.38,6.84,6.64,0,0
3151,Lucas Melo,ITA,2026,LW,37,1989,192,66,Right,62.9,76,4,363,0.75,0.81,0.0,0.45,0.0,79.1,1.61,4.69,1.86,1.58,0.1,0.86,5.1,5.75,13.7,5.84,0,0
3152,De Bruyne,BEL,2026,RW,26,2000,174,74,Right,43.6,64,2,235,0.26,0.72,0.0,0.2,0.0,77.8,2.17,4.1,1.85,1.59,0.2,1.15,13.63,3.24,6.85,4.49,0,0
3153,Lukaku,BEL,2026,CM,24,2002,178,77,Left,24.3,69,2,163,0.36,0.5,0.0,0.85,0.0,89.4,3.3,5.32,5.77,0.88,-0.2,0.81,4.36,2.44,6.56,5.95,0,0
3154,Courtois,BEL,2026,GK,33,1993,198,92,Right,57.3,94,3,306,0.0,0.0,16.41,2.73,2.63,83.2,1.14,1.79,4.55,0.0,0.2,-0.0,0.0,0.0,0.0,1.29,0,0
3155,Vertonghen,BEL,2026,CM,26,2000,192,76,Right,37.4,64,5,444,0.5,0.58,0.0,1.3,0.0,92.4,7.15,0.95,6.11,0.93,0.2,0.28,5.53,2.25,7.02,4.1,0,0
3156,Alderweireld,BEL,2026,CB,33,1993,178,78,Left,44.5,73,5,474,0.22,0.09,0.0,1.45,0.0,88.7,4.29,7.42,21.96,0.36,0.5,0.35,3.18,0.83,1.19,7.27,1,0
3157,Hazard,BEL,2026,CB,25,2001,188,74,Left,18.2,83,3,316,0.27,0.14,0.0,2.11,0.0,88.4,4.84,8.87,38.02,0.41,-0.6,0.5,4.77,1.07,1.66,6.89,0,0
3158,Witsel,BEL,2026,CB,26,2000,179,85,Both,49.6,72,4,367,0.13,0.13,0.0,1.33,0.0,88.1,7.5,11.33,13.73,0.67,-0.5,0.02,5.05,1.28,1.44,9.58,1,0
3159,Carrasco,BEL,2026,CB,31,1995,175,89,Right,19.6,69,1,140,0.2,0.09,0.0,1.1,0.0,86.7,7.73,10.09,17.88,0.72,0.9,0.43,4.31,2.1,2.35,5.86,1,0
3160,Tielemans,BEL,2026,RB,24,2002,172,69,Left,71.9,76,3,287,0.28,0.52,0.0,2.0,0.0,83.2,12.25,8.12,12.73,0.31,-0.3,0.37,5.13,2.45,4.8,4.43,0,0
3161,Dendoncker,BEL,2026,CM,34,1992,171,85,Left,32.5,73,3,292,0.31,0.57,0.0,0.59,0.0,83.8,7.89,5.56,6.59,0.22,0.1,0.27,8.67,2.03,8.04,6.41,0,0
3162,Meunier,BEL,2026,LW,35,1991,178,66,Left,104.9,87,4,382,0.38,1.1,0.0,0.52,0.0,83.0,3.67,2.82,2.44,1.83,-0.4,1.52,8.28,4.36,13.0,5.9,0,0
3163,Castagne,BEL,2026,RW,21,2005,179,89,Left,97.5,79,4,347,0.53,1.03,0.0,0.56,0.0,79.1,3.43,4.29,1.7,1.43,0.0,1.1,11.24,4.83,9.13,6.03,0,0
3164,Theate,BEL,2026,GK,30,1996,199,85,Right,17.0,77,4,324,0.0,0.0,21.82,1.58,3.3,79.6,1.12,2.22,2.93,0.0,0.3,0.47,0.0,0.0,0.0,0.97,0,0
3165,Onana,BEL,2026,LB,30,1996,183,66,Left,19.3,87,5,391,0.2,0.65,0.0,2.45,0.0,83.0,8.17,6.92,9.54,0.95,0.0,-0.08,4.97,2.55,4.67,4.21,0,0
3166,Debast,BEL,2026,GK,37,1989,199,93,Right,17.3,69,5,458,0.0,0.0,17.65,1.51,4.27,81.9,0.97,1.75,5.09,0.0,0.4,0.01,0.0,0.0,0.0,1.16,0,0
3167,Openda,BEL,2026,ST,33,1993,181,80,Both,105.1,79,3,312,1.4,0.51,0.0,0.0,0.0,71.9,1.85,2.98,0.83,0.54,-0.2,1.45,7.75,5.45,10.14,9.41,0,0
3168,Lukebakio,BEL,2026,LB,32,1994,194,85,Right,47.1,87,3,267,0.32,0.51,0.0,2.46,0.0,84.8,10.59,12.07,10.81,1.24,-0.1,0.43,5.03,2.02,4.7,6.4,0,0
3169,Bakayoko,BEL,2026,CDM,37,1989,171,82,Left,24.6,70,4,349,0.2,0.27,0.0,0.83,0.0,84.2,11.39,13.4,8.72,0.38,-0.3,0.21,4.41,1.13,3.65,6.93,2,0
3170,Mignolet,BEL,2026,ST,30,1996,172,66,Right,47.6,78,3,224,1.06,0.43,0.0,0.0,0.0,75.0,1.63,4.44,1.19,1.32,0.1,1.58,12.02,5.71,5.57,7.38,0,0
3171,Casteels,BEL,2026,CDM,36,1990,194,83,Right,38.7,86,4,380,0.25,0.4,0.0,1.44,0.0,86.9,8.31,8.52,6.9,0.49,-0.3,0.31,4.75,1.4,3.95,7.09,1,0
3172,Kaminski,BEL,2026,LW,33,1993,170,71,Both,17.0,74,4,310,0.56,0.65,0.0,0.38,0.0,82.3,3.98,2.91,1.81,1.35,0.7,0.78,9.69,4.74,7.99,5.62,0,0
3173,De Ketelaere,BEL,2026,RB,19,2007,179,79,Right,69.9,96,3,280,0.24,0.36,0.0,2.72,0.0,85.1,10.91,9.28,10.1,0.3,-0.0,0.15,5.55,1.84,5.83,6.04,0,0
3174,Mangala,BEL,2026,CAM,30,1996,188,71,Left,90.3,80,0,46,0.65,0.98,0.0,0.47,0.0,85.6,3.63,4.95,1.52,1.53,-0.2,0.99,7.46,3.64,14.12,2.5,0,0
3175,Suarez,URU,2026,RW,20,2006,183,70,Left,67.8,87,5,410,0.98,1.1,0.0,0.87,0.0,77.4,2.16,3.3,1.8,1.21,-0.8,0.99,9.83,1.99,18.41,2.35,0,0
3176,Cavani,URU,2026,LB,25,2001,194,77,Right,65.5,91,3,300,0.22,0.28,0.0,2.76,0.0,83.0,9.25,9.82,14.17,0.86,0.2,0.33,5.89,1.84,7.11,5.61,0,0
3177,Godin,URU,2026,CM,21,2005,179,67,Left,46.8,73,4,357,0.56,0.65,0.0,0.24,0.0,86.0,6.34,5.55,5.55,0.73,0.3,0.5,8.07,2.37,7.98,5.28,1,0
3178,Gimenez,URU,2026,RB,35,1991,181,69,Right,25.7,94,3,262,0.3,0.29,0.0,2.65,0.0,78.5,12.68,5.8,10.01,1.07,0.2,0.29,4.98,1.86,9.63,3.42,1,0
3179,Valverde,URU,2026,CB,29,1997,177,72,Left,45.5,84,5,427,0.25,0.14,0.0,2.24,0.0,91.7,5.16,9.54,44.98,0.32,0.3,0.42,2.62,0.87,1.37,10.13,1,0
3180,Bentancur,URU,2026,ST,32,1994,192,84,Right,60.4,80,3,287,1.09,0.4,0.0,0.0,0.0,73.9,1.47,2.91,1.32,0.91,0.2,1.22,9.69,5.58,9.2,4.39,0,0
3181,Nunez,URU,2026,CM,31,1995,186,89,Right,40.6,69,4,332,0.55,0.55,0.0,0.75,0.0,86.4,5.69,5.5,3.5,0.93,0.0,0.7,7.37,1.73,7.53,6.21,0,0
3182,De Arrascaeta,URU,2026,CB,27,1999,172,83,Right,46.7,82,3,280,0.1,0.1,0.0,2.63,0.0,88.6,7.36,10.28,24.67,0.51,-0.0,0.35,3.6,1.51,2.5,6.28,0,0
3183,Pellistri,URU,2026,CM,23,2003,172,68,Right,25.7,82,2,203,0.45,0.42,0.0,1.23,0.0,86.2,6.21,10.43,3.84,1.0,-0.4,0.68,5.35,2.44,3.41,4.56,0,0
3184,Olivera,URU,2026,GK,21,2005,193,80,Right,27.8,71,3,270,0.0,0.0,8.22,2.26,3.58,81.9,0.98,1.72,2.13,0.0,0.2,0.04,0.0,0.0,0.0,1.3,0,0
3185,Coates,URU,2026,CDM,37,1989,180,89,Right,20.4,71,2,220,0.14,0.31,0.0,0.97,0.0,94.5,11.34,11.05,11.5,0.74,-0.3,-0.15,3.37,0.92,4.33,9.79,1,0
3186,Rochet,URU,2026,CB,36,1990,171,81,Left,45.5,64,4,353,0.16,0.1,0.0,1.25,0.0,92.0,7.23,4.55,25.05,0.45,-0.2,0.6,4.2,0.88,2.24,8.99,1,0
3187,Mele,URU,2026,LW,37,1989,185,82,Left,21.1,86,3,255,0.3,1.15,0.0,0.52,0.0,80.0,2.67,4.36,2.83,1.26,-0.0,1.25,7.27,2.97,18.41,5.05,0,0
3188,Caceres,URU,2026,RB,30,1996,192,68,Right,62.3,74,3,277,0.3,0.36,0.0,1.18,0.0,83.7,6.11,6.93,11.94,0.57,-0.0,0.58,3.4,3.05,7.84,6.66,0,0
3189,Vina,URU,2026,GK,32,1994,197,84,Right,6.2,74,3,319,0.0,0.0,11.37,1.8,3.78,87.3,1.05,1.25,6.11,0.0,1.1,-0.54,0.0,0.0,0.0,1.43,0,0
3190,Torres,URU,2026,ST,35,1991,174,83,Left,129.1,93,3,308,1.6,0.43,0.0,0.0,0.0,71.4,2.17,3.23,1.28,0.74,0.3,1.8,11.56,5.55,7.94,10.72,0,0
3191,Canobbio,URU,2026,CDM,36,1990,184,87,Right,34.4,71,3,250,0.25,0.4,0.0,0.62,0.0,87.4,18.14,15.26,5.77,0.25,0.2,0.38,4.57,1.55,2.75,8.9,1,0
3192,Araujo,URU,2026,GK,32,1994,187,90,Right,21.8,82,5,423,0.0,0.0,9.9,1.41,2.13,89.2,0.95,2.39,7.65,0.0,0.5,0.45,0.0,0.0,0.0,0.92,0,0
3193,Gonzalez,URU,2026,RW,33,1993,173,76,Left,76.7,84,1,106,0.55,0.46,0.0,0.5,0.0,84.0,2.53,4.55,1.88,0.97,0.0,1.34,9.05,5.77,12.31,6.77,0,0
3194,Rodriguez,URU,2026,CAM,27,1999,174,70,Right,93.0,83,4,352,0.43,1.49,0.0,0.42,0.0,88.3,3.02,4.6,2.01,1.51,-0.1,0.62,5.12,3.17,11.85,3.9,0,0
3195,Alvarez,URU,2026,CB,25,2001,172,69,Right,5.8,61,2,224,0.2,0.11,0.0,0.62,0.0,88.1,7.76,10.09,26.02,0.66,-0.0,-0.07,3.92,0.83,0.5,6.41,1,0
3196,Bueno,URU,2026,LB,29,1997,193,65,Right,45.3,80,3,311,0.15,0.65,0.0,1.98,0.0,82.5,9.62,5.22,12.94,0.53,0.1,0.22,6.01,1.73,5.79,6.29,0,0
3197,Lopez,URU,2026,LW,19,2007,172,83,Left,93.5,73,3,244,0.91,0.96,0.0,0.57,0.0,77.2,2.68,4.52,3.24,2.3,-0.4,0.92,5.0,4.76,11.99,2.54,0,0
3198,Modric,CRO,2026,GK,26,2000,191,86,Right,30.8,74,4,353,0.0,0.0,16.99,0.96,3.07,82.7,1.29,2.34,6.56,0.0,1.3,0.16,0.0,0.0,0.0,0.83,0,0
3199,Perisic,CRO,2026,CM,36,1990,191,74,Right,11.7,73,4,383,0.41,0.55,0.0,1.24,0.0,84.7,10.3,2.52,2.85,0.48,0.1,0.54,4.21,2.41,4.79,5.13,1,0
3200,Brozovic,CRO,2026,CM,37,1989,175,88,Left,8.7,72,4,296,0.39,0.84,0.0,1.33,0.0,87.9,6.75,7.83,4.87,0.93,-0.5,0.14,5.84,2.66,4.6,8.74,0,0
3201,Kovacic,CRO,2026,CB,23,2003,170,76,Right,33.9,71,4,405,0.13,0.08,0.0,1.33,0.0,87.6,6.83,10.69,23.12,0.43,-0.2,0.32,4.32,1.38,1.99,4.44,1,0
3202,Livakovic,CRO,2026,CDM,21,2005,187,69,Left,47.2,76,5,452,0.22,0.26,0.0,1.24,0.0,87.1,11.72,12.71,10.41,0.32,-0.4,-0.07,6.12,1.57,4.51,10.71,1,0
3203,Gvardiol,CRO,2026,CM,29,1997,193,81,Right,14.2,75,2,165,0.41,0.29,0.0,0.81,0.0,92.4,8.65,3.29,5.54,1.06,-0.2,0.49,9.23,2.61,7.15,7.53,0,0
3204,Juranovic,CRO,2026,CB,22,2004,178,86,Right,26.4,73,3,233,0.16,0.09,0.0,1.49,0.0,90.8,11.45,8.27,27.8,0.41,0.3,0.08,5.7,0.93,1.76,5.15,0,0
3205,Sosa,CRO,2026,CB,32,1994,178,79,Left,48.3,75,4,351,0.2,0.08,0.0,2.41,0.0,92.5,8.53,7.01,31.73,0.09,0.4,0.12,4.66,1.46,1.12,7.69,0,0
3206,Pasalic,CRO,2026,LB,23,2003,189,86,Right,52.6,74,5,485,0.48,0.48,0.0,2.14,0.0,81.1,13.48,11.35,8.58,0.65,0.2,-0.06,1.55,2.71,6.15,6.86,0,0
3207,Vlasic,CRO,2026,RW,24,2002,191,73,Left,75.1,79,4,386,0.86,0.78,0.0,0.25,0.0,80.3,5.2,5.76,1.69,1.32,-0.6,0.76,12.74,3.41,8.17,7.38,0,0
3208,Petkovic,CRO,2026,LB,28,1998,173,71,Left,68.7,80,1,128,0.26,0.32,0.0,2.5,0.0,82.2,11.51,4.75,12.28,0.87,-0.1,1.01,5.12,2.32,7.37,3.04,1,0
3209,Kramaric,CRO,2026,RB,36,1990,186,73,Both,34.4,82,4,311,0.24,0.86,0.0,2.44,0.0,80.1,10.06,7.1,7.4,0.9,-0.1,0.58,4.65,1.5,4.27,3.68,0,0
3210,Majer,CRO,2026,GK,29,1997,185,77,Right,23.4,77,5,458,0.0,0.0,6.44,1.07,4.38,83.6,0.73,1.71,3.2,0.0,0.2,0.72,0.0,0.0,0.0,0.61,0,0
3211,Sutalo,CRO,2026,ST,20,2006,186,81,Left,97.7,77,6,462,0.74,0.28,0.0,0.0,0.0,72.4,1.61,3.56,1.13,1.05,0.4,1.38,10.22,6.23,6.08,6.65,0,0
3212,Stanisic,CRO,2026,CDM,25,2001,171,67,Right,17.8,73,3,282,0.18,0.41,0.0,1.88,0.0,94.5,9.96,13.46,9.92,0.47,-0.5,0.16,3.91,1.38,2.86,9.8,1,0
3213,Susnjara,CRO,2026,LW,20,2006,189,69,Right,88.5,76,3,240,0.69,1.04,0.0,0.66,0.0,78.2,1.32,6.62,1.35,1.71,-0.2,0.93,4.64,5.41,17.0,6.69,0,0
3214,Labrovic,CRO,2026,RW,20,2006,180,73,Left,16.0,69,5,428,0.52,0.49,0.0,0.48,0.0,79.4,1.5,3.91,1.57,2.14,0.1,0.43,7.69,4.61,10.86,5.79,0,0
3215,Ivusic,CRO,2026,CB,20,2006,194,74,Both,27.8,86,4,373,0.25,0.07,0.0,2.38,0.0,89.8,9.88,13.21,17.57,0.35,0.2,0.31,4.86,1.5,3.11,6.72,0,0
3216,Beljo,CRO,2026,CAM,30,1996,192,69,Left,62.9,82,2,242,0.7,1.14,0.0,0.62,0.0,83.4,2.86,2.41,2.53,0.93,0.0,0.75,5.45,3.18,10.04,3.29,0,0
3217,Baturina,CRO,2026,GK,19,2007,183,90,Right,69.3,80,4,373,0.0,0.0,8.18,2.82,3.27,88.3,1.38,1.91,3.75,0.0,0.2,0.13,0.0,0.0,0.0,1.74,0,0
3218,Sučić,CRO,2026,RB,20,2006,188,82,Both,42.7,79,4,404,0.48,0.63,0.0,1.51,0.0,78.5,10.2,6.41,11.69,0.77,0.2,0.56,4.08,2.73,2.93,5.83,0,0
3219,Bijelod,CRO,2026,ST,22,2004,181,75,Right,31.2,89,4,441,0.87,0.29,0.0,0.0,0.0,75.2,1.32,3.98,1.17,1.04,-0.4,1.88,11.52,6.18,4.12,5.36,0,0
3220,Pjaca,CRO,2026,LW,30,1996,184,67,Right,70.6,91,3,265,0.76,0.77,0.0,0.36,0.0,78.6,2.48,4.19,1.3,1.6,0.2,1.24,10.65,5.46,12.99,4.8,0,0
3221,James,COL,2026,CM,32,1994,178,87,Left,11.4,72,4,395,0.39,0.51,0.0,0.9,0.0,81.1,11.18,7.33,4.77,0.98,0.0,0.54,6.53,2.15,8.72,2.47,1,0
3222,Falcao,COL,2026,RB,28,1998,190,86,Left,70.1,86,6,467,0.25,0.46,0.0,1.84,0.0,86.2,3.3,4.09,11.6,0.81,0.2,0.07,5.28,2.46,7.09,4.58,0,0
3223,Cuadrado,COL,2026,CAM,30,1996,186,80,Right,54.6,89,5,427,0.44,1.24,0.0,0.33,0.0,88.5,3.86,4.71,2.79,0.83,0.1,0.42,9.77,3.71,11.72,3.09,0,0
3224,Ospina,COL,2026,CB,36,1990,171,67,Right,15.4,67,5,476,0.15,0.09,0.0,0.71,0.0,94.8,2.46,5.09,30.81,0.79,0.0,0.11,4.25,1.21,0.93,12.31,0,0
3225,Mina,COL,2026,CDM,27,1999,178,85,Left,42.8,69,1,83,0.22,0.27,0.0,1.04,0.0,92.2,10.55,19.64,2.87,0.92,-0.1,-0.12,5.05,1.07,3.55,5.86,1,0
3226,Sanchez,COL,2026,LB,26,2000,188,84,Right,48.3,88,3,312,0.39,0.59,0.0,2.18,0.0,78.8,7.75,9.38,11.18,0.48,0.2,0.37,3.19,1.29,3.27,4.5,0,0
3227,Diaz,COL,2026,LB,30,1996,175,69,Right,76.3,78,4,338,0.26,0.69,0.0,2.69,0.0,81.0,10.42,8.01,4.49,1.24,-0.2,0.23,6.09,2.62,9.12,3.23,0,0
3228,Quintero,COL,2026,GK,29,1997,189,85,Both,56.9,75,4,392,0.0,0.0,16.88,3.09,2.23,88.2,0.91,1.63,8.22,0.0,0.4,-0.32,0.0,0.0,0.0,0.99,0,0
3229,Borja,COL,2026,CDM,19,2007,190,65,Both,57.2,79,2,183,0.26,0.29,0.0,1.06,0.0,88.2,14.61,9.02,8.19,0.45,0.1,0.33,5.22,1.33,4.65,6.23,1,0
3230,Muriel,COL,2026,GK,24,2002,195,87,Right,35.6,72,5,426,0.0,0.0,14.41,2.38,3.28,84.8,0.42,1.92,5.96,0.0,0.5,-0.51,0.0,0.0,0.0,1.16,0,0
3231,Mojica,COL,2026,CM,30,1996,193,79,Right,33.6,76,4,377,0.68,0.58,0.0,1.3,0.0,86.4,5.68,9.64,5.37,0.7,0.5,0.14,7.53,1.68,5.5,6.46,1,0
3232,Lerma,COL,2026,CB,20,2006,186,88,Left,26.3,67,5,435,0.19,0.1,0.0,1.18,0.0,87.3,5.47,12.24,19.13,0.62,0.2,-0.19,4.51,1.3,1.75,5.93,1,0
3233,Uribe,COL,2026,ST,26,2000,193,73,Right,143.4,82,5,457,0.93,0.22,0.0,0.0,0.0,74.7,1.84,3.35,0.73,1.49,0.2,1.72,5.74,7.02,5.54,7.38,0,0
3234,Moreno,COL,2026,RB,24,2002,187,79,Left,24.4,76,3,276,0.41,0.68,0.0,0.49,0.0,84.1,5.84,6.55,7.94,0.74,-0.2,0.68,7.54,1.87,6.38,5.77,0,0
3235,Duran,COL,2026,CM,34,1992,192,68,Right,29.5,65,3,276,0.39,0.4,0.0,0.85,0.0,93.0,9.81,6.2,5.15,0.89,0.3,0.73,8.53,2.48,7.14,6.52,0,0
3236,Sinisterra,COL,2026,GK,19,2007,195,76,Right,29.4,72,1,114,0.0,0.0,20.57,1.48,2.9,82.5,1.26,2.25,4.74,0.0,0.1,-0.03,0.0,0.0,0.0,1.58,0,0
3237,Asprilla,COL,2026,CB,21,2005,192,75,Right,22.7,76,2,174,0.26,0.11,0.0,1.35,0.0,90.3,8.24,14.64,18.6,0.47,0.2,0.0,5.98,1.1,2.22,5.57,0,0
3238,Montoya,COL,2026,LW,31,1995,174,87,Left,35.4,78,2,250,0.84,0.64,0.0,0.51,0.0,83.4,2.83,3.01,2.15,1.4,-0.2,0.66,9.52,4.98,11.24,5.54,0,0
3239,Vargas,COL,2026,ST,28,1998,173,67,Right,107.7,88,3,240,1.25,0.36,0.0,0.0,0.0,70.3,2.38,2.64,0.91,1.1,0.3,1.16,14.09,5.19,8.78,6.9,0,0
3240,Mosquera,COL,2026,LW,21,2005,187,87,Right,81.0,82,4,401,0.62,0.98,0.0,0.25,0.0,74.2,4.45,3.77,0.96,1.58,0.3,1.02,9.67,3.62,16.58,4.56,0,0
3241,Mejia,COL,2026,RW,24,2002,190,75,Left,54.4,74,4,326,0.26,1.05,0.0,0.71,0.0,73.3,2.61,2.77,1.58,1.54,-0.3,0.5,8.86,4.01,18.88,6.83,0,0
3242,Castano,COL,2026,RW,24,2002,171,66,Right,36.0,84,2,227,0.99,0.82,0.0,0.56,0.0,76.0,2.2,3.7,1.99,1.81,0.3,1.27,14.5,4.4,10.41,3.13,0,0
3243,Arias,COL,2026,CB,32,1994,181,67,Left,20.9,78,3,258,0.23,0.04,0.0,1.72,0.0,87.1,3.77,8.77,15.89,0.76,0.3,0.04,5.37,1.41,2.95,6.45,1,0
3244,Chicharito,MEX,2026,RB,28,1998,182,69,Left,67.0,92,5,389,0.37,0.68,0.0,3.15,0.0,78.4,8.28,2.98,8.03,0.55,0.5,0.01,5.81,2.56,6.79,3.36,0,0
3245,Guardado,MEX,2026,LW,30,1996,188,84,Left,107.9,91,2,179,0.82,0.98,0.0,0.31,0.0,77.4,3.45,1.39,2.95,1.38,0.3,1.12,7.74,0.21,18.97,3.73,0,0
3246,Ochoa,MEX,2026,GK,31,1995,191,88,Right,36.0,91,2,241,0.0,0.0,14.55,2.55,1.04,87.2,1.24,1.71,6.68,0.0,0.6,0.4,0.0,0.0,0.0,1.33,0,0
3247,Lozano,MEX,2026,CB,28,1998,187,87,Both,133.9,99,4,398,0.12,0.07,0.0,3.04,0.0,88.5,5.6,6.56,32.12,0.34,0.0,0.77,3.48,1.04,2.63,9.87,0,0
3248,Herrera,MEX,2026,CDM,22,2004,178,88,Right,15.0,65,4,377,0.02,0.2,0.0,0.71,0.0,85.8,8.6,16.31,7.34,0.21,0.3,0.41,6.04,0.73,3.13,4.0,1,0
3249,Layun,MEX,2026,CB,22,2004,185,83,Left,41.5,93,4,380,0.24,0.14,0.0,3.08,0.0,81.9,12.85,10.84,35.21,0.71,-0.1,0.4,3.71,0.76,2.06,4.47,0,0
3250,Moreno,MEX,2026,CM,21,2005,175,74,Right,41.2,68,4,364,0.34,0.57,0.0,0.82,0.0,84.2,9.41,9.79,5.06,0.82,-0.0,0.44,6.88,1.32,7.54,3.89,0,0
3251,Gallardo,MEX,2026,RB,19,2007,176,89,Left,38.1,77,3,314,0.28,0.47,0.0,0.99,0.0,81.0,14.13,5.97,12.27,1.0,0.1,0.18,4.77,2.68,7.09,5.5,0,0
3252,Alvarez,MEX,2026,CB,36,1990,171,70,Left,14.8,77,4,347,0.19,0.1,0.0,1.77,0.0,89.8,0.0,13.51,24.83,0.49,-0.4,0.12,4.35,1.32,2.15,6.86,1,0
3253,Montes,MEX,2026,CDM,32,1994,173,76,Right,22.3,71,4,359,0.3,0.16,0.0,0.91,0.0,87.5,10.24,7.27,11.42,0.64,0.3,-0.36,4.26,1.55,5.84,11.7,1,0
3254,Sanchez,MEX,2026,CM,26,2000,182,75,Right,15.4,65,5,383,0.36,0.41,0.0,0.72,0.0,83.7,9.15,9.73,5.38,0.93,-0.3,0.05,2.79,1.97,7.8,6.26,0,0
3255,Pineda,MEX,2026,RW,30,1996,193,66,Left,55.3,71,4,340,0.68,0.68,0.0,0.55,0.0,77.7,4.15,5.04,2.66,0.93,-0.2,0.81,14.23,4.13,15.57,4.47,0,0
3256,Chavez,MEX,2026,LB,20,2006,172,68,Left,50.9,88,3,260,0.32,0.46,0.0,1.97,0.0,77.2,11.68,6.74,16.27,0.71,-0.2,0.71,4.65,1.91,6.04,4.64,0,0
3257,Vega,MEX,2026,GK,31,1995,190,94,Right,27.6,76,4,379,0.0,0.0,16.18,1.28,2.4,85.7,1.44,1.69,2.34,0.0,0.4,-0.11,0.0,0.0,0.0,0.77,0,0
3258,Antuna,MEX,2026,CAM,23,2003,191,66,Left,48.4,77,5,434,0.65,1.12,0.0,0.48,0.0,81.8,2.42,5.03,2.52,1.17,-0.0,0.56,9.66,3.39,11.2,2.35,0,0
3259,Gimenez,MEX,2026,LB,26,2000,185,75,Right,85.6,85,5,501,0.22,0.48,0.0,2.78,0.0,80.0,5.49,7.07,13.11,0.62,-0.4,0.73,5.76,3.1,8.0,6.4,0,0
3260,Arteaga,MEX,2026,ST,29,1997,185,68,Both,111.4,89,2,172,1.19,0.38,0.0,0.0,0.0,73.0,2.84,2.94,0.87,0.88,-0.0,1.22,7.04,4.88,6.99,1.79,0,0
3261,Rodriguez,MEX,2026,RW,24,2002,172,86,Right,26.9,74,4,444,0.64,0.62,0.0,0.39,0.0,74.4,4.1,3.77,2.01,1.07,-0.1,0.46,11.79,5.07,10.77,6.28,0,0
3262,Malagon,MEX,2026,ST,23,2003,186,78,Right,34.7,79,5,424,0.03,0.35,0.0,0.0,0.0,69.0,1.87,2.35,0.99,1.59,-0.2,1.4,8.87,7.11,11.22,9.84,0,0
3263,Araujo,MEX,2026,LW,29,1997,180,76,Left,50.9,82,3,219,0.95,0.58,0.0,0.61,0.0,72.8,4.57,4.59,2.08,1.5,-0.1,0.86,3.82,4.18,8.31,5.08,0,0
3264,Huerta,MEX,2026,CB,34,1992,190,85,Both,35.3,80,4,324,0.17,0.0,0.0,2.17,0.0,84.8,10.18,11.32,27.3,0.55,-0.1,0.19,4.47,1.51,2.38,3.95,0,0
3265,Luna,MEX,2026,GK,27,1999,191,80,Left,46.2,77,3,270,0.0,0.0,18.53,2.17,3.76,86.3,0.73,1.33,4.35,0.0,0.7,-0.37,0.0,0.0,0.0,1.05,0,0
3266,Sepulveda,MEX,2026,CM,35,1991,182,83,Left,34.6,87,3,298,0.54,0.64,0.0,1.05,0.0,81.6,10.38,7.65,4.89,0.72,0.3,0.45,2.45,3.28,7.77,5.01,1,0
3267,Pulisic,USA,2026,CB,33,1993,180,79,Both,67.6,87,2,209,0.28,0.11,0.0,3.08,0.0,86.3,11.39,9.33,19.97,0.64,-0.1,-0.39,3.83,0.97,1.64,1.59,0,0
3268,McKennie,USA,2026,RB,31,1995,186,79,Left,40.0,91,5,412,0.51,0.44,0.0,2.34,0.0,89.0,10.5,7.82,12.63,0.91,-0.0,0.46,4.63,2.1,7.44,3.25,0,0
3269,Adams,USA,2026,CM,36,1990,179,75,Right,31.3,65,5,452,0.27,0.7,0.0,1.29,0.0,87.1,8.75,7.45,6.9,0.92,-0.0,0.13,6.42,2.9,5.81,6.67,0,0
3270,Dest,USA,2026,CM,29,1997,183,65,Right,48.5,68,4,354,0.43,0.46,0.0,1.57,0.0,87.2,9.6,5.67,6.5,0.68,-0.1,0.54,6.16,2.29,5.54,5.69,0,0
3271,Ream,USA,2026,LW,31,1995,189,86,Left,125.3,96,3,225,0.87,1.01,0.0,0.57,0.0,81.2,3.58,0.3,1.55,1.29,-0.4,1.15,4.11,5.38,11.62,4.5,0,0
3272,Turner,USA,2026,RW,35,1991,174,65,Left,40.4,69,4,346,0.52,0.35,0.0,0.5,0.0,78.9,3.28,3.21,1.92,1.54,-0.7,0.88,9.15,4.17,11.58,6.27,0,0
3273,Musah,USA,2026,GK,24,2002,195,89,Left,25.3,75,4,400,0.0,0.0,13.15,1.6,2.65,85.0,1.66,1.83,4.22,0.0,0.6,0.12,0.0,0.0,0.0,0.89,0,0
3274,Weah,USA,2026,GK,31,1995,193,75,Right,7.2,60,5,491,0.0,0.0,11.9,1.45,3.86,87.9,0.82,2.43,6.5,0.0,0.4,-0.34,0.0,0.0,0.0,1.32,0,0
3275,Aaronson,USA,2026,CDM,24,2002,193,67,Both,62.8,83,3,230,0.21,0.39,0.0,1.32,0.0,89.7,13.99,10.76,10.46,0.48,-0.3,0.56,3.05,0.96,4.68,9.84,0,0
3276,Reyna,USA,2026,LW,33,1993,177,81,Left,75.0,82,1,169,0.74,0.97,0.0,0.33,0.0,77.2,1.83,3.83,1.58,1.78,-0.2,0.81,11.59,5.99,17.88,4.77,0,0
3277,Sargent,USA,2026,CB,30,1996,179,70,Right,74.9,79,4,373,0.3,0.09,0.0,1.92,0.0,82.7,6.81,11.41,27.05,0.56,-0.0,0.14,5.09,1.43,2.33,7.15,0,0
3278,Wright,USA,2026,LB,27,1999,183,89,Right,53.3,77,4,417,0.45,0.67,0.0,1.99,0.0,81.0,10.78,8.91,7.17,1.01,-0.3,-0.1,5.01,2.63,7.92,3.96,0,0
3279,Zimmerman,USA,2026,CM,37,1989,184,83,Both,16.4,67,5,501,0.6,0.44,0.0,0.93,0.0,90.2,9.66,6.84,6.21,1.01,0.4,0.63,6.38,2.03,4.29,7.61,0,0
3280,Long,USA,2026,CB,24,2002,185,70,Both,34.6,69,3,220,0.21,0.12,0.0,1.69,0.0,88.0,8.24,12.52,29.24,0.46,-0.3,0.47,5.2,0.51,1.82,8.08,0,0
3281,Robinson,USA,2026,CDM,32,1994,181,79,Right,29.6,73,2,184,0.22,0.33,0.0,1.24,0.0,90.5,15.04,12.94,8.48,0.52,0.1,0.68,4.83,1.21,4.22,4.59,0,0
3282,Scally,USA,2026,RB,34,1992,172,72,Both,45.2,74,5,410,0.29,0.36,0.0,1.96,0.0,87.3,10.66,11.13,6.73,1.13,0.1,0.16,3.54,1.78,8.72,1.9,1,0
3283,Yedlin,USA,2026,ST,23,2003,194,86,Left,97.0,85,5,440,1.32,0.44,0.0,0.0,0.0,74.0,2.15,3.19,1.05,1.04,0.2,1.47,13.95,6.94,10.78,9.32,0,0
3284,Morris,USA,2026,ST,34,1992,183,68,Right,55.3,81,2,196,0.93,0.41,0.0,0.0,0.0,71.1,1.26,3.28,1.17,0.97,0.4,1.18,15.79,7.65,5.9,3.05,0,0
3285,Hoppe,USA,2026,LB,19,2007,179,80,Right,53.4,89,3,296,0.31,0.47,0.0,2.37,0.0,81.5,9.85,10.5,11.2,0.46,-0.0,-0.01,6.2,2.61,4.57,8.32,0,0
3286,Pefok,USA,2026,RW,27,1999,185,67,Right,62.0,91,6,494,0.9,0.95,0.0,0.45,0.0,78.1,2.42,4.66,2.49,1.15,0.1,0.99,6.3,3.48,15.39,3.09,0,0
3287,Vazquez,USA,2026,CB,37,1989,175,73,Right,8.4,72,6,546,0.23,0.07,0.0,1.23,0.0,89.7,5.78,8.78,40.82,0.41,0.3,0.3,6.0,0.43,0.72,4.23,0,0
3288,Ferreira,USA,2026,CAM,37,1989,173,82,Right,24.2,87,4,347,0.46,0.88,0.0,0.47,0.0,79.3,1.97,3.46,2.66,1.68,-0.1,1.2,8.36,3.21,10.47,4.2,0,0
3289,Cowell,USA,2026,GK,22,2004,192,79,Right,26.9,79,2,241,0.0,0.0,11.62,1.95,3.33,84.2,0.66,2.87,5.41,0.0,0.7,0.16,0.0,0.0,0.0,1.03,0,0
3290,Nakata,JPN,2026,RW,21,2005,171,86,Right,38.4,78,3,316,0.73,1.0,0.0,0.63,0.0,77.7,2.15,4.25,2.49,0.64,-0.3,0.71,5.97,3.68,8.43,4.17,0,0
3291,Honda,JPN,2026,CB,29,1997,173,89,Left,26.4,72,5,451,0.14,0.12,0.0,1.25,0.0,87.5,7.4,16.75,16.6,0.38,-0.2,0.3,3.01,1.36,0.0,2.87,0,0
3292,Kagawa,JPN,2026,LW,23,2003,185,85,Left,27.8,72,4,335,0.71,0.6,0.0,0.23,0.0,80.5,1.71,3.77,1.57,1.62,0.6,0.83,12.8,6.32,13.54,4.04,0,0
3293,Nagatomo,JPN,2026,ST,26,2000,178,70,Right,180.7,79,3,340,1.64,0.6,0.0,0.0,0.0,73.4,2.8,2.58,0.76,0.98,0.3,1.52,9.47,5.3,9.92,11.45,0,0
3294,Yoshida,JPN,2026,CB,26,2000,182,84,Right,63.5,88,3,307,0.15,0.11,0.0,2.29,0.0,90.8,5.0,13.34,25.49,0.34,-0.0,0.62,3.24,1.0,2.43,8.19,0,0
3295,Endo,JPN,2026,CDM,31,1995,188,81,Right,33.6,78,2,225,0.19,0.32,0.0,0.92,0.0,90.5,8.83,16.96,3.92,0.68,-0.2,-0.04,5.82,0.84,3.47,8.14,1,0
3296,Minamino,JPN,2026,CDM,35,1991,176,78,Right,34.4,74,3,255,0.14,0.37,0.0,0.47,0.0,90.7,8.57,15.39,6.51,0.74,-0.1,0.61,5.08,1.0,2.75,12.45,1,0
3297,Kubo,JPN,2026,GK,33,1993,190,90,Both,12.7,69,4,325,0.0,0.0,11.83,1.68,1.48,90.6,0.76,2.24,3.67,0.0,1.1,0.01,0.0,0.0,0.0,1.16,0,0
3298,Tomiyasu,JPN,2026,CM,28,1998,192,66,Right,63.9,81,2,215,0.22,1.03,0.0,0.9,0.0,82.7,10.91,8.55,0.73,0.84,-0.4,0.67,7.85,1.38,6.92,5.5,1,0
3299,Doan,JPN,2026,GK,20,2006,189,77,Both,18.9,80,7,604,0.0,0.0,12.73,2.39,2.39,86.0,0.87,2.01,1.45,0.0,0.4,0.51,0.0,0.0,0.0,1.46,0,0
3300,Ito,JPN,2026,CM,24,2002,186,85,Both,53.3,68,3,262,0.26,0.43,0.0,1.63,0.0,86.8,6.02,1.45,4.85,0.61,-0.1,1.04,6.97,2.51,5.92,3.86,0,0
3301,Maeda,JPN,2026,CM,19,2007,173,67,Right,22.4,68,3,248,0.31,0.58,0.0,0.66,0.0,87.6,7.3,8.09,5.88,0.78,-0.1,0.4,2.32,2.37,6.49,2.54,1,0
3302,Asano,JPN,2026,RB,26,2000,174,88,Left,88.5,82,3,299,0.35,0.72,0.0,1.99,0.0,82.8,7.35,8.13,7.44,0.75,0.1,-0.17,2.74,2.42,6.72,5.99,0,0
3303,Tanaka,JPN,2026,CB,22,2004,170,67,Left,14.5,60,5,516,0.2,0.12,0.0,0.46,0.0,87.1,11.56,12.46,35.95,0.45,-0.2,0.05,3.97,1.12,0.89,6.14,1,0
3304,Soma,JPN,2026,GK,30,1996,197,88,Right,37.2,73,3,333,0.0,0.0,16.73,1.57,4.61,85.5,1.1,1.73,4.68,0.0,0.5,0.46,0.0,0.0,0.0,0.88,0,0
3305,Machino,JPN,2026,LW,23,2003,171,81,Both,87.8,81,3,233,0.83,1.26,0.0,0.41,0.0,75.9,3.13,2.14,3.53,1.42,-0.2,0.96,15.08,5.45,11.03,6.45,0,0
3306,Ueda,JPN,2026,ST,22,2004,171,84,Left,104.7,79,5,505,1.35,0.35,0.0,0.0,0.0,75.3,2.63,3.31,0.84,0.72,0.3,1.45,10.19,6.46,4.62,6.63,0,0
3307,Kamada,JPN,2026,CB,35,1991,189,71,Left,26.1,65,4,411,0.24,0.08,0.0,1.7,0.0,86.7,5.9,13.46,33.88,0.52,-0.4,-0.27,2.68,0.73,1.94,7.2,1,0
3308,Hatate,JPN,2026,RB,28,1998,170,89,Left,83.7,87,5,424,0.21,0.45,0.0,2.3,0.0,84.0,9.89,11.06,12.79,0.7,-0.6,0.15,7.08,1.44,8.89,5.38,0,0
3309,Suzuki,JPN,2026,RW,27,1999,191,66,Right,45.5,78,2,199,0.31,0.93,0.0,0.47,0.0,77.2,1.67,3.56,1.87,1.75,-0.2,1.54,4.94,4.6,17.53,4.93,0,0
3310,Morita,JPN,2026,LB,30,1996,190,86,Right,88.7,85,3,266,0.42,0.59,0.0,2.3,0.0,84.2,14.1,5.97,10.44,0.79,-0.1,0.42,5.94,1.99,9.54,5.02,0,0
3311,Mitoma,JPN,2026,CAM,21,2005,188,81,Right,66.2,84,3,312,0.34,1.27,0.0,0.19,0.0,77.8,5.23,4.14,3.3,1.49,0.3,1.39,8.62,3.76,8.06,3.63,0,0
3312,Suzuki,JPN,2026,LB,26,2000,177,88,Left,26.4,95,4,361,0.27,0.24,0.0,2.54,0.0,87.6,8.56,6.14,10.65,0.75,-0.4,0.37,3.94,2.86,3.84,5.1,0,0
3313,Park,KOR,2026,ST,25,2001,193,88,Right,80.2,90,3,309,1.48,0.44,0.0,0.0,0.0,71.7,1.53,3.2,1.51,1.15,-0.0,2.1,9.07,7.19,9.26,7.64,0,0
3314,Son,KOR,2026,GK,36,1990,187,77,Right,19.9,73,5,376,0.0,0.0,16.36,1.14,3.89,89.7,0.6,1.59,4.78,0.0,0.8,0.22,0.0,0.0,0.0,1.03,0,0
3315,Kim,KOR,2026,CB,22,2004,192,89,Right,59.5,83,3,248,0.17,0.13,0.0,2.11,0.0,88.8,5.12,9.55,28.69,0.33,-0.0,0.48,2.28,1.13,1.86,2.06,1,0
3316,Lee,KOR,2026,RB,25,2001,181,73,Both,43.1,92,2,171,0.34,0.35,0.0,2.18,0.0,79.3,17.8,6.82,8.95,0.63,-0.1,0.53,0.95,1.96,5.6,1.42,0,0
3317,Hwang,KOR,2026,RW,33,1993,190,78,Both,73.2,82,3,306,0.88,1.19,0.0,0.56,0.0,81.1,2.33,3.84,2.11,1.03,-0.2,0.67,14.87,3.88,19.21,5.62,0,0
3318,Cho,KOR,2026,CM,30,1996,173,67,Right,62.7,70,3,284,0.29,0.71,0.0,1.67,0.0,85.6,10.98,4.78,5.89,0.9,0.1,0.7,4.37,2.49,9.33,4.43,0,0
3319,Jung,KOR,2026,CAM,28,1998,178,82,Left,36.1,80,5,446,1.01,1.22,0.0,0.47,0.0,79.1,4.42,5.78,1.3,1.02,-0.2,0.99,7.79,2.27,7.78,3.79,0,0
3320,Hong,KOR,2026,CM,32,1994,187,74,Both,20.4,73,2,168,0.34,0.7,0.0,1.09,0.0,86.3,10.12,5.13,5.38,0.41,-0.0,0.04,6.37,1.79,8.17,4.76,0,0
3321,Kwon,KOR,2026,CB,27,1999,174,82,Left,72.0,75,4,349,0.16,0.08,0.0,1.52,0.0,92.1,6.43,5.96,18.97,0.33,0.1,0.47,2.17,1.0,2.3,6.74,1,0
3322,Kim,KOR,2026,RB,34,1992,188,80,Both,19.3,93,3,305,0.34,0.55,0.0,1.52,0.0,83.1,2.71,6.97,11.85,0.85,-0.3,0.6,1.72,2.32,6.92,5.34,0,0
3323,Lee,KOR,2026,CDM,37,1989,181,87,Right,45.5,74,5,479,0.24,0.1,0.0,1.14,0.0,86.4,11.33,12.39,5.47,0.26,-0.1,0.52,5.49,0.72,5.15,5.14,1,0
3324,Park,KOR,2026,CB,31,1995,193,80,Right,75.7,87,6,460,0.13,0.07,0.0,2.36,0.0,88.5,10.81,3.59,31.05,0.22,-0.1,0.85,4.88,1.03,1.04,1.44,0,0
3325,Seol,KOR,2026,RW,34,1992,178,74,Right,87.0,88,2,172,0.73,0.85,0.0,0.53,0.0,77.2,3.98,1.82,1.91,2.02,-0.5,0.86,9.73,2.87,15.83,7.28,0,0
3326,Choi,KOR,2026,LB,24,2002,173,86,Left,51.0,85,4,392,0.27,0.53,0.0,1.63,0.0,80.1,4.68,11.92,5.58,0.6,-0.2,0.94,2.15,1.47,7.5,6.54,0,0
3327,Yang,KOR,2026,CDM,22,2004,172,74,Right,34.1,60,1,147,0.23,0.42,0.0,0.9,0.0,85.5,13.4,11.06,6.3,0.37,0.6,-0.21,2.39,1.56,2.01,5.99,1,0
3328,Bae,KOR,2026,LW,19,2007,178,86,Right,49.6,86,2,199,0.59,0.67,0.0,0.59,0.0,78.8,3.75,3.32,1.24,1.02,-0.1,1.38,11.09,4.22,15.53,7.54,0,0
3329,Kim,KOR,2026,GK,36,1990,190,91,Right,18.4,61,4,383,0.0,0.0,17.16,1.77,2.47,87.4,1.28,2.4,3.49,0.0,0.0,-0.43,0.0,0.0,0.0,0.81,0,0
3330,Lee,KOR,2026,GK,33,1993,195,92,Left,2.9,69,3,308,0.0,0.0,14.68,1.12,4.24,84.3,0.84,2.92,4.23,0.0,0.1,-0.53,0.0,0.0,0.0,0.96,0,0
3331,Jeong,KOR,2026,LW,28,1998,191,80,Right,76.4,86,4,343,0.75,1.01,0.0,0.48,0.0,81.8,2.3,4.1,1.73,2.29,0.5,0.61,11.71,4.01,8.44,5.31,0,0
3332,Oh,KOR,2026,CM,35,1991,189,71,Right,27.0,76,2,237,0.56,0.42,0.0,1.2,0.0,86.6,9.79,4.37,5.89,0.35,-0.1,0.42,9.3,1.58,4.29,5.45,0,0
3333,Cho,KOR,2026,ST,34,1992,190,87,Right,73.6,84,2,217,1.08,0.62,0.0,0.0,0.0,70.2,2.34,4.33,0.96,1.06,0.1,1.03,11.0,5.59,11.24,8.11,0,0
3334,Kim,KOR,2026,LB,34,1992,185,68,Right,57.0,80,3,313,0.26,0.55,0.0,1.44,0.0,78.0,13.69,9.47,10.82,0.8,0.7,0.3,4.04,2.24,4.75,6.05,0,0
3335,Lee,KOR,2026,CB,37,1989,178,85,Left,42.0,67,4,352,0.11,0.12,0.0,1.75,0.0,87.1,7.76,3.08,40.01,0.44,-0.1,-0.02,3.04,1.37,1.73,6.86,1,0
3336,Andre Nascimento,SEN,2026,RB,33,1993,185,68,Right,71.7,85,4,360,0.33,0.47,0.0,1.96,0.0,80.9,11.98,7.47,7.95,0.64,-0.2,0.4,5.06,1.66,4.28,6.29,1,0
3337,Bruno Monteiro,SEN,2026,CAM,19,2007,183,89,Right,96.2,77,3,314,0.5,1.36,0.0,0.57,0.0,83.2,5.39,6.25,2.36,1.56,0.3,1.45,6.9,2.37,8.45,3.64,0,0
3338,Ricardo Souza,SEN,2026,GK,21,2005,199,88,Right,9.6,74,4,329,0.0,0.0,15.75,1.5,2.03,85.2,0.47,1.38,7.46,0.0,0.1,0.41,0.0,0.0,0.0,0.55,0,0
3339,Diego Ribeiro,SEN,2026,RW,32,1994,174,89,Right,38.8,65,3,273,0.53,0.87,0.0,0.51,0.0,77.6,2.39,5.07,1.98,1.28,0.1,0.41,10.09,4.11,13.26,5.42,0,0
3340,Bruno Araujo,SEN,2026,CB,19,2007,179,71,Right,9.2,71,3,303,0.26,0.11,0.0,0.59,0.0,90.6,7.28,10.06,32.61,0.5,0.2,0.57,4.18,1.11,1.68,9.74,0,0
3341,Andre Dias,SEN,2026,ST,24,2002,172,85,Right,127.0,83,3,256,1.94,0.5,0.0,0.0,0.0,69.9,3.0,2.73,0.34,1.14,-0.2,1.03,5.38,3.89,9.94,6.11,0,0
3342,Rodrigo Ribeiro,SEN,2026,CM,24,2002,192,79,Both,16.6,69,3,245,0.64,0.51,0.0,0.56,0.0,85.6,7.98,6.08,5.06,1.22,0.1,0.27,6.92,1.46,13.79,9.1,0,0
3343,Rafael Rocha,SEN,2026,GK,26,2000,187,76,Right,11.8,69,3,278,0.0,0.0,15.25,0.95,1.77,85.3,1.05,1.35,5.71,0.0,0.9,0.36,0.0,0.0,0.0,1.22,0,0
3344,Fernando Martins,SEN,2026,LB,35,1991,193,79,Right,27.8,72,6,457,0.32,0.4,0.0,0.8,0.0,80.7,2.27,6.27,9.31,1.11,-0.6,0.61,5.85,2.36,5.87,5.25,0,0
3345,Felipe Almeida,SEN,2026,CDM,34,1992,179,77,Right,35.8,70,0,0,0.16,0.25,0.0,0.96,0.0,87.7,15.1,16.0,8.71,0.4,0.1,0.19,2.15,0.85,3.16,6.96,1,0
3346,Paulo Nascimento,SEN,2026,CM,24,2002,192,74,Left,19.6,69,2,186,0.48,0.77,0.0,0.39,0.0,82.1,7.51,10.63,6.17,0.69,-0.1,0.68,4.55,2.0,9.87,4.28,1,0
3347,Felipe Santos,SEN,2026,GK,36,1990,190,77,Left,17.4,73,5,455,0.0,0.0,11.45,1.84,4.51,82.6,0.89,2.34,4.1,0.0,0.7,0.01,0.0,0.0,0.0,0.87,0,0
3348,Paulo Ferreira,SEN,2026,CM,26,2000,171,67,Right,55.5,68,3,310,0.54,0.76,0.0,0.46,0.0,89.4,4.5,7.42,6.09,0.88,0.8,0.41,7.14,1.08,6.91,6.65,0,0
3349,Ricardo Araujo,SEN,2026,ST,27,1999,178,73,Right,87.8,78,3,339,1.43,0.46,0.0,0.0,0.0,75.3,3.58,2.28,1.31,1.25,-0.0,1.57,19.56,7.1,10.36,8.91,0,0
3350,Fernando Cardoso,SEN,2026,CB,20,2006,181,89,Left,39.5,74,5,489,0.18,0.08,0.0,1.28,0.0,85.4,7.54,3.87,18.33,0.28,-0.0,0.65,3.14,0.98,2.49,7.9,0,0
3351,Leonardo Ribeiro,SEN,2026,RB,34,1992,192,72,Right,17.9,83,3,313,0.18,0.24,0.0,1.95,0.0,81.0,18.15,6.64,9.41,0.63,-0.2,0.24,4.66,1.44,3.02,6.52,0,0
3352,Matheus Ferreira,SEN,2026,CB,32,1994,183,83,Right,17.0,73,4,362,0.21,0.06,0.0,1.66,0.0,85.8,6.72,11.39,19.03,0.78,0.2,0.15,4.23,0.88,0.83,6.12,0,0
3353,Felipe Rodrigues,SEN,2026,LB,26,2000,192,67,Both,63.6,73,0,65,0.2,0.52,0.0,1.05,0.0,78.1,9.04,6.43,11.73,0.79,0.7,0.36,4.15,3.2,5.82,6.87,0,0
3354,Paulo Rodrigues,SEN,2026,RW,28,1998,170,75,Right,63.2,64,3,313,0.62,0.66,0.0,0.68,0.0,78.4,1.25,2.16,2.15,2.1,0.9,0.1,9.66,2.34,13.38,6.05,0,0
3355,Leonardo Monteiro,SEN,2026,LW,33,1993,176,66,Right,88.1,84,5,405,0.66,0.67,0.0,0.61,0.0,78.8,2.31,1.21,3.76,0.74,-0.2,1.18,13.2,4.39,13.0,7.64,0,0
3356,Heitor Mendes,SEN,2026,LW,36,1990,194,86,Left,33.2,77,3,257,0.44,1.12,0.0,0.64,0.0,79.3,2.18,5.1,1.87,1.48,0.2,0.9,6.54,5.06,10.89,4.74,0,0
3357,Roberto Carvalho,SEN,2026,CB,32,1994,187,84,Both,40.9,86,5,437,0.22,0.11,0.0,2.04,0.0,90.8,3.94,7.09,4.88,0.49,0.1,0.38,3.4,0.4,2.26,1.71,0,0
3358,Diego Pereira,SEN,2026,CDM,19,2007,186,67,Left,25.7,74,1,139,0.16,0.18,0.0,0.93,0.0,86.3,12.8,16.92,6.26,0.67,-0.0,0.37,1.98,1.07,3.95,7.57,1,0
3359,Fernando Mendes,MAR,2026,ST,36,1990,178,88,Right,38.2,77,4,303,0.58,0.28,0.0,0.0,0.0,74.4,0.36,2.49,1.62,1.02,-0.1,1.2,15.38,5.76,4.57,8.46,0,0
3360,Roberto Pereira,MAR,2026,CDM,36,1990,181,84,Right,10.2,74,4,349,0.27,0.31,0.0,1.01,0.0,93.2,12.21,12.89,11.13,0.46,-0.8,-0.0,5.91,1.33,4.32,10.45,1,0
3361,Rodrigo Rocha,MAR,2026,CB,25,2001,185,73,Right,33.9,76,2,170,0.32,0.11,0.0,2.15,0.0,84.1,7.86,13.59,33.5,0.61,0.2,-0.41,4.87,1.2,2.24,9.56,0,0
3362,Diego Melo,MAR,2026,GK,20,2006,189,83,Right,27.4,80,3,341,0.0,0.0,16.94,1.42,3.87,81.9,1.29,0.84,6.12,0.0,1.0,-0.01,0.0,0.0,0.0,0.81,0,0
3363,Bruno Barbosa,MAR,2026,CB,35,1991,190,82,Left,22.9,77,2,197,0.19,0.04,0.0,1.79,0.0,88.9,5.76,10.71,26.26,0.45,-0.7,0.57,3.43,0.87,3.28,6.22,0,0
3364,Lucas Oliveira,MAR,2026,RB,36,1990,172,73,Right,26.6,87,5,465,0.26,0.34,0.0,1.99,0.0,82.2,14.85,13.48,4.51,1.1,-0.0,0.53,4.95,2.03,6.63,6.61,0,0
3365,Lucas Gomes,MAR,2026,CB,32,1994,187,75,Right,34.3,75,4,434,0.21,0.11,0.0,1.38,0.0,92.8,8.66,9.72,26.62,0.29,0.2,0.46,3.42,1.4,1.79,5.57,1,0
3366,Gustavo Silva,MAR,2026,CAM,24,2002,178,67,Both,25.3,80,3,267,0.58,0.84,0.0,0.59,0.0,78.4,4.2,1.93,1.83,1.4,-0.3,0.73,6.65,3.15,10.53,5.02,0,0
3367,Fernando Araujo,MAR,2026,RW,36,1990,183,77,Both,23.4,78,4,383,0.75,1.0,0.0,0.4,0.0,73.8,4.88,5.49,2.17,1.68,0.1,0.86,12.61,4.18,20.18,2.75,0,0
3368,Arthur Rocha,MAR,2026,RB,24,2002,184,69,Right,49.5,90,4,322,0.4,0.63,0.0,2.6,0.0,86.5,13.46,8.92,12.72,0.75,0.4,0.13,4.74,2.1,8.88,6.24,0,0
3369,Roberto Gomes,MAR,2026,GK,31,1995,185,77,Right,25.6,75,4,356,0.0,0.0,11.46,1.39,3.36,80.1,1.1,2.46,4.09,0.0,0.3,0.39,0.0,0.0,0.0,0.46,0,0
3370,Vinicius Oliveira,MAR,2026,CM,21,2005,182,87,Right,30.8,79,3,274,0.3,0.71,0.0,1.33,0.0,89.9,2.94,10.53,4.17,0.58,-0.4,0.77,10.14,1.58,6.87,5.88,0,0
3371,Roberto Gomes,MAR,2026,CDM,31,1995,177,73,Right,63.5,78,6,453,0.2,0.33,0.0,1.19,0.0,93.8,11.96,16.72,8.46,0.64,0.3,0.8,3.54,0.78,4.53,7.79,1,0
3372,Marcelo Silva,MAR,2026,ST,30,1996,177,71,Right,157.2,89,4,306,1.83,0.61,0.0,0.0,0.0,72.5,2.47,3.95,0.98,1.14,-1.0,1.57,11.05,3.25,12.02,7.23,0,0
3373,Leonardo Nascimento,MAR,2026,CB,29,1997,185,78,Both,85.3,88,5,448,0.23,0.11,0.0,2.39,0.0,87.7,8.03,11.2,29.32,0.57,-0.1,0.18,5.89,0.72,1.78,5.31,1,0
3374,Matheus Lima,MAR,2026,LW,27,1999,182,74,Both,69.1,77,4,333,0.9,0.76,0.0,0.37,0.0,77.2,4.17,4.37,1.34,1.14,-0.3,0.61,8.48,3.58,12.4,7.25,0,0
3375,Rodrigo Almeida,MAR,2026,CM,27,1999,175,87,Right,59.0,66,6,497,0.32,0.68,0.0,0.78,0.0,84.8,10.48,10.65,4.61,1.11,-0.1,0.52,6.67,2.78,7.28,7.85,0,0
3376,Gabriel Cardoso,MAR,2026,RW,21,2005,177,89,Left,43.4,78,6,444,0.33,0.91,0.0,0.33,0.0,80.3,2.53,3.41,1.42,1.34,-0.0,0.74,11.67,2.4,19.2,6.73,0,0
3377,Gustavo Barbosa,MAR,2026,LW,31,1995,182,77,Left,32.2,67,2,176,0.69,0.78,0.0,0.61,0.0,80.2,2.13,2.33,3.14,1.79,-0.1,0.49,8.53,3.84,17.21,2.14,0,0
3378,Rodrigo Nascimento,MAR,2026,GK,32,1994,197,76,Right,36.7,71,4,339,0.0,0.0,10.75,1.89,3.57,86.2,1.21,1.65,3.97,0.0,0.9,-0.24,0.0,0.0,0.0,1.26,0,0
3379,Rafael Rocha,MAR,2026,CM,27,1999,171,84,Right,55.5,67,3,267,0.42,0.87,0.0,1.19,0.0,84.2,7.81,9.41,6.44,0.72,0.1,0.5,3.64,1.51,9.32,4.68,0,0
3380,Matheus Costa,MAR,2026,LB,32,1994,189,83,Right,73.9,87,4,312,0.28,0.44,0.0,2.68,0.0,83.3,6.58,8.06,9.4,0.35,0.2,0.12,6.49,1.41,6.05,3.36,0,0
3381,Marcelo Silva,MAR,2026,LB,20,2006,189,76,Right,18.0,85,3,307,0.23,0.1,0.0,1.91,0.0,83.9,8.07,9.34,11.57,0.23,-0.0,0.19,7.44,1.39,3.47,5.76,0,0
3382,Paulo Costa,IRN,2026,CAM,36,1990,194,78,Right,95.4,91,3,294,0.74,1.75,0.0,0.67,0.0,86.0,3.18,2.86,1.41,1.32,-0.1,0.71,3.39,3.33,9.82,3.2,0,0
3383,Rafael Melo,IRN,2026,LB,25,2001,181,68,Right,54.6,81,2,238,0.08,0.79,0.0,1.64,0.0,75.7,12.68,9.58,4.83,1.1,0.0,0.19,4.66,1.68,8.3,4.96,0,0
3384,Heitor Barbosa,IRN,2026,CB,25,2001,185,88,Left,39.8,80,4,346,0.16,0.1,0.0,1.35,0.0,92.0,10.29,10.53,19.99,0.38,0.1,0.6,2.56,0.6,2.3,7.37,1,0
3385,Alexandre Ferreira,IRN,2026,CM,29,1997,176,73,Left,21.3,67,4,369,0.37,0.46,0.0,0.49,0.0,84.4,9.51,7.13,5.31,0.94,-0.5,0.4,6.38,1.84,6.41,5.21,0,0
3386,Rodrigo Cavalcanti,IRN,2026,GK,28,1998,198,80,Right,13.3,66,3,312,0.0,0.0,14.11,1.43,3.84,89.1,1.15,1.52,6.03,0.0,0.2,-0.16,0.0,0.0,0.0,0.84,0,0
3387,Lucas Cavalcanti,IRN,2026,CM,31,1995,190,77,Left,49.0,77,3,284,0.41,0.77,0.0,1.19,0.0,85.0,8.85,12.91,5.06,0.72,-0.1,0.46,8.21,2.62,7.49,5.03,0,0
3388,Matheus Lima,IRN,2026,GK,34,1992,183,85,Left,28.6,87,6,542,0.0,0.0,8.75,2.99,4.04,84.2,1.32,1.9,3.15,0.0,0.8,0.56,0.0,0.0,0.0,1.23,0,0
3389,Joao Monteiro,IRN,2026,CDM,26,2000,174,76,Right,34.5,74,3,257,0.21,0.3,0.0,0.36,0.0,88.2,8.01,11.9,9.17,0.42,0.3,0.31,4.09,1.22,1.92,5.38,0,0
3390,Alexandre Santos,IRN,2026,RB,31,1995,180,86,Right,47.6,90,3,330,0.37,0.49,0.0,2.35,0.0,76.7,7.4,9.59,5.94,0.5,0.1,0.86,5.0,1.74,7.85,7.26,1,0
3391,Roberto Oliveira,IRN,2026,GK,19,2007,191,92,Left,4.2,72,4,369,0.0,0.0,11.09,1.38,3.28,87.2,0.84,2.17,5.17,0.0,0.6,-0.63,0.0,0.0,0.0,1.18,0,0
3392,Vinicius Ferreira,IRN,2026,CB,37,1989,171,86,Left,42.6,70,3,258,0.29,0.12,0.0,2.71,0.0,90.2,10.06,7.45,31.04,0.57,-0.2,-0.33,3.82,1.32,2.77,3.26,1,0
3393,Matheus Monteiro,IRN,2026,LW,31,1995,193,72,Left,75.5,72,2,202,0.84,0.9,0.0,0.37,0.0,81.0,3.43,3.58,1.12,1.4,0.0,0.49,7.47,4.75,18.59,5.35,0,0
3394,Thiago Souza,IRN,2026,LW,37,1989,170,81,Right,53.2,80,4,388,0.74,1.3,0.0,0.59,0.0,79.9,2.39,4.56,2.73,1.32,0.2,1.24,6.75,5.23,18.82,6.23,0,0
3395,Eduardo Monteiro,IRN,2026,RW,22,2004,179,83,Left,83.1,90,5,389,0.55,1.19,0.0,0.4,0.0,74.3,2.81,4.98,0.88,1.89,0.1,0.58,9.24,4.54,15.77,5.21,0,0
3396,Paulo Ribeiro,IRN,2026,LB,24,2002,180,79,Right,69.2,87,3,319,0.32,0.59,0.0,2.17,0.0,80.7,7.28,12.2,8.17,0.98,-0.6,0.47,2.41,2.67,4.71,5.29,0,0
3397,Roberto Mendes,IRN,2026,RW,29,1997,193,82,Left,46.2,77,5,441,0.51,0.96,0.0,0.6,0.0,77.6,2.91,5.88,2.03,1.6,-0.0,0.76,7.19,1.9,15.59,4.87,0,0
3398,Eduardo Rocha,IRN,2026,CB,19,2007,177,81,Left,44.5,78,4,340,0.23,0.1,0.0,2.08,0.0,83.4,8.6,12.07,21.23,0.64,0.2,-0.01,7.27,0.94,1.64,8.12,1,0
3399,Heitor Melo,IRN,2026,RB,34,1992,170,87,Right,54.7,92,3,289,0.27,0.45,0.0,2.42,0.0,81.5,13.2,8.17,11.13,0.74,-0.1,0.13,5.32,1.83,3.92,4.58,1,0
3400,Roberto Lima,IRN,2026,CDM,23,2003,172,75,Right,20.7,68,3,291,0.2,0.21,0.0,0.92,0.0,90.5,13.63,12.12,11.76,0.51,-0.4,0.15,4.29,1.05,1.29,7.63,0,0
3401,Arthur Carvalho,IRN,2026,CM,33,1993,174,76,Left,47.0,73,4,342,0.41,1.1,0.0,1.15,0.0,83.9,7.15,5.52,5.56,0.54,-0.4,-0.04,4.27,2.7,10.11,6.07,0,0
3402,Bruno Lima,IRN,2026,ST,19,2007,194,70,Right,147.9,87,3,295,1.71,0.36,0.0,0.0,0.0,71.7,2.04,3.95,0.61,0.75,-0.1,1.56,16.1,2.67,9.66,5.44,0,0
3403,Alexandre Araujo,IRN,2026,ST,26,2000,173,81,Left,100.8,82,4,340,0.82,0.37,0.0,0.0,0.0,74.0,1.81,3.0,1.31,1.17,0.4,1.55,16.98,7.96,10.66,5.6,0,0
3404,Roberto Rodrigues,IRN,2026,CB,30,1996,170,78,Both,21.2,86,3,232,0.18,0.12,0.0,2.18,0.0,88.2,11.56,8.81,23.85,0.21,-0.4,-0.09,2.21,0.76,2.53,3.09,1,0
3405,Lucas Ferreira,AUS,2026,RB,19,2007,194,71,Right,39.3,72,4,374,0.24,0.51,0.0,1.2,0.0,78.4,11.08,6.08,12.09,0.67,0.0,0.4,2.85,2.1,6.3,5.61,1,0
3406,Lucas Martins,AUS,2026,CDM,23,2003,185,76,Left,36.2,77,3,270,0.29,0.38,0.0,1.03,0.0,84.5,8.0,17.7,6.45,0.35,-0.7,0.69,2.12,0.86,4.59,4.74,1,0
3407,Rafael Rocha,AUS,2026,GK,27,1999,184,78,Left,51.4,70,3,250,0.0,0.0,10.26,2.37,1.97,88.6,1.11,1.24,6.78,0.0,0.1,-0.25,0.0,0.0,0.0,1.36,0,0
3408,Pedro Cardoso,AUS,2026,LB,22,2004,176,88,Left,14.5,78,4,361,0.3,0.41,0.0,0.94,0.0,81.5,14.35,10.31,11.11,0.44,-0.2,0.18,7.22,2.09,4.0,7.0,0,0
3409,Rafael Pereira,AUS,2026,ST,34,1992,180,69,Left,68.4,95,6,462,1.25,0.49,0.0,0.0,0.0,71.5,1.65,3.73,1.02,0.95,-0.2,1.79,14.05,4.93,10.92,8.11,0,0
3410,Paulo Rodrigues,AUS,2026,RW,33,1993,178,76,Right,54.4,76,4,404,0.35,0.74,0.0,0.47,0.0,77.1,1.31,4.42,2.04,1.81,-0.2,0.6,8.01,3.58,14.08,4.0,0,0
3411,Heitor Silva,AUS,2026,CM,23,2003,170,73,Right,13.0,63,5,412,0.2,0.28,0.0,0.83,0.0,90.9,7.49,8.24,4.76,0.62,0.2,1.06,7.98,1.56,5.33,5.17,0,0
3412,Thiago Barbosa,AUS,2026,CB,36,1990,187,66,Right,60.1,77,4,421,0.29,0.1,0.0,2.27,0.0,86.8,6.55,14.55,17.42,0.6,0.1,-0.11,3.6,1.15,1.54,4.05,1,0
3413,Felipe Almeida,AUS,2026,LB,30,1996,193,69,Right,61.4,85,1,164,0.25,0.61,0.0,2.07,0.0,82.3,12.63,7.07,11.62,1.09,-0.4,0.3,5.12,0.0,3.74,5.77,0,0
3414,Andre Rodrigues,AUS,2026,CB,29,1997,179,73,Right,19.1,73,6,556,0.19,0.06,0.0,1.91,0.0,80.2,5.76,7.84,25.18,0.68,0.1,0.39,2.64,0.5,2.63,4.79,0,0
3415,Alexandre Gomes,AUS,2026,CM,31,1995,193,74,Right,17.0,62,2,218,0.45,0.57,0.0,1.14,0.0,78.4,3.64,3.03,8.79,0.42,0.4,-0.19,2.29,1.85,6.11,6.16,0,0
3416,Ricardo Barbosa,AUS,2026,RB,35,1991,190,69,Right,57.8,72,4,428,0.34,0.48,0.0,1.7,0.0,85.7,15.1,10.1,13.32,0.97,-0.3,0.1,4.6,2.34,6.64,3.73,1,0
3417,Arthur Barbosa,AUS,2026,LW,32,1994,182,74,Right,55.9,72,6,581,0.45,0.73,0.0,0.34,0.0,78.9,2.67,4.82,1.99,1.51,0.4,0.29,12.24,5.69,12.56,2.02,0,0
3418,Arthur Araujo,AUS,2026,ST,19,2007,194,85,Right,112.9,92,1,103,1.0,0.55,0.0,0.0,0.0,72.0,2.34,3.31,0.64,1.07,-0.3,1.58,15.59,6.67,8.73,6.95,0,0
3419,Diego Ferreira,AUS,2026,GK,31,1995,183,93,Right,56.7,91,3,234,0.0,0.0,3.17,2.99,1.86,84.3,1.03,0.98,5.75,0.0,0.5,0.2,0.0,0.0,0.0,0.87,0,0
3420,Pedro Freitas,AUS,2026,GK,21,2005,183,78,Right,9.0,75,4,328,0.0,0.0,18.6,1.61,4.33,84.9,1.52,1.79,6.89,0.0,0.9,0.06,0.0,0.0,0.0,0.14,0,0
3421,Rafael Araujo,AUS,2026,LW,29,1997,180,66,Right,32.0,74,6,496,0.49,0.73,0.0,0.77,0.0,83.2,4.36,2.92,2.23,1.74,-0.0,0.84,15.97,3.78,9.61,5.53,0,0
3422,Eduardo Pereira,AUS,2026,CAM,25,2001,191,66,Right,26.2,73,3,282,0.48,1.27,0.0,0.51,0.0,81.1,4.83,3.89,2.54,1.57,0.1,0.36,8.76,3.62,13.88,3.31,0,0
3423,Felipe Costa,AUS,2026,CB,23,2003,172,78,Left,55.1,87,3,287,0.03,0.11,0.0,2.79,0.0,88.0,6.88,7.08,34.62,0.27,0.5,0.96,3.36,1.04,2.09,8.37,0,0
3424,Gabriel Oliveira,AUS,2026,CM,22,2004,171,75,Left,19.4,68,3,320,0.42,0.36,0.0,0.66,0.0,90.1,9.51,6.43,6.8,1.17,0.0,0.17,5.16,2.46,3.2,9.92,1,0
3425,Roberto Nascimento,AUS,2026,RW,32,1994,187,86,Both,69.5,67,3,316,0.66,0.53,0.0,0.67,0.0,78.7,2.14,6.23,1.73,1.31,-0.5,1.07,10.6,3.59,6.94,1.96,0,0
3426,Leonardo Monteiro,AUS,2026,CB,30,1996,177,76,Right,37.6,60,4,359,0.16,0.13,0.0,1.64,0.0,88.8,10.28,9.68,29.03,0.29,0.1,-0.05,5.89,0.97,1.76,5.92,1,0
3427,Paulo Mendes,AUS,2026,CDM,19,2007,187,76,Left,15.4,78,5,458,0.21,0.29,0.0,1.15,0.0,95.3,17.26,4.18,7.38,0.37,-0.7,0.59,3.01,0.91,2.49,5.62,1,0
3428,Felipe Pereira,CAN,2026,RW,22,2004,190,87,Right,71.6,83,2,246,0.52,0.63,0.0,0.74,0.0,81.1,2.04,4.31,1.36,1.82,-0.5,1.29,5.36,2.76,19.26,6.71,0,0
3429,Rodrigo Costa,CAN,2026,GK,30,1996,196,76,Right,47.0,79,3,274,0.0,0.0,6.49,2.3,2.86,84.2,0.74,2.77,4.75,0.0,-0.0,-0.24,0.0,0.0,0.0,1.4,0,0
3430,Rafael Barbosa,CAN,2026,CDM,24,2002,181,71,Right,28.3,75,3,275,0.0,0.28,0.0,0.93,0.0,87.1,8.91,15.22,6.68,0.6,0.1,0.51,3.01,0.99,5.14,9.88,1,0
3431,Rafael Oliveira,CAN,2026,RB,31,1995,189,72,Both,75.7,92,4,380,0.48,0.62,0.0,2.87,0.0,79.3,8.39,7.46,8.71,0.82,0.2,0.27,5.28,1.5,6.54,6.95,0,0
3432,Vinicius Pereira,CAN,2026,CB,19,2007,188,87,Left,51.1,86,2,195,0.21,0.05,0.0,2.98,0.0,90.3,8.74,6.58,29.55,0.42,0.8,0.41,4.24,0.85,1.78,3.82,0,0
3433,Ricardo Cardoso,CAN,2026,LW,30,1996,170,89,Right,75.4,83,4,359,0.8,0.84,0.0,0.63,0.0,76.4,2.75,1.54,2.0,1.78,-0.2,1.17,13.74,2.45,15.54,5.63,0,0
3434,Roberto Rodrigues,CAN,2026,LW,32,1994,173,78,Both,63.7,78,3,295,0.8,0.49,0.0,0.46,0.0,77.6,3.23,3.02,2.23,1.61,0.1,0.89,10.85,5.12,13.62,3.09,0,0
3435,Diego Mendes,CAN,2026,ST,22,2004,179,69,Left,84.1,94,4,333,1.43,0.53,0.0,0.0,0.0,76.0,2.13,2.74,0.51,1.48,-0.4,1.36,8.64,3.6,7.43,8.45,0,0
3436,Rafael Pereira,CAN,2026,LB,27,1999,190,75,Left,43.2,79,2,174,0.52,0.39,0.0,1.06,0.0,81.1,12.24,6.94,6.33,0.87,-0.2,0.65,5.49,2.01,6.1,2.97,1,0
3437,Pedro Carvalho,CAN,2026,CB,34,1992,178,65,Right,74.1,80,3,342,0.18,0.06,0.0,2.42,0.0,89.6,7.81,7.23,16.6,0.25,0.8,0.29,3.46,1.53,1.5,8.32,0,0
3438,Thiago Ribeiro,CAN,2026,CAM,26,2000,177,65,Right,134.6,82,2,192,0.41,1.34,0.0,0.53,0.0,81.5,2.3,5.71,1.42,1.43,-0.2,1.15,4.98,2.62,12.42,2.68,0,0
3439,Roberto Pereira,CAN,2026,CM,36,1990,185,68,Left,29.5,71,5,437,0.29,0.43,0.0,0.77,0.0,89.9,8.85,4.3,3.11,1.1,-0.7,0.41,5.42,1.13,4.75,4.76,1,0
3440,Gabriel Pereira,CAN,2026,LB,30,1996,171,83,Left,38.8,79,3,252,0.37,0.41,0.0,1.02,0.0,80.2,12.75,10.0,6.61,0.89,0.1,0.08,4.25,2.36,7.44,6.9,0,0
3441,Leonardo Martins,CAN,2026,CDM,27,1999,184,67,Right,21.5,73,2,211,0.31,0.29,0.0,0.92,0.0,90.7,10.69,9.06,13.08,0.4,-0.1,0.01,5.41,1.11,2.53,3.1,1,0
3442,Roberto Oliveira,CAN,2026,GK,32,1994,190,87,Both,18.4,73,3,225,0.0,0.0,17.77,1.57,2.37,87.3,0.97,1.96,4.27,0.0,0.4,0.03,0.0,0.0,0.0,0.8,0,0
3443,Matheus Ferreira,CAN,2026,CM,20,2006,193,65,Left,15.7,78,5,427,0.52,0.57,0.0,0.95,0.0,87.6,5.34,6.5,5.74,1.12,0.5,0.66,7.64,2.05,11.52,7.63,1,0
3444,Eduardo Mendes,CAN,2026,CB,22,2004,184,84,Right,40.7,80,2,217,0.16,0.03,0.0,1.63,0.0,84.7,12.14,11.09,22.84,0.44,-0.5,0.23,4.7,1.56,2.5,4.66,1,0
3445,Fernando Rodrigues,CAN,2026,CM,36,1990,172,70,Left,9.6,78,3,236,0.43,0.63,0.0,0.7,0.0,87.9,5.07,8.83,5.56,0.7,-0.2,0.31,8.3,2.22,7.82,5.58,1,0
3446,Marcelo Nascimento,CAN,2026,GK,31,1995,191,76,Right,39.7,72,5,409,0.0,0.0,11.28,2.51,4.31,85.6,1.23,1.78,4.28,0.0,-0.1,-0.43,0.0,0.0,0.0,1.08,0,0
3447,Paulo Rocha,CAN,2026,CB,27,1999,170,80,Right,51.5,74,2,199,0.23,0.09,0.0,1.55,0.0,85.1,7.99,6.54,25.33,0.46,0.2,0.86,2.97,0.87,1.22,4.17,0,0
3448,Arthur Rodrigues,CAN,2026,RB,25,2001,173,67,Right,25.4,84,5,449,0.31,0.39,0.0,2.12,0.0,79.2,8.43,4.44,10.28,0.59,-0.1,0.26,5.14,1.64,4.16,7.14,0,0
3449,Thiago Santos,CAN,2026,ST,36,1990,173,84,Left,51.2,86,5,472,1.1,0.39,0.0,0.0,0.0,75.1,1.76,1.7,0.76,0.83,-0.0,2.09,10.47,4.93,4.49,6.22,0,0
3450,Bruno Freitas,CAN,2026,RW,26,2000,175,89,Right,100.1,69,5,404,0.59,0.57,0.0,0.38,0.0,75.0,3.46,4.65,2.02,1.8,0.5,1.16,5.7,4.03,15.4,4.94,0,0
3451,Lucas Melo,ECU,2026,CB,29,1997,184,69,Left,16.8,62,2,220,0.12,0.07,0.0,1.54,0.0,85.7,9.46,14.21,24.54,0.45,0.3,-0.42,4.32,0.82,2.27,5.02,1,0
3452,Leonardo Souza,ECU,2026,CDM,27,1999,192,75,Right,15.7,67,6,505,0.28,0.2,0.0,0.35,0.0,90.0,9.22,10.4,10.95,0.59,-0.2,0.23,3.35,1.47,4.64,7.21,1,0
3453,Thiago Melo,ECU,2026,RB,19,2007,184,89,Right,41.3,90,4,390,0.28,0.39,0.0,1.34,0.0,86.9,7.92,12.62,12.47,1.24,0.1,0.32,6.81,2.33,8.38,5.09,0,0
3454,Joao Silva,ECU,2026,ST,32,1994,178,67,Right,122.0,72,4,375,1.38,0.48,0.0,0.0,0.0,70.8,2.54,5.28,1.26,0.61,0.3,1.45,10.98,3.56,7.32,7.8,0,0
3455,Ricardo Melo,ECU,2026,GK,19,2007,199,89,Left,60.3,83,7,544,0.0,0.0,11.93,2.75,4.77,92.9,0.99,1.39,5.1,0.0,1.0,0.14,0.0,0.0,0.0,0.97,0,0
3456,Gabriel Freitas,ECU,2026,CDM,21,2005,190,83,Both,57.7,85,2,201,0.24,0.37,0.0,1.36,0.0,89.3,12.06,11.72,11.49,0.62,0.2,0.34,3.06,1.0,1.58,13.11,1,0
3457,Andre Silva,ECU,2026,LB,29,1997,183,88,Right,79.1,94,5,454,0.47,0.69,0.0,2.06,0.0,83.3,9.05,5.81,11.22,0.7,-0.4,0.77,5.78,1.59,3.47,4.52,1,0
3458,Matheus Pereira,ECU,2026,RW,30,1996,190,77,Right,42.4,79,6,496,0.7,0.97,0.0,0.08,0.0,81.5,1.28,5.08,2.4,1.1,-0.0,1.09,11.28,2.88,15.26,6.03,0,0
3459,Marcelo Nascimento,ECU,2026,CM,26,2000,180,89,Both,46.5,68,5,443,0.43,0.75,0.0,0.89,0.0,86.6,8.26,7.75,5.91,0.42,-0.1,0.5,8.06,2.63,5.59,4.93,0,0
3460,Lucas Silva,ECU,2026,CAM,29,1997,170,72,Left,35.9,75,4,337,0.15,0.93,0.0,0.52,0.0,78.0,4.64,5.11,2.98,1.35,0.1,1.28,13.59,2.68,10.56,3.98,0,0
3461,Leonardo Barbosa,ECU,2026,GK,28,1998,198,82,Right,26.0,77,2,174,0.0,0.0,20.56,2.04,3.62,86.7,1.25,2.14,6.95,0.0,0.7,-0.06,0.0,0.0,0.0,1.42,0,0
3462,Andre Melo,ECU,2026,ST,24,2002,193,85,Right,105.2,86,4,344,1.53,0.61,0.0,0.0,0.0,65.0,0.95,2.04,0.98,1.25,-0.1,1.47,19.86,5.37,7.01,3.32,0,0
3463,Eduardo Almeida,ECU,2026,LW,35,1991,175,74,Left,63.3,81,3,317,0.63,0.75,0.0,0.7,0.0,79.5,2.56,1.91,2.7,1.65,0.1,1.62,12.96,3.11,15.63,6.48,0,0
3464,Pedro Oliveira,ECU,2026,RW,22,2004,178,65,Right,33.9,76,5,489,0.6,0.92,0.0,0.64,0.0,74.7,1.94,5.62,1.24,1.75,0.2,0.76,17.3,3.62,8.27,1.61,0,0
3465,Rodrigo Nascimento,ECU,2026,LW,32,1994,176,80,Right,16.9,82,5,415,0.3,0.64,0.0,0.41,0.0,82.0,3.09,2.93,2.34,1.13,-0.1,0.74,16.92,5.14,14.6,5.03,0,0
3466,Arthur Mendes,ECU,2026,CB,27,1999,179,77,Left,105.7,88,5,454,0.24,0.1,0.0,2.42,0.0,91.6,10.94,8.13,27.78,0.73,-0.5,0.63,4.08,0.4,2.09,3.39,1,0
3467,Thiago Barbosa,ECU,2026,GK,31,1995,190,76,Right,38.8,68,2,260,0.0,0.0,6.78,1.87,3.02,82.9,0.92,2.45,4.85,0.0,0.4,-0.16,0.0,0.0,0.0,0.99,0,0
3468,Carlos Almeida,ECU,2026,RB,23,2003,182,66,Right,19.6,76,3,290,0.23,0.7,0.0,0.29,0.0,82.4,9.29,7.54,13.12,1.13,-1.0,0.53,5.16,2.86,4.28,5.0,0,0
3469,Marcelo Dias,ECU,2026,CB,23,2003,177,82,Right,56.0,85,6,527,0.17,0.11,0.0,2.68,0.0,85.0,4.94,12.12,32.31,0.49,0.0,0.09,3.29,0.65,2.05,8.27,1,0
3470,Alexandre Cardoso,ECU,2026,LB,19,2007,191,88,Left,73.5,84,4,334,0.33,0.62,0.0,1.4,0.0,84.0,6.65,9.02,12.89,0.7,0.4,0.65,3.15,0.36,7.56,4.18,0,0
3471,Roberto Carvalho,ECU,2026,CM,30,1996,182,76,Both,23.8,71,4,299,0.23,0.57,0.0,0.75,0.0,92.5,7.85,9.36,4.5,0.81,-0.0,0.78,4.68,2.65,7.77,3.86,0,0
3472,Eduardo Santos,ECU,2026,CB,27,1999,170,68,Right,43.1,88,4,393,0.31,0.13,0.0,3.15,0.0,84.2,11.36,6.1,48.79,0.63,0.6,0.3,2.46,0.46,1.42,6.11,0,0
3473,Diego Mendes,ECU,2026,CM,30,1996,184,87,Right,20.8,70,2,209,0.2,0.5,0.0,1.23,0.0,88.4,7.63,9.72,7.58,0.71,-0.5,0.19,3.15,2.11,9.08,9.68,0,0
3474,Thiago Silva,PER,2026,CB,26,2000,176,75,Left,33.7,78,5,392,0.29,0.2,0.0,2.22,0.0,87.6,8.2,10.6,18.88,0.33,-0.1,0.47,4.03,0.7,1.55,8.26,0,0
3475,Roberto Nascimento,PER,2026,CDM,32,1994,173,88,Left,47.6,82,2,209,0.23,0.46,0.0,1.12,0.0,87.4,12.95,7.92,7.79,0.88,0.2,0.33,3.32,1.13,4.9,10.5,1,0
3476,Andre Monteiro,PER,2026,CB,36,1990,179,87,Right,70.7,92,3,326,0.28,0.09,0.0,2.41,0.0,88.0,8.05,10.77,28.8,0.45,0.1,0.72,1.98,1.39,1.28,4.14,1,0
3477,Joao Pereira,PER,2026,GK,29,1997,198,91,Right,12.2,70,3,241,0.0,0.0,17.15,1.44,3.45,82.7,1.11,1.95,8.2,0.0,0.7,-0.62,0.0,0.0,0.0,1.16,0,0
3478,Thiago Carvalho,PER,2026,RB,27,1999,190,76,Right,43.8,79,4,358,0.19,0.4,0.0,2.18,0.0,81.5,1.51,9.97,12.31,0.84,0.2,0.35,4.28,2.23,5.53,1.46,1,0
3479,Roberto Lima,PER,2026,LB,35,1991,188,83,Both,45.6,91,3,287,0.14,0.43,0.0,2.47,0.0,86.0,12.45,8.65,8.98,0.83,-0.1,0.47,6.28,2.53,2.27,6.79,0,0
3480,Thiago Santos,PER,2026,ST,28,1998,186,73,Both,41.8,83,4,432,1.37,0.41,0.0,0.0,0.0,72.8,1.92,3.1,0.7,1.07,0.1,1.26,7.2,6.7,7.77,5.51,0,0
3481,Rodrigo Costa,PER,2026,RW,37,1989,177,82,Right,24.4,83,3,280,0.64,1.08,0.0,0.23,0.0,80.8,4.82,3.11,0.81,1.8,-0.1,0.61,9.11,4.3,14.69,6.22,0,0
3482,Gustavo Oliveira,PER,2026,CB,37,1989,191,66,Right,30.8,88,5,419,0.14,0.08,0.0,2.74,0.0,87.4,9.78,11.32,27.0,0.37,0.2,0.54,3.25,0.8,2.92,7.66,1,0
3483,Eduardo Cardoso,PER,2026,RB,20,2006,193,84,Left,61.7,72,5,406,0.36,0.5,0.0,1.46,0.0,87.0,6.37,8.56,8.25,0.89,0.2,0.09,5.18,2.21,7.17,7.38,0,0
3484,Bruno Silva,PER,2026,GK,19,2007,191,87,Right,33.1,66,6,499,0.0,0.0,14.37,1.28,1.39,87.5,1.12,2.46,4.52,0.0,0.7,0.36,0.0,0.0,0.0,0.67,0,0
3485,Gabriel Cavalcanti,PER,2026,CM,26,2000,178,78,Left,69.9,77,3,313,0.46,0.54,0.0,1.17,0.0,84.4,11.0,3.91,5.57,0.39,-0.0,0.73,7.09,1.84,9.15,6.8,1,0
3486,Ricardo Ferreira,PER,2026,CM,24,2002,182,65,Right,17.9,70,3,231,0.41,0.4,0.0,1.0,0.0,84.4,9.76,7.35,5.76,0.95,0.4,0.08,6.55,2.23,5.9,5.11,1,0
3487,Joao Cardoso,PER,2026,LB,36,1990,187,76,Left,15.2,89,4,309,0.34,0.38,0.0,1.94,0.0,83.1,14.96,7.86,8.92,1.15,0.0,-0.12,4.39,2.63,4.14,5.02,0,0
3488,Leonardo Cavalcanti,PER,2026,CB,21,2005,175,83,Left,49.5,73,1,138,0.21,0.09,0.0,1.74,0.0,90.4,5.99,10.48,14.14,0.69,0.2,0.3,4.18,1.3,2.4,4.78,0,0
3489,Rodrigo Barbosa,PER,2026,ST,19,2007,180,69,Right,53.9,83,5,429,1.29,0.44,0.0,0.0,0.0,72.9,1.9,3.08,1.31,1.41,-0.2,1.21,13.85,4.88,7.88,6.1,0,0
3490,Roberto Ribeiro,PER,2026,GK,28,1998,193,81,Left,33.4,68,4,350,0.0,0.0,19.38,1.89,2.94,83.3,1.03,1.82,2.82,0.0,0.8,-0.09,0.0,0.0,0.0,0.82,0,0
3491,Vinicius Carvalho,PER,2026,CAM,19,2007,185,67,Left,81.8,86,2,230,0.79,0.94,0.0,0.29,0.0,83.1,3.48,3.35,2.01,1.8,0.0,0.99,11.78,4.87,11.45,4.34,0,0
3492,Paulo Rocha,PER,2026,RW,24,2002,191,83,Left,32.4,78,5,453,0.73,0.96,0.0,0.17,0.0,75.1,1.5,4.64,2.5,1.53,-0.5,0.59,8.36,2.53,16.09,4.05,0,0
3493,Arthur Freitas,PER,2026,LW,23,2003,185,86,Right,28.6,84,3,294,0.67,0.61,0.0,0.65,0.0,80.2,2.31,4.8,1.95,1.85,0.4,0.95,13.45,4.39,14.26,4.79,0,0
3494,Paulo Martins,PER,2026,LW,37,1989,186,86,Left,86.7,79,5,425,0.64,1.18,0.0,0.28,0.0,70.0,3.24,3.57,2.6,1.63,-0.1,1.1,14.9,5.62,18.0,4.03,0,0
3495,Andre Ferreira,PER,2026,CDM,36,1990,170,68,Right,31.6,76,5,422,0.14,0.26,0.0,1.07,0.0,90.4,16.52,7.93,4.17,0.65,0.3,0.34,4.13,0.89,3.77,6.39,1,0
3496,Felipe Nascimento,PER,2026,CM,25,2001,174,78,Both,22.8,71,5,454,0.53,0.86,0.0,0.98,0.0,86.9,10.2,5.87,6.55,0.93,-0.0,0.08,5.26,1.8,9.97,6.8,0,0
3497,Andre Mendes,CHI,2026,RW,34,1992,171,70,Both,66.6,73,4,373,0.35,1.11,0.0,0.5,0.0,76.9,3.29,2.96,1.83,2.18,0.1,0.74,5.6,5.63,13.97,4.33,0,0
3498,Vinicius Silva,CHI,2026,RB,37,1989,187,84,Left,41.2,87,6,494,0.26,0.48,0.0,2.05,0.0,83.6,12.04,8.09,6.4,1.05,-0.2,0.26,2.78,2.72,4.79,4.67,0,0
3499,Rafael Gomes,CHI,2026,LW,36,1990,182,65,Left,32.8,90,3,254,1.31,1.09,0.0,0.62,0.0,75.9,2.17,4.43,2.47,0.85,0.2,0.76,11.5,2.6,15.66,6.07,0,0
3500,Roberto Freitas,CHI,2026,CDM,23,2003,173,84,Right,33.4,69,2,228,0.18,0.43,0.0,0.58,0.0,91.6,16.36,12.67,9.25,0.58,-0.3,0.46,5.64,1.32,2.1,8.55,0,0
3501,Arthur Costa,CHI,2026,CM,28,1998,170,88,Both,24.5,61,4,370,0.27,0.62,0.0,1.06,0.0,87.9,5.28,3.46,6.67,0.93,-0.0,0.24,12.15,1.96,7.53,7.6,0,0
3502,Rafael Oliveira,CHI,2026,CM,35,1991,190,74,Left,39.2,74,5,427,0.36,0.53,0.0,1.4,0.0,91.1,10.58,6.52,6.75,0.88,-0.1,0.78,4.53,2.55,10.84,11.19,0,0
3503,Gustavo Ribeiro,CHI,2026,LB,24,2002,189,78,Left,70.0,89,3,304,0.3,0.47,0.0,2.46,0.0,81.6,12.56,9.79,13.27,0.61,0.3,0.52,5.83,2.95,6.94,2.85,1,0
3504,Marcelo Oliveira,CHI,2026,GK,33,1993,184,75,Right,42.8,76,5,402,0.0,0.0,17.23,1.67,3.5,88.6,0.64,2.31,4.97,0.0,0.4,0.64,0.0,0.0,0.0,1.34,0,0
3505,Roberto Melo,CHI,2026,CB,32,1994,178,73,Right,47.1,89,4,346,0.21,0.09,0.0,2.46,0.0,83.8,8.69,2.65,13.85,0.72,-0.1,0.24,6.5,0.7,2.69,6.73,0,0
3506,Rodrigo Costa,CHI,2026,CDM,34,1992,182,71,Right,10.2,64,2,203,0.18,0.47,0.0,0.88,0.0,89.6,15.25,10.93,11.6,0.6,0.3,-0.35,2.3,0.45,2.19,7.84,0,0
3507,Diego Ferreira,CHI,2026,ST,28,1998,188,73,Left,34.4,81,2,196,0.34,0.58,0.0,0.0,0.0,67.7,2.28,2.86,0.83,0.96,0.1,1.04,5.96,4.25,2.65,8.97,0,0
3508,Bruno Mendes,CHI,2026,LW,34,1992,190,85,Right,62.8,68,2,232,0.64,1.05,0.0,0.66,0.0,83.5,2.51,4.81,2.64,0.96,0.3,0.42,9.36,1.38,11.26,4.79,0,0
3509,Eduardo Pereira,CHI,2026,GK,27,1999,187,88,Right,50.5,77,5,459,0.0,0.0,18.96,2.25,3.55,89.3,0.75,2.26,6.78,0.0,0.3,0.39,0.0,0.0,0.0,0.86,0,0
3510,Andre Souza,CHI,2026,RW,36,1990,187,89,Right,65.9,83,3,287,0.71,0.57,0.0,0.57,0.0,74.6,4.04,3.22,1.65,1.56,-0.3,1.39,16.54,2.8,14.81,5.11,0,0
3511,Matheus Martins,CHI,2026,LB,23,2003,191,74,Right,91.0,93,5,441,0.47,0.73,0.0,3.85,0.0,82.4,6.1,6.08,13.51,0.3,-0.0,-0.1,5.09,1.98,6.32,6.72,1,0
3512,Pedro Ferreira,CHI,2026,ST,29,1997,186,65,Left,36.1,94,2,207,1.45,0.28,0.0,0.0,0.0,73.2,0.4,2.81,0.59,0.92,0.3,1.56,19.25,5.79,9.4,5.02,0,0
3513,Fernando Pereira,CHI,2026,CM,33,1993,183,74,Both,18.5,74,4,359,0.47,0.58,0.0,1.18,0.0,81.2,6.04,8.06,6.63,0.82,-0.1,-0.02,8.07,1.55,8.67,5.54,0,0
3514,Felipe Rocha,CHI,2026,CB,27,1999,173,75,Right,41.1,80,5,451,0.25,0.12,0.0,1.88,0.0,88.8,10.86,11.06,19.11,0.51,-0.1,0.19,4.15,1.23,1.05,1.17,0,0
3515,Marcelo Carvalho,CHI,2026,CB,29,1997,188,86,Right,22.8,71,4,302,0.14,0.11,0.0,1.19,0.0,87.0,11.54,7.02,33.38,0.39,0.7,0.08,4.1,1.18,2.49,4.56,0,0
3516,Diego Rocha,CHI,2026,GK,26,2000,196,83,Right,27.4,76,5,423,0.0,0.0,19.4,2.82,1.42,81.6,0.99,2.78,2.72,0.0,0.9,-0.37,0.0,0.0,0.0,1.46,0,0
3517,Lucas Rocha,CHI,2026,RB,25,2001,185,66,Right,30.0,91,5,372,0.39,0.44,0.0,1.97,0.0,83.0,11.77,11.38,9.76,0.8,-0.4,0.64,4.23,2.94,6.12,4.84,0,0
3518,Fernando Mendes,CHI,2026,CB,23,2003,188,81,Left,46.0,79,3,260,0.29,0.06,0.0,2.01,0.0,87.3,10.8,11.77,18.13,0.31,0.2,0.21,4.36,1.8,2.91,7.6,0,0
3519,Leonardo Rodrigues,CHI,2026,CAM,28,1998,186,71,Right,81.0,79,1,92,0.49,1.28,0.0,0.49,0.0,77.9,3.27,2.17,2.17,1.34,0.1,1.14,7.44,2.56,7.48,4.86,0,0
3520,Bruno Souza,PAR,2026,GK,21,2005,183,87,Right,39.5,76,3,266,0.0,0.0,15.87,2.2,1.9,80.9,0.7,0.92,4.48,0.0,0.5,-0.12,0.0,0.0,0.0,0.95,0,0
3521,Leonardo Souza,PAR,2026,CB,23,2003,182,87,Right,27.4,87,5,420,0.18,0.1,0.0,2.89,0.0,83.2,10.79,9.62,22.38,0.46,0.2,0.2,4.21,0.42,1.5,4.75,1,0
3522,Thiago Monteiro,PAR,2026,LW,33,1993,179,70,Right,65.4,81,4,369,0.68,0.63,0.0,0.5,0.0,81.4,3.44,5.37,3.4,1.09,-0.3,0.77,10.49,4.57,10.35,3.79,0,0
3523,Pedro Pereira,PAR,2026,GK,37,1989,186,93,Right,9.9,66,4,355,0.0,0.0,15.29,1.28,2.33,84.0,0.83,2.13,4.88,0.0,0.3,-0.18,0.0,0.0,0.0,0.54,0,0
3524,Leonardo Ribeiro,PAR,2026,RB,25,2001,190,71,Right,16.0,80,2,167,0.3,0.2,0.0,2.37,0.0,79.9,16.32,2.91,7.4,1.0,0.1,-0.16,4.11,1.27,3.82,4.34,0,0
3525,Gabriel Santos,PAR,2026,CM,32,1994,183,89,Right,43.8,79,5,431,0.51,0.54,0.0,1.29,0.0,87.5,9.56,9.5,4.65,0.57,-0.0,0.63,6.47,3.17,6.26,5.96,0,0
3526,Thiago Ferreira,PAR,2026,CDM,21,2005,185,80,Left,35.4,66,5,431,0.18,0.41,0.0,0.03,0.0,87.0,12.88,7.0,7.25,0.29,0.6,0.63,3.85,0.8,5.18,6.76,1,0
3527,Eduardo Araujo,PAR,2026,CM,31,1995,191,88,Right,29.7,75,2,186,0.3,0.88,0.0,0.68,0.0,83.6,6.84,9.78,4.66,1.06,0.3,0.79,3.5,1.97,6.8,6.07,1,0
3528,Joao Ribeiro,PAR,2026,LW,26,2000,176,65,Right,72.2,76,4,320,0.8,0.75,0.0,0.57,0.0,81.0,4.11,3.66,1.15,1.7,0.4,0.44,6.44,3.47,13.44,6.54,0,0
3529,Vinicius Mendes,PAR,2026,ST,19,2007,187,82,Right,35.5,81,5,449,1.29,0.27,0.0,0.0,0.0,75.3,1.98,2.19,0.84,0.55,-0.2,0.6,11.02,6.9,7.27,11.06,0,0
3530,Felipe Cardoso,PAR,2026,CB,20,2006,175,79,Right,80.1,84,6,563,0.15,0.09,0.0,2.49,0.0,83.9,4.29,14.86,34.19,0.47,-0.3,0.92,3.63,0.63,2.36,5.84,0,0
3531,Roberto Rodrigues,PAR,2026,CB,22,2004,182,88,Right,68.3,89,3,336,0.18,0.13,0.0,2.11,0.0,89.6,6.67,6.8,20.0,0.48,0.3,0.68,6.55,1.04,1.65,5.39,0,0
3532,Roberto Cardoso,PAR,2026,RB,27,1999,182,72,Right,53.2,71,3,296,0.25,0.43,0.0,0.52,0.0,82.7,14.73,8.23,7.17,0.4,-0.4,0.63,4.45,2.09,3.75,4.73,1,0
3533,Gustavo Cardoso,PAR,2026,LB,37,1989,175,81,Left,27.4,75,5,473,0.08,0.66,0.0,0.7,0.0,84.7,10.48,10.38,2.9,0.58,0.1,0.22,4.87,0.67,4.55,6.79,0,0
3534,Pedro Araujo,PAR,2026,LB,27,1999,185,73,Right,48.9,78,4,370,0.17,0.59,0.0,1.42,0.0,85.2,12.93,5.23,10.21,1.09,-0.1,0.63,4.21,1.96,6.45,2.52,0,0
3535,Gustavo Cavalcanti,PAR,2026,CM,26,2000,174,72,Left,58.7,72,5,450,0.65,0.41,0.0,1.03,0.0,84.3,9.69,8.58,4.45,0.59,0.3,0.66,7.76,2.71,7.12,3.69,0,0
3536,Rafael Barbosa,PAR,2026,CDM,27,1999,189,76,Both,32.4,76,4,325,0.22,0.26,0.0,1.61,0.0,91.5,18.21,16.91,7.8,0.58,0.4,-0.22,1.84,0.78,2.91,7.5,1,0
3537,Diego Freitas,PAR,2026,ST,21,2005,173,88,Right,83.7,79,1,85,0.81,0.39,0.0,0.0,0.0,72.9,1.92,3.33,0.71,0.74,0.1,1.61,10.66,5.77,7.42,9.63,0,0
3538,Heitor Mendes,PAR,2026,GK,27,1999,194,89,Right,28.0,69,3,257,0.0,0.0,19.96,1.73,3.3,88.2,1.11,2.48,3.86,0.0,0.5,-0.03,0.0,0.0,0.0,1.55,0,0
3539,Bruno Monteiro,PAR,2026,CAM,29,1997,194,88,Both,114.7,74,4,317,0.68,1.06,0.0,0.41,0.0,87.3,4.97,5.08,2.68,0.75,-0.7,1.01,10.37,1.41,9.95,3.45,0,0
3540,Gabriel Almeida,PAR,2026,RW,31,1995,176,77,Right,68.6,81,5,424,0.96,0.76,0.0,0.47,0.0,77.1,1.7,2.46,1.76,2.19,0.2,1.03,13.49,3.36,7.94,6.59,0,0
3541,Bruno Ribeiro,PAR,2026,RW,22,2004,186,82,Both,27.2,77,4,387,0.8,0.47,0.0,0.26,0.0,79.6,5.48,3.83,2.24,1.72,-0.1,0.85,8.27,3.92,16.5,5.83,0,0
3542,Vinicius Dias,PAR,2026,CB,35,1991,172,89,Right,43.4,73,3,250,0.23,0.11,0.0,1.99,0.0,87.2,7.56,14.44,20.14,0.67,0.0,-0.14,2.3,0.9,1.95,6.63,0,0
3543,Marcelo Cardoso,GHA,2026,ST,24,2002,187,67,Right,116.1,88,1,138,1.11,0.57,0.0,0.0,0.0,73.3,2.54,3.18,1.49,1.18,0.2,2.01,12.98,4.54,9.1,4.63,0,0
3544,Vinicius Rocha,GHA,2026,CDM,19,2007,178,74,Left,15.9,85,5,455,0.27,0.39,0.0,1.35,0.0,93.6,12.34,10.71,4.03,0.42,-0.3,0.42,2.27,1.17,3.03,8.53,0,0
3545,Diego Silva,GHA,2026,RB,25,2001,175,88,Right,65.3,94,2,224,0.32,0.72,0.0,3.11,0.0,81.7,11.52,8.34,12.36,0.94,-0.0,0.26,4.97,2.88,2.92,5.47,0,0
3546,Thiago Gomes,GHA,2026,RW,23,2003,181,74,Left,43.2,90,5,456,1.08,0.93,0.0,0.37,0.0,78.2,3.62,3.48,1.84,0.99,0.3,1.22,15.63,4.05,9.18,5.1,0,0
3547,Alexandre Lima,GHA,2026,CM,22,2004,179,80,Left,19.9,66,3,290,0.41,0.58,0.0,1.19,0.0,89.9,4.55,6.5,8.45,0.98,0.0,0.52,9.28,1.34,4.93,6.48,0,0
3548,Fernando Rodrigues,GHA,2026,CB,24,2002,188,88,Right,36.5,82,3,298,0.15,0.14,0.0,1.86,0.0,92.9,12.11,8.93,31.81,0.62,0.1,0.16,4.45,1.83,2.87,4.36,1,0
3549,Carlos Carvalho,GHA,2026,GK,27,1999,194,77,Left,11.8,66,3,294,0.0,0.0,13.88,1.09,2.76,91.3,0.74,1.65,8.56,0.0,0.9,-0.29,0.0,0.0,0.0,0.77,0,0
3550,Matheus Freitas,GHA,2026,LB,24,2002,181,88,Right,41.5,89,1,114,0.34,0.38,0.0,2.78,0.0,90.5,7.22,9.98,11.92,1.23,-0.5,-0.1,3.39,1.09,4.42,5.29,0,0
3551,Gabriel Ribeiro,GHA,2026,LW,31,1995,181,75,Left,24.5,85,6,533,0.98,0.6,0.0,0.32,0.0,78.6,3.57,3.42,1.51,1.22,0.1,1.24,5.03,4.24,19.35,4.89,0,0
3552,Pedro Ferreira,GHA,2026,LW,25,2001,186,65,Right,40.9,78,3,259,0.69,0.4,0.0,0.52,0.0,73.2,2.53,5.82,2.46,1.32,-0.1,1.3,11.55,4.66,19.03,5.3,0,0
3553,Marcelo Souza,GHA,2026,CM,24,2002,174,78,Right,34.1,75,6,560,0.39,0.64,0.0,0.83,0.0,87.1,8.88,6.02,6.35,1.24,0.6,1.06,9.78,1.63,9.49,3.73,0,0
3554,Rodrigo Ribeiro,GHA,2026,ST,36,1990,186,88,Left,97.9,81,4,342,1.17,0.37,0.0,0.0,0.0,74.6,2.25,4.02,0.94,1.28,0.5,1.46,8.36,3.66,6.57,5.27,0,0
3555,Eduardo Martins,GHA,2026,RB,24,2002,191,73,Right,13.6,77,2,213,0.33,0.38,0.0,1.3,0.0,82.9,11.14,6.89,7.96,0.96,0.0,-0.11,6.79,2.19,6.68,6.64,0,0
3556,Paulo Araujo,GHA,2026,GK,34,1992,185,88,Left,23.9,71,3,326,0.0,0.0,15.12,1.08,3.45,85.3,1.32,2.02,5.17,0.0,0.8,0.06,0.0,0.0,0.0,1.29,0,0
3557,Matheus Gomes,GHA,2026,CAM,21,2005,172,82,Both,23.3,74,6,523,0.64,0.74,0.0,0.46,0.0,81.4,3.94,4.29,1.92,1.71,-0.2,0.33,11.83,2.96,6.66,2.52,0,0
3558,Heitor Ribeiro,GHA,2026,CB,20,2006,190,88,Right,48.3,79,1,133,0.18,0.11,0.0,1.38,0.0,84.6,11.28,7.51,7.82,0.53,0.4,0.02,3.28,0.88,0.58,4.16,0,0
3559,Andre Gomes,GHA,2026,CB,20,2006,189,72,Left,25.5,81,6,499,0.23,0.06,0.0,1.7,0.0,82.5,6.83,8.98,27.74,0.64,0.0,0.59,5.2,1.03,2.78,4.9,1,0
3560,Pedro Cavalcanti,GHA,2026,CM,32,1994,177,88,Right,24.3,71,3,283,0.35,0.64,0.0,0.8,0.0,87.2,6.0,3.97,7.95,1.03,0.1,0.92,2.62,2.29,6.66,7.47,0,0
3561,Gustavo Dias,GHA,2026,RW,36,1990,172,77,Right,30.1,75,4,380,0.67,0.79,0.0,0.45,0.0,83.9,2.57,2.91,2.84,1.65,-0.1,0.53,11.1,3.78,15.43,5.09,0,0
3562,Paulo Carvalho,GHA,2026,GK,34,1992,194,76,Both,12.1,75,3,337,0.0,0.0,19.86,2.65,3.23,84.5,1.2,2.41,6.65,0.0,0.2,0.18,0.0,0.0,0.0,1.12,0,0
3563,Pedro Silva,GHA,2026,CB,23,2003,178,74,Both,20.7,84,3,247,0.27,0.11,0.0,2.09,0.0,88.7,6.03,12.79,25.84,0.17,-0.2,0.45,4.17,0.97,2.06,7.26,1,0
3564,Ricardo Martins,GHA,2026,LB,37,1989,181,87,Right,42.5,80,3,264,0.26,0.21,0.0,2.09,0.0,75.3,8.6,5.75,11.64,0.82,-0.3,-0.09,4.67,1.87,5.73,3.05,1,0
3565,Rafael Carvalho,GHA,2026,CDM,36,1990,179,88,Left,22.2,71,4,326,0.16,0.1,0.0,0.85,0.0,89.5,15.7,13.25,7.4,0.65,0.2,-0.23,4.67,0.79,2.85,10.13,0,0
3566,Ricardo Martins,CMR,2026,CM,31,1995,185,70,Left,22.7,69,2,179,0.29,0.38,0.0,0.8,0.0,88.4,9.83,7.56,8.38,0.66,-0.3,0.29,6.58,2.25,8.86,6.24,0,0
3567,Leonardo Lima,CMR,2026,CB,22,2004,194,75,Left,20.0,87,4,371,0.23,0.09,0.0,2.12,0.0,90.5,6.84,1.45,14.91,0.6,0.5,0.32,2.72,0.74,1.99,2.08,0,0
3568,Rafael Cavalcanti,CMR,2026,CB,31,1995,183,71,Right,38.3,83,3,268,0.2,0.14,0.0,2.1,0.0,90.8,10.54,9.16,32.71,0.25,0.2,0.4,2.36,1.12,0.99,7.5,0,0
3569,Ricardo Silva,CMR,2026,GK,37,1989,198,80,Right,21.5,86,3,275,0.0,0.0,17.01,2.25,3.29,85.7,0.91,2.06,4.87,0.0,0.6,0.29,0.0,0.0,0.0,1.46,0,0
3570,Pedro Melo,CMR,2026,CDM,23,2003,189,75,Both,43.8,73,2,268,0.29,0.32,0.0,1.28,0.0,97.1,13.56,11.49,6.42,0.31,-0.1,-0.07,6.45,0.82,2.85,8.5,1,0
3571,Leonardo Pereira,CMR,2026,RW,20,2006,192,82,Right,105.4,80,5,423,0.81,0.73,0.0,0.53,0.0,77.9,3.47,4.96,1.64,1.95,0.6,1.16,8.35,2.28,9.51,3.55,0,0
3572,Lucas Silva,CMR,2026,LB,28,1998,193,71,Right,70.7,81,4,400,0.13,0.7,0.0,1.24,0.0,81.9,12.58,10.16,5.87,1.22,-0.5,0.6,3.36,3.11,4.13,5.04,1,0
3573,Paulo Monteiro,CMR,2026,ST,34,1992,177,69,Right,114.2,97,2,221,1.81,0.48,0.0,0.0,0.0,67.4,1.8,4.49,0.41,0.45,0.0,1.67,11.87,7.98,8.16,10.3,0,0
3574,Heitor Rocha,CMR,2026,CM,37,1989,191,82,Right,18.8,67,4,375,0.4,0.4,0.0,0.69,0.0,89.2,6.99,9.11,2.95,0.87,0.3,0.59,4.14,1.36,7.74,5.88,0,0
3575,Rodrigo Santos,CMR,2026,GK,36,1990,187,93,Left,25.6,70,3,287,0.0,0.0,14.24,2.83,3.62,82.0,0.71,1.48,3.66,0.0,0.6,-0.01,0.0,0.0,0.0,0.4,0,0
3576,Gabriel Pereira,CMR,2026,LB,37,1989,190,83,Right,17.3,90,4,342,0.17,0.54,0.0,1.93,0.0,87.0,12.96,3.88,0.0,0.55,-0.0,0.54,8.3,1.11,1.33,6.27,0,0
3577,Diego Cavalcanti,CMR,2026,LW,27,1999,171,68,Right,61.7,73,5,507,0.89,0.72,0.0,0.43,0.0,78.2,3.25,5.38,2.02,1.84,-0.5,0.88,7.71,5.55,13.6,4.99,0,0
3578,Alexandre Barbosa,CMR,2026,ST,19,2007,177,71,Right,42.7,93,5,433,1.33,0.32,0.0,0.0,0.0,67.6,2.83,2.88,1.27,1.21,0.6,1.47,15.89,4.26,0.39,4.86,0,0
3579,Rafael Souza,CMR,2026,RW,25,2001,172,81,Left,52.9,83,3,317,0.97,0.82,0.0,0.38,0.0,80.6,2.38,4.33,2.73,1.66,0.1,0.96,8.06,2.18,11.55,5.19,0,0
3580,Arthur Martins,CMR,2026,RB,28,1998,192,86,Left,26.4,80,2,212,0.3,0.37,0.0,1.13,0.0,87.4,9.42,10.27,5.82,0.86,-0.1,0.93,3.03,2.5,6.31,4.48,0,0
3581,Carlos Dias,CMR,2026,RB,37,1989,179,68,Left,32.0,84,5,444,0.39,0.78,0.0,2.05,0.0,85.5,12.77,10.63,8.16,0.53,-0.1,0.24,4.46,1.75,6.61,5.89,0,0
3582,Diego Martins,CMR,2026,GK,28,1998,189,87,Right,33.8,70,3,268,0.0,0.0,18.45,1.93,2.09,84.6,0.91,1.69,8.19,0.0,0.5,-0.05,0.0,0.0,0.0,0.8,0,0
3583,Diego Almeida,CMR,2026,LW,21,2005,180,73,Both,87.2,85,4,349,0.9,0.4,0.0,0.61,0.0,79.4,3.92,1.71,1.91,1.57,-0.5,1.13,8.64,5.36,15.35,4.53,0,0
3584,Felipe Dias,CMR,2026,CDM,28,1998,186,85,Right,23.3,68,2,252,0.13,0.23,0.0,0.75,0.0,89.8,10.69,11.86,12.96,0.57,-0.1,0.37,4.64,1.54,3.09,9.95,0,0
3585,Pedro Silva,CMR,2026,CB,31,1995,189,74,Right,45.0,81,4,316,0.1,0.06,0.0,1.88,0.0,91.2,5.08,11.94,39.13,0.43,0.0,0.53,3.83,0.83,2.54,7.38,1,0
3586,Carlos Monteiro,CMR,2026,CAM,23,2003,183,84,Right,83.1,75,4,343,0.36,1.4,0.0,0.25,0.0,83.6,2.48,2.12,1.81,0.73,0.2,0.76,7.97,2.55,8.15,3.74,0,0
3587,Alexandre Rocha,CMR,2026,CM,29,1997,171,78,Both,34.5,72,5,411,0.4,0.58,0.0,0.97,0.0,88.0,4.26,5.09,4.83,0.81,-0.4,0.46,6.47,3.26,6.12,5.64,0,0
3588,Marcelo Barbosa,CMR,2026,CB,20,2006,191,70,Right,29.5,79,2,170,0.11,0.06,0.0,2.53,0.0,89.8,6.91,12.35,22.17,0.56,-0.5,-0.2,2.64,0.7,1.75,5.68,1,0
3589,Gabriel Barbosa,TUN,2026,LB,22,2004,184,82,Right,46.7,82,3,249,0.29,0.48,0.0,2.02,0.0,78.4,8.49,7.7,8.99,0.65,0.3,0.43,4.09,2.7,7.58,6.62,0,0
3590,Matheus Carvalho,TUN,2026,CB,26,2000,184,76,Right,15.7,79,5,457,0.16,0.16,0.0,1.74,0.0,87.7,10.08,11.9,21.47,0.31,-0.5,-0.02,4.54,1.12,2.73,4.63,1,0
3591,Diego Cavalcanti,TUN,2026,CB,26,2000,178,69,Right,85.6,85,4,377,0.19,0.07,0.0,2.59,0.0,89.9,8.47,9.95,31.98,0.4,0.2,-0.22,4.94,1.08,1.75,5.21,0,0
3592,Carlos Oliveira,TUN,2026,CDM,35,1991,190,76,Right,55.8,80,5,389,0.24,0.35,0.0,1.0,0.0,87.6,9.99,16.77,8.56,0.61,-0.0,1.11,3.01,1.01,3.58,6.52,1,0
3593,Rodrigo Rocha,TUN,2026,GK,27,1999,199,81,Both,29.1,74,2,250,0.0,0.0,19.68,1.73,2.19,86.8,1.16,1.61,5.4,0.0,0.3,-0.05,0.0,0.0,0.0,1.41,0,0
3594,Arthur Mendes,TUN,2026,CAM,36,1990,183,71,Left,24.8,76,2,241,0.75,1.2,0.0,0.52,0.0,86.9,2.77,6.89,1.32,1.37,-0.1,0.8,11.93,2.99,10.25,1.36,0,0
3595,Eduardo Martins,TUN,2026,RB,25,2001,194,65,Right,31.8,92,5,390,0.24,0.46,0.0,2.81,0.0,78.8,8.39,9.44,12.86,0.52,0.2,0.18,3.8,1.92,5.77,3.83,0,0
3596,Matheus Carvalho,TUN,2026,RW,30,1996,184,75,Left,58.7,75,4,326,0.59,0.76,0.0,0.47,0.0,72.9,3.52,3.0,2.88,1.64,0.4,1.18,14.86,4.75,12.47,3.25,0,0
3597,Marcelo Freitas,TUN,2026,GK,19,2007,195,85,Right,25.6,68,4,319,0.0,0.0,8.16,1.61,2.74,85.8,0.95,2.61,4.98,0.0,0.5,-0.34,0.0,0.0,0.0,1.4,0,0
3598,Rafael Cardoso,TUN,2026,RB,24,2002,190,65,Right,50.8,86,1,101,0.19,0.41,0.0,2.56,0.0,80.9,10.1,7.42,11.82,0.96,0.2,0.21,3.63,1.71,6.02,4.51,1,0
3599,Rodrigo Cardoso,TUN,2026,ST,32,1994,186,86,Left,73.4,83,4,351,1.14,0.43,0.0,0.0,0.0,69.3,2.07,3.9,1.17,0.95,0.1,1.52,17.9,4.78,7.94,8.26,0,0
3600,Ricardo Ribeiro,TUN,2026,RW,29,1997,191,74,Right,67.2,70,2,217,0.77,0.63,0.0,0.53,0.0,78.7,2.92,2.52,1.7,1.31,-0.2,0.27,8.83,2.36,13.51,8.23,0,0
3601,Diego Barbosa,TUN,2026,CM,24,2002,190,80,Left,35.4,75,3,322,0.4,0.38,0.0,1.23,0.0,89.2,7.25,9.9,4.59,0.47,0.1,0.72,6.98,2.13,5.87,9.66,1,0
3602,Gustavo Gomes,TUN,2026,GK,30,1996,183,78,Left,22.9,78,3,307,0.0,0.0,12.02,2.04,4.56,87.0,0.82,1.71,4.41,0.0,0.6,0.39,0.0,0.0,0.0,1.51,0,0
3603,Vinicius Lima,TUN,2026,LW,29,1997,188,75,Right,52.2,84,4,322,0.9,0.89,0.0,0.5,0.0,76.0,2.48,1.48,1.13,1.24,0.4,1.35,9.9,2.83,14.73,7.87,0,0
3604,Andre Barbosa,TUN,2026,CM,33,1993,170,65,Left,36.8,76,2,170,0.43,0.76,0.0,0.76,0.0,87.5,6.36,6.98,4.39,1.02,0.2,0.06,3.02,1.47,4.5,3.58,0,0
3605,Rodrigo Cardoso,TUN,2026,CM,22,2004,179,85,Right,37.1,71,4,348,0.23,0.53,0.0,1.04,0.0,84.2,3.51,7.39,4.09,0.66,-0.0,0.54,6.18,1.03,8.37,5.51,1,0
3606,Felipe Nascimento,TUN,2026,LB,20,2006,190,72,Right,25.8,75,4,319,0.11,0.56,0.0,1.73,0.0,82.4,8.49,7.99,11.2,1.05,-0.0,-0.49,5.16,3.47,4.77,6.61,0,0
3607,Joao Silva,TUN,2026,LW,24,2002,191,75,Left,39.4,77,3,262,0.63,1.02,0.0,0.41,0.0,78.6,4.5,5.62,3.18,2.23,0.0,0.71,12.85,4.18,15.65,6.11,0,0
3608,Roberto Freitas,TUN,2026,CB,24,2002,176,82,Right,28.9,77,4,383,0.17,0.1,0.0,2.04,0.0,90.0,9.23,10.22,22.37,0.5,0.1,-0.04,4.88,0.68,2.23,4.92,0,0
3609,Roberto Ribeiro,TUN,2026,CB,33,1993,191,73,Left,14.0,69,4,323,0.18,0.07,0.0,1.49,0.0,95.0,7.39,13.71,24.08,0.57,0.2,0.61,4.3,0.5,2.18,5.23,1,0
3610,Felipe Araujo,TUN,2026,CDM,28,1998,189,71,Right,32.5,77,3,331,0.27,0.42,0.0,0.78,0.0,87.0,8.91,12.97,7.56,0.56,0.4,0.14,2.37,1.08,4.57,6.52,0,0
3611,Lucas Barbosa,TUN,2026,ST,32,1994,182,88,Right,91.8,92,5,418,1.37,0.33,0.0,0.0,0.0,68.9,1.33,2.13,1.28,0.6,-0.3,1.43,10.92,4.36,9.53,8.25,0,0
3612,Diego Freitas,EGY,2026,CM,28,1998,192,89,Left,45.5,78,3,293,0.36,0.67,0.0,1.22,0.0,91.6,9.5,4.12,6.78,0.74,0.2,1.16,8.13,1.22,7.09,5.64,0,0
3613,Eduardo Souza,EGY,2026,RW,33,1993,184,73,Right,108.7,85,2,163,0.86,1.25,0.0,0.4,0.0,73.6,2.21,3.27,1.58,1.31,0.2,1.16,12.59,4.25,12.63,4.15,0,0
3614,Carlos Freitas,EGY,2026,RB,30,1996,186,76,Both,79.3,92,4,383,0.29,0.74,0.0,1.67,0.0,85.3,10.52,9.37,6.67,0.4,-0.4,0.94,7.23,2.31,5.97,6.28,0,0
3615,Carlos Silva,EGY,2026,GK,27,1999,199,76,Right,49.8,80,3,232,0.0,0.0,11.82,1.67,2.43,82.5,1.38,2.14,3.89,0.0,0.5,0.21,0.0,0.0,0.0,0.85,0,0
3616,Rodrigo Rodrigues,EGY,2026,CB,32,1994,190,89,Left,55.8,80,4,330,0.13,0.11,0.0,1.86,0.0,88.1,1.99,11.12,13.67,0.47,0.5,-0.09,3.77,0.63,2.32,7.01,0,0
3617,Gabriel Ribeiro,EGY,2026,CB,26,2000,193,78,Both,59.6,88,4,378,0.31,0.12,0.0,2.24,0.0,87.3,9.03,9.27,22.54,0.87,-0.3,0.53,4.02,1.32,2.25,6.68,1,0
3618,Heitor Silva,EGY,2026,GK,20,2006,183,92,Both,35.9,99,5,445,0.0,0.0,18.95,3.64,2.47,86.1,1.34,2.34,7.21,0.0,0.3,-0.23,0.0,0.0,0.0,0.77,0,0
3619,Joao Martins,EGY,2026,CM,31,1995,172,75,Right,18.7,71,3,291,0.57,0.53,0.0,1.34,0.0,87.5,9.32,8.12,6.19,0.49,-0.1,0.25,4.8,1.67,6.69,7.99,0,0
3620,Felipe Mendes,EGY,2026,CB,22,2004,178,83,Right,52.0,71,3,296,0.28,0.05,0.0,1.66,0.0,92.9,6.47,9.15,26.61,0.73,-0.5,0.29,6.54,0.91,1.87,5.19,0,0
3621,Paulo Freitas,EGY,2026,CAM,35,1991,190,74,Right,66.3,81,4,339,0.79,1.55,0.0,0.49,0.0,81.9,4.4,8.09,2.18,1.21,0.1,0.69,8.81,3.38,9.22,4.18,0,0
3622,Carlos Cardoso,EGY,2026,CDM,20,2006,172,70,Left,27.7,76,3,325,0.21,0.4,0.0,1.06,0.0,90.0,2.01,11.42,9.23,0.68,-0.2,0.03,3.89,1.0,2.18,11.41,1,0
3623,Marcelo Pereira,EGY,2026,ST,32,1994,189,70,Right,59.4,76,4,333,0.68,0.25,0.0,0.0,0.0,69.0,2.51,3.92,1.03,0.68,0.6,1.21,19.95,5.05,12.83,9.08,0,0
3624,Carlos Oliveira,EGY,2026,LW,30,1996,180,74,Right,25.7,74,4,352,0.69,0.8,0.0,0.64,0.0,75.5,2.8,6.26,1.77,1.84,0.5,0.66,14.69,7.18,11.29,8.07,0,0
3625,Pedro Rodrigues,EGY,2026,RW,27,1999,170,66,Both,43.4,84,2,177,0.82,0.71,0.0,0.47,0.0,81.4,3.04,5.07,3.63,1.56,-0.4,1.07,9.67,5.16,14.51,4.55,0,0
3626,Heitor Dias,EGY,2026,ST,26,2000,193,76,Right,165.7,76,3,228,1.35,0.41,0.0,0.0,0.0,71.3,1.94,4.83,0.65,1.23,-0.4,1.54,10.97,3.96,10.12,6.03,0,0
3627,Ricardo Freitas,EGY,2026,GK,34,1992,197,89,Right,25.5,76,2,242,0.0,0.0,11.15,1.95,4.0,85.3,1.16,2.27,5.83,0.0,0.3,0.48,0.0,0.0,0.0,1.26,0,0
3628,Marcelo Silva,EGY,2026,LB,22,2004,172,82,Left,49.0,90,3,296,0.36,0.75,0.0,1.83,0.0,83.7,6.61,8.02,9.38,0.57,0.3,0.32,8.36,3.25,3.91,7.28,0,0
3629,Thiago Cardoso,EGY,2026,CM,22,2004,182,78,Right,56.7,70,4,364,0.36,0.69,0.0,1.03,0.0,90.7,5.46,5.9,2.61,0.86,0.2,0.88,8.64,1.88,5.15,8.75,0,0
3630,Fernando Monteiro,EGY,2026,CB,32,1994,173,73,Right,23.2,81,3,255,0.24,0.09,0.0,2.47,0.0,85.7,7.94,6.51,19.14,0.67,0.3,0.77,4.82,0.68,1.65,6.39,1,0
3631,Alexandre Silva,EGY,2026,CDM,28,1998,178,88,Right,54.5,78,4,375,0.13,0.27,0.0,0.78,0.0,85.2,17.14,11.26,10.16,0.61,0.5,0.62,3.8,1.07,6.85,6.56,0,0
3632,Thiago Lima,EGY,2026,RB,25,2001,177,88,Left,86.1,94,6,469,0.23,0.31,0.0,3.25,0.0,85.0,10.27,10.21,7.64,0.54,0.2,0.5,4.42,1.43,6.21,4.94,0,0
3633,Matheus Gomes,EGY,2026,LW,30,1996,186,80,Right,48.9,90,6,483,0.96,1.12,0.0,0.31,0.0,78.2,2.05,3.16,1.51,1.72,0.0,0.94,11.07,5.63,15.07,3.92,0,0
3634,Fernando Monteiro,EGY,2026,LB,35,1991,174,69,Left,32.9,78,3,295,0.29,0.38,0.0,1.34,0.0,79.8,9.04,2.83,10.6,0.43,0.1,0.04,7.76,3.17,5.64,6.36,0,0
3635,Rodrigo Martins,ALG,2026,CDM,35,1991,183,66,Both,24.8,80,2,215,0.2,0.42,0.0,1.0,0.0,87.2,20.34,8.75,8.86,0.37,0.1,0.34,3.44,0.81,4.08,7.22,1,0
3636,Ricardo Cavalcanti,ALG,2026,RW,34,1992,190,71,Right,84.6,73,4,431,0.91,0.92,0.0,0.47,0.0,80.8,2.53,4.67,1.46,1.68,-0.0,0.74,12.43,3.08,16.22,4.33,0,0
3637,Andre Melo,ALG,2026,LW,25,2001,185,70,Both,52.5,85,4,355,0.72,0.93,0.0,0.48,0.0,86.6,2.62,3.63,2.15,1.96,-0.2,0.89,9.58,4.35,14.46,4.19,0,0
3638,Gustavo Cardoso,ALG,2026,CB,35,1991,190,78,Left,63.2,78,5,389,0.22,0.14,0.0,2.32,0.0,89.3,6.47,13.99,19.95,0.44,-0.4,0.2,3.31,0.91,1.78,4.49,1,0
3639,Lucas Ribeiro,ALG,2026,CB,27,1999,181,79,Left,57.8,81,3,262,0.16,0.13,0.0,2.65,0.0,85.8,7.09,11.33,31.22,0.45,0.1,-0.18,5.41,1.37,2.39,8.73,1,0
3640,Matheus Cavalcanti,ALG,2026,LB,19,2007,183,72,Right,36.0,99,4,309,0.3,0.19,0.0,2.31,0.0,86.6,13.82,10.2,16.72,1.19,0.1,0.53,5.31,2.1,5.46,6.4,1,0
3641,Lucas Carvalho,ALG,2026,LB,29,1997,182,73,Right,109.6,92,2,223,0.22,0.6,0.0,2.8,0.0,82.3,13.92,7.65,15.25,0.65,0.1,0.3,5.6,1.81,6.08,4.25,0,0
3642,Fernando Rodrigues,ALG,2026,CM,35,1991,175,82,Both,34.1,74,3,269,0.42,0.57,0.0,0.83,0.0,86.5,5.21,7.17,3.99,0.6,0.3,0.76,4.4,1.56,10.12,2.78,0,0
3643,Eduardo Almeida,ALG,2026,ST,27,1999,183,78,Left,73.0,75,3,282,0.52,0.57,0.0,0.0,0.0,74.7,2.35,1.88,1.3,1.12,-0.2,1.67,6.97,5.95,10.92,5.58,0,0
3644,Felipe Araujo,ALG,2026,RW,37,1989,180,74,Right,56.2,90,6,548,0.81,1.22,0.0,0.36,0.0,74.5,1.93,4.28,2.31,1.71,0.1,1.53,9.61,1.77,17.56,7.56,0,0
3645,Andre Monteiro,ALG,2026,GK,31,1995,183,86,Right,10.3,82,2,245,0.0,0.0,7.65,2.01,3.02,83.2,0.75,1.68,2.68,0.0,0.7,-0.03,0.0,0.0,0.0,1.36,0,0
3646,Roberto Melo,ALG,2026,RB,31,1995,194,76,Both,75.8,96,5,435,0.43,0.66,0.0,2.69,0.0,83.9,10.35,8.27,8.78,0.67,-0.1,1.16,4.42,2.06,5.27,5.15,1,0
3647,Arthur Araujo,ALG,2026,GK,26,2000,193,93,Right,33.5,80,5,404,0.0,0.0,18.86,1.54,2.91,84.0,0.83,2.33,6.49,0.0,-0.1,0.18,0.0,0.0,0.0,0.9,0,0
3648,Thiago Souza,ALG,2026,CM,20,2006,186,69,Both,43.7,81,2,212,0.39,0.5,0.0,1.11,0.0,80.0,7.48,9.43,7.23,0.88,-0.2,0.44,7.06,1.83,5.36,4.56,0,0
3649,Carlos Almeida,ALG,2026,CB,34,1992,194,81,Left,21.3,76,4,407,0.19,0.13,0.0,0.65,0.0,84.7,9.02,8.29,34.53,0.36,-0.5,0.62,5.42,1.2,1.78,5.29,1,0
3650,Roberto Rocha,ALG,2026,LW,22,2004,174,81,Right,32.8,69,3,240,0.7,0.52,0.0,0.29,0.0,81.7,1.72,2.96,2.9,1.36,0.2,0.91,12.42,5.02,17.08,4.24,0,0
3651,Ricardo Silva,ALG,2026,CM,36,1990,178,86,Right,27.9,67,4,371,0.35,0.72,0.0,1.24,0.0,85.7,4.94,5.5,6.38,0.68,0.1,0.5,4.25,1.72,7.9,5.26,1,0
3652,Felipe Melo,ALG,2026,CB,34,1992,181,87,Right,21.2,76,4,387,0.12,0.08,0.0,0.93,0.0,90.7,4.46,5.83,17.74,0.69,0.4,0.11,3.7,1.18,1.21,7.63,1,0
3653,Heitor Ribeiro,ALG,2026,CDM,19,2007,187,78,Right,11.6,77,2,250,0.18,0.27,0.0,0.63,0.0,95.1,7.24,15.19,5.94,0.51,-0.1,0.21,3.88,0.23,3.22,4.63,0,0
3654,Roberto Mendes,ALG,2026,GK,23,2003,189,76,Right,26.5,73,5,469,0.0,0.0,15.49,2.28,2.79,88.6,0.81,2.16,9.97,0.0,0.5,0.09,0.0,0.0,0.0,1.12,0,0
3655,Roberto Araujo,ALG,2026,RB,19,2007,177,74,Right,33.8,76,4,298,0.33,0.23,0.0,1.96,0.0,84.3,10.02,12.83,9.94,0.78,0.2,0.42,3.19,1.58,6.18,3.38,0,0
3656,Roberto Gomes,ALG,2026,ST,33,1993,192,85,Right,32.9,81,4,350,0.93,0.4,0.0,0.0,0.0,66.6,2.12,3.25,1.06,0.49,0.4,1.36,11.45,5.9,5.15,6.81,0,0
3657,Lucas Costa,ALG,2026,CAM,23,2003,191,65,Left,54.8,80,2,192,0.8,0.98,0.0,0.56,0.0,80.5,5.22,4.54,1.97,0.83,-0.1,0.53,10.08,3.27,7.27,5.61,0,0
3658,Eduardo Martins,NGA,2026,GK,26,2000,199,81,Right,21.1,80,6,602,0.0,0.0,9.11,2.15,2.38,81.0,1.14,2.09,6.33,0.0,0.3,0.26,0.0,0.0,0.0,1.22,0,0
3659,Diego Ribeiro,NGA,2026,ST,22,2004,186,74,Left,39.8,80,4,396,1.2,0.42,0.0,0.0,0.0,75.5,2.57,3.28,0.99,0.97,0.4,0.9,11.14,5.27,7.63,7.13,0,0
3660,Gabriel Rocha,NGA,2026,CB,24,2002,185,84,Left,57.6,83,5,430,0.22,0.17,0.0,1.85,0.0,87.2,11.97,11.6,31.0,0.45,0.1,0.39,4.87,1.54,2.23,5.4,0,0
3661,Joao Araujo,NGA,2026,CM,19,2007,179,82,Right,55.1,75,1,139,0.48,0.33,0.0,1.8,0.0,84.3,9.06,3.37,6.29,1.03,0.3,0.8,5.0,2.85,5.14,5.58,0,0
3662,Diego Rodrigues,NGA,2026,RB,19,2007,192,87,Right,71.4,87,5,395,0.18,0.6,0.0,2.48,0.0,81.2,10.46,16.6,14.22,1.0,0.1,0.23,6.74,1.33,5.8,4.81,1,0
3663,Marcelo Barbosa,NGA,2026,CM,26,2000,178,71,Left,17.5,76,3,243,0.32,0.67,0.0,1.02,0.0,83.4,4.93,8.16,3.83,0.68,-0.0,0.46,6.02,1.97,5.87,5.67,0,0
3664,Joao Martins,NGA,2026,CB,30,1996,190,65,Right,39.5,87,3,283,0.2,0.11,0.0,2.7,0.0,87.8,8.24,6.08,36.23,0.56,-0.1,-0.05,4.88,1.09,2.25,7.94,1,0
3665,Paulo Araujo,NGA,2026,ST,36,1990,187,81,Left,100.0,99,4,363,1.95,0.39,0.0,0.0,0.0,67.0,1.8,2.99,1.02,1.51,0.3,1.44,22.05,3.25,5.12,5.52,0,0
3666,Roberto Monteiro,NGA,2026,CDM,34,1992,172,67,Right,43.9,79,3,303,0.34,0.27,0.0,0.89,0.0,87.8,16.31,13.57,6.83,0.48,-0.0,0.51,4.45,1.26,5.16,8.51,1,0
3667,Matheus Mendes,NGA,2026,LB,22,2004,193,67,Left,37.5,85,1,110,0.14,0.59,0.0,2.26,0.0,84.9,8.09,5.69,10.86,0.42,-0.0,0.32,6.06,2.12,3.07,6.4,0,0
3668,Gabriel Martins,NGA,2026,RW,37,1989,187,66,Left,84.3,82,4,365,0.67,1.37,0.0,0.69,0.0,80.8,3.57,5.0,2.69,1.6,-0.7,1.14,9.17,2.33,9.86,3.44,0,0
3669,Alexandre Dias,NGA,2026,CB,36,1990,180,66,Right,50.9,99,5,441,0.22,0.15,0.0,3.62,0.0,89.5,3.58,17.32,16.43,0.41,0.7,0.63,4.3,1.06,3.04,3.09,1,0
3670,Heitor Martins,NGA,2026,CDM,24,2002,181,74,Right,57.8,81,4,374,0.26,0.46,0.0,0.9,0.0,93.2,9.28,7.41,8.09,0.39,0.4,0.61,4.0,1.1,5.59,7.41,1,0
3671,Roberto Rodrigues,NGA,2026,LB,25,2001,171,85,Left,9.5,68,4,380,0.3,0.28,0.0,0.35,0.0,78.3,12.1,7.56,8.56,0.73,0.1,0.64,2.86,3.07,7.31,3.32,0,0
3672,Felipe Silva,NGA,2026,RB,19,2007,191,80,Right,49.4,86,5,465,0.28,0.4,0.0,2.1,0.0,82.0,9.96,7.61,9.02,0.54,0.3,0.03,2.93,2.31,6.97,5.21,0,0
3673,Andre Almeida,NGA,2026,RW,30,1996,186,80,Right,115.8,79,4,387,0.75,0.9,0.0,0.62,0.0,74.3,2.75,5.09,2.24,2.33,0.1,1.12,6.7,3.61,14.39,4.35,0,0
3674,Eduardo Ribeiro,NGA,2026,GK,30,1996,197,85,Right,13.9,62,4,334,0.0,0.0,11.5,1.17,3.25,84.1,0.61,1.68,5.35,0.0,0.4,-0.61,0.0,0.0,0.0,1.05,0,0
3675,Rafael Lima,NGA,2026,CAM,29,1997,185,69,Right,60.6,67,5,471,0.72,0.75,0.0,0.52,0.0,82.5,3.44,6.84,1.86,1.91,-0.3,0.29,9.3,1.62,12.31,3.71,0,0
3676,Roberto Freitas,NGA,2026,CM,25,2001,183,80,Left,34.0,71,2,240,0.47,0.61,0.0,0.85,0.0,87.3,9.68,9.26,5.39,1.24,0.3,0.34,2.8,2.15,9.48,5.65,0,0
3677,Bruno Rodrigues,NGA,2026,GK,23,2003,185,78,Left,9.2,69,3,327,0.0,0.0,11.21,1.82,2.47,90.1,0.82,1.95,2.95,0.0,-0.2,-0.33,0.0,0.0,0.0,1.2,0,0
3678,Rafael Rocha,NGA,2026,CB,24,2002,193,72,Left,53.5,80,4,349,0.2,0.03,0.0,2.05,0.0,91.3,7.73,7.84,33.34,0.56,0.2,0.24,4.24,0.92,2.71,3.91,1,0
3679,Roberto Martins,NGA,2026,LW,19,2007,191,76,Right,53.9,82,3,307,0.72,0.79,0.0,0.59,0.0,78.1,3.41,3.59,1.48,1.1,0.4,0.6,10.13,4.34,5.94,5.31,0,0
3680,Ricardo Carvalho,NGA,2026,LW,19,2007,175,74,Right,38.1,86,4,393,0.58,0.9,0.0,0.55,0.0,78.7,1.66,6.05,2.37,1.9,-0.3,1.21,9.5,2.28,16.82,3.89,0,0
3681,Leonardo Cardoso,CIV,2026,GK,27,1999,194,89,Left,34.0,70,5,486,0.0,0.0,11.37,1.27,1.61,87.0,0.82,3.23,5.35,0.0,0.5,0.26,0.0,0.0,0.0,1.3,0,0
3682,Lucas Ferreira,CIV,2026,CB,19,2007,176,80,Right,126.9,99,4,348,0.13,0.12,0.0,3.57,0.0,83.1,10.42,7.1,38.88,0.59,-0.0,0.61,4.54,1.13,2.67,4.94,1,0
3683,Fernando Pereira,CIV,2026,LB,35,1991,187,84,Left,81.6,84,4,300,0.38,0.54,0.0,2.83,0.0,78.8,8.09,7.91,11.02,0.92,0.4,0.15,6.15,1.9,5.48,3.99,0,0
3684,Diego Santos,CIV,2026,RW,33,1993,190,69,Right,73.9,78,6,446,0.62,0.8,0.0,0.53,0.0,82.7,2.43,4.47,2.0,1.11,0.5,1.09,11.0,4.78,8.34,4.09,0,0
3685,Bruno Melo,CIV,2026,CAM,19,2007,183,84,Right,66.8,74,3,294,0.52,0.95,0.0,0.45,0.0,88.2,4.33,3.38,2.43,0.57,0.0,0.59,5.56,2.78,15.36,6.61,0,0
3686,Pedro Carvalho,CIV,2026,CM,29,1997,192,70,Right,60.3,68,4,306,0.47,0.68,0.0,1.07,0.0,79.0,11.69,11.9,4.84,1.06,-0.2,0.6,3.16,1.79,6.36,5.17,0,0
3687,Bruno Freitas,CIV,2026,CM,25,2001,176,74,Left,25.7,73,4,363,0.22,0.6,0.0,0.35,0.0,84.7,6.56,2.94,2.05,0.52,-0.1,0.92,5.3,2.14,7.94,4.69,1,0
3688,Bruno Freitas,CIV,2026,CB,36,1990,184,83,Left,31.0,99,3,268,0.11,0.06,0.0,3.22,0.0,90.3,8.88,12.41,10.72,0.54,-0.5,0.57,3.64,1.24,1.4,6.43,0,0
3689,Roberto Rocha,CIV,2026,RW,27,1999,188,85,Right,91.0,87,4,399,0.61,0.89,0.0,0.53,0.0,81.9,4.88,3.84,2.25,1.28,-0.4,0.98,9.51,3.65,18.53,7.49,0,0
3690,Alexandre Ribeiro,CIV,2026,RB,23,2003,192,85,Right,75.6,85,4,313,0.33,0.43,0.0,2.02,0.0,79.1,7.33,5.61,12.34,0.51,0.4,0.74,4.36,2.44,4.96,8.37,0,0
3691,Rafael Carvalho,CIV,2026,LW,21,2005,192,80,Right,97.2,90,4,348,0.82,0.8,0.0,0.31,0.0,78.2,2.44,0.11,2.27,1.88,-0.1,1.27,10.37,3.55,19.41,3.99,0,0
3692,Thiago Souza,CIV,2026,GK,21,2005,186,90,Left,39.5,75,6,464,0.0,0.0,18.9,1.9,3.03,84.6,0.63,1.9,5.67,0.0,0.5,-0.06,0.0,0.0,0.0,0.33,0,0
3693,Leonardo Freitas,CIV,2026,CB,31,1995,171,66,Both,36.7,71,5,429,0.1,0.11,0.0,1.83,0.0,90.5,15.31,9.85,27.78,0.32,0.0,-0.09,4.21,0.68,1.97,4.89,1,0
3694,Fernando Rodrigues,CIV,2026,CDM,25,2001,179,72,Right,28.3,72,7,604,0.24,0.43,0.0,0.67,0.0,88.3,13.53,8.99,6.55,0.67,0.2,0.07,1.68,0.87,4.1,7.97,1,0
3695,Carlos Cardoso,CIV,2026,CDM,29,1997,171,84,Right,51.4,87,5,428,0.28,0.33,0.0,1.44,0.0,86.9,13.42,12.33,6.32,0.85,-0.4,0.58,4.04,0.97,4.93,8.58,0,0
3696,Ricardo Cavalcanti,CIV,2026,ST,24,2002,191,66,Right,47.2,82,3,294,0.76,0.45,0.0,0.0,0.0,76.2,1.76,4.01,0.96,1.21,-0.3,0.66,9.54,5.01,6.48,5.81,0,0
3697,Roberto Santos,CIV,2026,ST,20,2006,191,66,Right,104.1,89,3,231,1.08,0.59,0.0,0.0,0.0,71.1,2.08,3.69,0.28,1.32,-0.1,1.52,14.7,4.42,7.89,2.73,0,0
3698,Fernando Araujo,CIV,2026,LB,33,1993,179,65,Right,91.6,99,4,339,0.27,0.58,0.0,2.86,0.0,87.0,7.55,7.86,9.1,0.93,-0.0,0.88,1.91,2.17,4.91,4.61,0,0
3699,Rafael Rocha,CIV,2026,CM,30,1996,170,80,Right,27.7,78,2,193,0.33,0.61,0.0,1.09,0.0,89.0,11.04,7.66,8.41,1.06,-0.1,0.14,7.49,3.16,7.75,6.31,0,0
3700,Fernando Melo,CIV,2026,LW,27,1999,189,69,Right,141.1,78,6,531,0.9,1.2,0.0,0.6,0.0,73.8,2.33,3.99,2.56,1.83,-0.5,1.2,14.06,3.97,14.5,4.64,0,0
3701,Carlos Nascimento,CIV,2026,RB,34,1992,176,68,Left,71.8,89,3,278,0.16,0.54,0.0,2.18,0.0,84.7,13.46,12.87,10.42,0.24,-0.5,0.26,5.73,2.14,2.75,2.6,0,0
3702,Joao Nascimento,CIV,2026,GK,34,1992,188,77,Right,16.6,79,5,449,0.0,0.0,9.98,2.51,1.26,88.7,1.32,3.49,8.02,0.0,0.6,-0.12,0.0,0.0,0.0,1.54,0,0
3703,Paulo Lima,CIV,2026,CB,31,1995,187,81,Left,21.9,77,4,384,0.15,0.05,0.0,2.7,0.0,90.8,8.52,14.2,19.91,0.5,-0.3,0.04,4.11,1.5,2.24,6.71,1,0
3704,Vinicius Freitas,MLI,2026,GK,26,2000,196,87,Right,60.7,83,4,381,0.0,0.0,20.42,1.65,3.51,85.7,0.74,1.85,7.87,0.0,0.4,0.7,0.0,0.0,0.0,1.25,0,0
3705,Marcelo Mendes,MLI,2026,CM,32,1994,192,86,Left,20.6,72,5,421,0.41,0.55,0.0,0.87,0.0,86.1,10.55,8.21,5.06,1.1,-0.3,0.3,5.07,2.31,9.37,5.3,0,0
3706,Gabriel Pereira,MLI,2026,RB,24,2002,188,85,Right,57.3,83,5,439,0.27,0.64,0.0,1.38,0.0,80.8,8.08,7.09,8.15,0.59,-0.1,0.22,5.85,1.24,9.22,9.08,0,0
3707,Joao Carvalho,MLI,2026,CB,35,1991,190,80,Right,26.2,79,4,412,0.02,0.05,0.0,1.51,0.0,92.5,12.85,11.89,17.66,0.3,0.1,0.17,4.84,1.1,1.98,3.12,1,0
3708,Heitor Martins,MLI,2026,RW,25,2001,175,85,Right,55.6,83,5,472,0.83,0.78,0.0,0.7,0.0,79.7,3.84,2.42,1.69,1.65,-0.3,0.84,8.8,4.1,11.41,6.8,0,0
3709,Bruno Ribeiro,MLI,2026,ST,35,1991,177,77,Right,31.2,73,4,294,0.69,0.53,0.0,0.0,0.0,68.9,1.68,2.71,1.42,0.47,0.0,1.67,17.32,4.27,9.84,5.3,0,0
3710,Gabriel Araujo,MLI,2026,GK,19,2007,193,80,Right,54.0,85,1,140,0.0,0.0,9.91,2.47,2.84,86.4,1.11,2.36,6.76,0.0,0.1,0.18,0.0,0.0,0.0,0.93,0,0
3711,Andre Oliveira,MLI,2026,ST,34,1992,176,69,Right,125.2,85,4,364,1.74,0.38,0.0,0.0,0.0,75.2,2.77,3.51,1.34,0.85,-0.4,1.55,2.51,3.5,10.15,7.47,0,0
3712,Bruno Monteiro,MLI,2026,CDM,36,1990,180,74,Right,27.0,76,4,401,0.23,0.32,0.0,1.25,0.0,89.0,8.32,4.92,11.45,0.32,0.3,0.8,3.63,0.7,3.96,10.32,0,0
3713,Thiago Pereira,MLI,2026,CM,28,1998,179,84,Left,60.8,73,3,225,0.62,0.64,0.0,1.04,0.0,84.2,8.62,6.48,4.52,0.85,0.5,0.48,4.98,1.32,4.9,5.58,0,0
3714,Joao Souza,MLI,2026,LW,24,2002,182,66,Both,76.0,77,3,291,0.79,0.9,0.0,0.53,0.0,74.8,3.12,1.04,1.03,1.41,0.6,1.07,7.72,5.69,6.9,6.5,0,0
3715,Rafael Araujo,MLI,2026,RW,33,1993,190,86,Right,43.8,68,0,65,0.28,0.87,0.0,0.44,0.0,74.5,3.9,3.39,1.67,1.37,0.3,0.42,13.37,4.02,8.7,4.77,0,0
3716,Felipe Cavalcanti,MLI,2026,CDM,23,2003,192,70,Right,12.6,70,2,172,0.19,0.41,0.0,1.15,0.0,86.3,15.5,8.73,8.38,0.28,-0.1,0.3,4.48,0.72,3.63,5.88,1,0
3717,Roberto Cardoso,MLI,2026,GK,31,1995,193,94,Both,46.6,85,4,425,0.0,0.0,23.41,2.6,1.08,83.8,0.79,2.05,5.23,0.0,0.6,0.13,0.0,0.0,0.0,1.51,0,0
3718,Fernando Monteiro,MLI,2026,LB,33,1993,174,75,Right,32.0,88,4,372,0.32,0.25,0.0,2.58,0.0,85.2,6.36,7.44,12.51,0.42,0.0,-0.23,5.77,2.22,6.92,4.31,1,0
3719,Felipe Melo,MLI,2026,LB,21,2005,186,69,Left,66.4,82,3,256,0.33,0.79,0.0,2.07,0.0,85.2,10.53,2.11,7.4,0.93,0.4,0.06,4.42,1.47,6.23,10.8,0,0
3720,Rafael Costa,MLI,2026,CM,19,2007,176,79,Left,14.3,73,4,384,0.45,0.62,0.0,1.12,0.0,90.0,7.73,7.09,6.29,0.8,0.1,0.89,9.47,1.86,1.78,5.3,0,0
3721,Joao Rocha,MLI,2026,CB,25,2001,174,72,Right,48.6,93,4,335,0.21,0.09,0.0,2.77,0.0,84.6,8.44,8.84,27.07,0.53,-0.1,0.18,3.81,0.91,2.9,4.91,0,0
3722,Fernando Ferreira,MLI,2026,RB,30,1996,179,87,Both,27.5,73,3,274,0.18,0.6,0.0,1.74,0.0,81.1,6.06,9.07,16.31,1.12,0.6,0.65,5.5,1.59,5.92,4.58,0,0
3723,Ricardo Araujo,MLI,2026,CB,36,1990,187,83,Both,19.9,77,4,304,0.11,0.12,0.0,1.2,0.0,88.4,10.72,7.38,23.73,0.53,-0.4,0.38,5.61,1.33,1.06,4.71,0,0
3724,Rafael Dias,MLI,2026,LW,24,2002,188,69,Both,52.9,76,5,439,0.48,0.88,0.0,0.65,0.0,76.6,2.88,5.07,1.65,0.89,0.0,0.93,9.17,4.13,5.24,2.86,0,0
3725,Diego Ferreira,MLI,2026,CB,23,2003,184,81,Right,20.6,86,4,420,0.2,0.05,0.0,2.47,0.0,91.9,8.27,9.93,25.89,0.69,0.3,-0.05,5.02,1.17,2.92,7.15,1,0
3726,Andre Freitas,MLI,2026,CAM,37,1989,183,79,Right,32.4,82,3,295,0.58,1.67,0.0,0.72,0.0,85.3,3.45,5.72,2.24,1.4,0.1,0.84,9.33,3.97,11.77,2.17,0,0
3727,Carlos Nascimento,BFA,2026,CB,21,2005,181,88,Left,58.2,82,5,397,0.2,0.06,0.0,2.35,0.0,91.7,9.05,6.74,27.82,0.68,0.2,-0.17,2.36,0.83,1.36,5.55,1,0
3728,Alexandre Souza,BFA,2026,ST,20,2006,176,67,Right,40.6,87,3,327,2.17,0.49,0.0,0.0,0.0,70.7,1.79,2.02,1.51,1.3,-0.2,1.14,4.2,2.51,9.07,7.95,0,0
3729,Ricardo Costa,BFA,2026,CDM,34,1992,193,74,Right,15.2,73,2,193,0.1,0.38,0.0,1.64,0.0,90.5,10.4,14.6,9.08,0.74,0.0,-0.3,5.17,0.87,4.42,9.3,1,0
3730,Alexandre Nascimento,BFA,2026,ST,33,1993,180,66,Right,59.8,82,4,387,0.86,0.35,0.0,0.0,0.0,69.6,2.54,2.37,1.4,0.91,-0.2,1.46,11.95,2.18,5.69,5.87,0,0
3731,Gabriel Oliveira,BFA,2026,GK,34,1992,198,75,Both,22.8,75,3,298,0.0,0.0,10.7,2.43,3.12,82.2,0.46,1.53,3.46,0.0,0.5,0.12,0.0,0.0,0.0,1.1,0,0
3732,Pedro Gomes,BFA,2026,CM,27,1999,174,79,Right,41.4,65,1,147,0.36,0.68,0.0,1.09,0.0,86.1,9.02,6.06,5.66,1.02,-0.2,0.4,8.57,2.4,7.86,7.06,1,0
3733,Gustavo Oliveira,BFA,2026,RW,24,2002,191,74,Right,21.5,78,4,395,0.45,0.89,0.0,0.68,0.0,77.7,2.87,4.75,2.02,1.23,-0.6,1.23,4.35,3.53,8.68,7.03,0,0
3734,Matheus Cardoso,BFA,2026,CM,35,1991,183,80,Right,35.9,79,1,163,0.59,0.72,0.0,0.84,0.0,85.7,5.28,7.55,3.51,0.56,0.0,0.63,9.07,1.3,10.21,7.17,0,0
3735,Rodrigo Costa,BFA,2026,RW,24,2002,184,83,Left,32.3,73,4,392,0.57,0.77,0.0,0.57,0.0,77.6,2.64,3.41,2.56,1.75,-0.1,1.21,5.48,4.65,20.47,4.93,0,0
3736,Andre Dias,BFA,2026,CB,20,2006,173,65,Right,32.6,93,0,31,0.21,0.06,0.0,2.48,0.0,90.4,11.21,12.41,24.65,0.47,-0.1,0.89,6.03,0.96,1.84,5.78,0,0
3737,Fernando Oliveira,BFA,2026,LW,31,1995,170,85,Both,75.8,84,4,340,0.95,1.08,0.0,0.42,0.0,73.7,2.63,3.35,2.43,2.0,0.5,0.92,14.91,2.52,10.34,6.9,0,0
3738,Fernando Melo,BFA,2026,RB,24,2002,172,80,Both,62.5,94,4,390,0.21,0.54,0.0,2.39,0.0,87.3,8.63,5.18,10.86,1.01,-0.7,0.37,4.99,2.05,5.59,5.6,1,0
3739,Heitor Cardoso,BFA,2026,CB,35,1991,181,76,Right,46.7,95,2,174,0.23,0.09,0.0,2.81,0.0,95.8,9.52,12.46,31.72,0.38,0.5,0.78,4.4,1.2,1.88,7.48,1,0
3740,Pedro Oliveira,BFA,2026,CAM,34,1992,182,89,Left,42.3,97,3,305,0.51,1.19,0.0,0.68,0.0,81.7,4.03,4.6,2.38,1.19,0.7,1.15,10.3,1.87,15.47,5.14,0,0
3741,Rodrigo Cavalcanti,BFA,2026,GK,32,1994,190,93,Right,32.2,70,2,203,0.0,0.0,14.93,2.18,2.39,85.2,0.54,1.27,5.43,0.0,0.2,-0.69,0.0,0.0,0.0,1.2,0,0
3742,Arthur Pereira,BFA,2026,CB,36,1990,177,69,Left,39.1,89,2,203,0.2,0.05,0.0,1.92,0.0,90.4,13.2,6.78,23.19,0.29,-0.3,0.52,4.55,1.01,2.64,4.06,1,0
3743,Gabriel Almeida,BFA,2026,CM,23,2003,186,84,Right,27.7,66,5,448,0.54,0.44,0.0,0.56,0.0,88.8,8.71,9.92,4.53,0.68,0.2,0.7,7.18,2.15,6.08,4.99,0,0
3744,Fernando Oliveira,BFA,2026,RB,34,1992,187,73,Left,50.0,82,3,274,0.34,0.48,0.0,1.73,0.0,81.5,13.77,8.6,8.92,0.35,-0.1,-0.06,9.76,2.66,5.42,6.35,0,0
3745,Carlos Oliveira,BFA,2026,LB,31,1995,181,72,Right,69.8,81,4,392,0.25,0.67,0.0,1.75,0.0,82.1,10.21,11.37,11.57,0.86,0.3,0.31,2.85,3.15,7.37,2.61,0,0
3746,Diego Melo,BFA,2026,LB,31,1995,182,66,Right,27.3,94,2,249,0.31,0.41,0.0,2.94,0.0,84.0,8.51,6.58,10.21,0.59,0.2,0.17,3.78,2.8,6.83,3.8,1,0
3747,Eduardo Pereira,BFA,2026,GK,36,1990,198,88,Both,25.0,74,2,203,0.0,0.0,15.2,1.39,2.02,88.2,0.96,1.29,5.09,0.0,0.5,0.35,0.0,0.0,0.0,1.01,0,0
3748,Bruno Nascimento,BFA,2026,CDM,21,2005,179,67,Right,10.5,72,3,290,0.1,0.16,0.0,1.08,0.0,86.8,15.78,11.75,9.5,0.36,0.4,0.05,7.08,1.16,1.86,6.9,1,0
3749,Lucas Barbosa,BFA,2026,LW,19,2007,194,86,Right,40.0,81,3,271,0.8,0.51,0.0,0.49,0.0,74.1,4.44,6.47,2.96,2.0,0.2,0.58,8.78,5.38,10.3,4.53,0,0
3750,Bruno Cavalcanti,DRC,2026,GK,22,2004,196,80,Right,31.1,85,4,365,0.0,0.0,17.68,2.32,2.65,83.4,1.55,1.88,6.47,0.0,0.3,-0.16,0.0,0.0,0.0,1.05,0,0
3751,Felipe Nascimento,DRC,2026,LW,26,2000,173,75,Right,78.5,74,2,239,0.73,0.85,0.0,0.42,0.0,84.1,1.76,5.23,1.97,0.93,0.0,0.86,10.89,4.78,12.45,5.0,0,0
3752,Rodrigo Silva,DRC,2026,RW,21,2005,177,81,Right,18.3,79,4,394,0.74,0.41,0.0,0.59,0.0,82.8,3.73,5.6,1.67,1.58,-0.2,1.03,9.65,4.86,15.65,4.74,0,0
3753,Marcelo Pereira,DRC,2026,CDM,21,2005,185,71,Left,35.6,71,3,312,0.16,0.4,0.0,1.02,0.0,90.3,15.04,9.41,3.43,0.55,-0.6,0.1,3.59,0.72,2.13,8.49,1,0
3754,Ricardo Nascimento,DRC,2026,CB,34,1992,185,87,Left,32.5,77,5,453,0.22,0.07,0.0,2.13,0.0,85.3,3.31,6.05,16.88,0.47,-0.0,0.14,6.21,0.0,3.16,7.34,0,0
3755,Diego Carvalho,DRC,2026,RB,20,2006,189,81,Right,32.5,83,2,230,0.31,0.53,0.0,1.88,0.0,81.5,10.27,9.58,10.81,0.6,-0.1,0.18,6.09,3.01,6.87,6.27,0,0
3756,Lucas Ribeiro,DRC,2026,LB,30,1996,186,88,Right,64.6,97,5,426,0.27,0.73,0.0,2.0,0.0,89.2,20.13,8.75,10.87,0.62,0.1,0.57,4.87,0.8,5.19,5.01,0,0
3757,Roberto Silva,DRC,2026,CB,21,2005,185,88,Right,39.9,72,3,299,0.16,0.1,0.0,1.33,0.0,88.1,9.48,11.01,23.8,0.48,0.1,0.43,3.67,1.01,1.24,4.82,0,0
3758,Fernando Monteiro,DRC,2026,CM,19,2007,176,69,Right,48.7,70,5,391,0.6,0.69,0.0,1.17,0.0,87.7,6.68,8.26,5.77,0.82,0.2,0.29,6.77,2.41,7.42,9.46,0,0
3759,Rafael Carvalho,DRC,2026,GK,37,1989,192,93,Right,53.4,92,3,336,0.0,0.0,17.82,2.95,3.74,83.7,0.86,2.1,5.64,0.0,0.5,0.12,0.0,0.0,0.0,1.28,0,0
3760,Diego Cavalcanti,DRC,2026,CB,19,2007,191,85,Right,44.3,74,2,178,0.27,0.09,0.0,1.93,0.0,87.6,8.38,13.14,30.8,0.46,0.1,-0.1,4.33,0.43,2.99,8.34,1,0
3761,Gabriel Cavalcanti,DRC,2026,CB,32,1994,179,84,Right,24.9,81,1,136,0.24,0.09,0.0,2.05,0.0,94.8,8.54,8.09,23.52,0.72,-0.0,0.12,2.88,1.23,2.23,7.92,1,0
3762,Leonardo Monteiro,DRC,2026,ST,25,2001,173,85,Right,87.6,89,6,515,1.23,0.34,0.0,0.0,0.0,77.4,1.91,4.19,1.05,1.19,-0.6,1.86,12.96,5.41,14.11,2.29,0,0
3763,Andre Costa,DRC,2026,ST,37,1989,181,80,Right,30.9,81,3,348,0.79,0.48,0.0,0.0,0.0,68.4,1.14,1.35,1.21,0.27,-0.2,1.54,9.97,3.63,7.3,9.5,0,0
3764,Roberto Santos,DRC,2026,CDM,22,2004,190,83,Right,39.6,71,4,366,0.28,0.23,0.0,0.78,0.0,87.2,14.98,14.62,3.73,0.53,-0.0,0.05,4.36,0.98,2.45,8.49,1,0
3765,Thiago Monteiro,DRC,2026,RB,33,1993,175,78,Right,32.8,82,6,573,0.32,0.51,0.0,1.47,0.0,78.8,13.58,12.57,14.89,0.79,-0.2,0.63,4.93,2.03,7.13,3.37,0,0
3766,Leonardo Barbosa,DRC,2026,CAM,32,1994,181,66,Left,17.6,80,4,382,0.73,0.79,0.0,0.39,0.0,76.0,4.14,3.96,1.49,1.23,-0.1,0.79,7.25,0.99,11.17,3.1,0,0
3767,Bruno Melo,DRC,2026,CM,33,1993,192,83,Both,46.0,70,4,340,0.37,0.65,0.0,0.83,0.0,90.5,6.48,10.08,4.3,1.31,0.2,1.05,5.86,0.89,5.47,6.6,0,0
3768,Vinicius Gomes,DRC,2026,CM,35,1991,182,70,Right,19.2,69,5,466,0.47,0.34,0.0,1.07,0.0,87.3,8.84,3.13,4.03,0.75,0.1,-0.07,1.97,1.43,5.6,7.51,0,0
3769,Joao Araujo,DRC,2026,LB,36,1990,187,68,Left,62.8,83,4,308,0.37,0.86,0.0,1.99,0.0,86.1,10.16,12.92,11.63,1.02,-0.1,0.37,5.26,2.01,5.36,4.33,0,0
3770,Paulo Gomes,DRC,2026,GK,23,2003,198,89,Right,19.6,78,3,297,0.0,0.0,25.1,2.68,1.94,81.0,0.84,2.14,5.02,0.0,0.4,-0.35,0.0,0.0,0.0,0.61,0,0
3771,Paulo Monteiro,DRC,2026,RW,24,2002,191,78,Both,64.2,83,4,359,0.46,0.88,0.0,0.19,0.0,79.2,3.18,4.17,2.29,1.33,0.3,0.6,9.81,3.99,17.72,7.19,0,0
3772,Gabriel Mendes,DRC,2026,LW,28,1998,177,65,Right,94.3,84,7,672,0.87,1.32,0.0,0.61,0.0,81.0,3.32,4.08,2.4,1.1,-0.3,0.49,9.88,4.07,14.97,5.53,0,0
3773,Gabriel Monteiro,ZAM,2026,CAM,31,1995,191,68,Left,86.0,78,2,213,0.56,0.74,0.0,0.53,0.0,83.5,4.52,4.67,2.6,1.05,0.3,1.19,11.0,2.79,9.03,2.3,0,0
3774,Andre Nascimento,ZAM,2026,GK,28,1998,191,79,Right,22.1,76,4,388,0.0,0.0,7.98,2.3,3.18,86.3,0.78,1.83,7.0,0.0,0.4,0.08,0.0,0.0,0.0,1.03,0,0
3775,Paulo Freitas,ZAM,2026,LB,37,1989,170,74,Right,66.9,85,3,302,0.21,0.47,0.0,2.75,0.0,82.1,8.82,9.23,9.63,0.54,0.0,0.1,3.36,1.71,4.43,3.04,1,0
3776,Heitor Santos,ZAM,2026,RW,34,1992,178,73,Right,21.7,73,5,466,0.6,0.78,0.0,0.47,0.0,76.8,2.01,4.59,2.84,2.36,-0.1,0.34,7.46,3.77,6.23,7.28,0,0
3777,Joao Araujo,ZAM,2026,ST,21,2005,192,74,Right,100.0,87,2,230,1.17,0.32,0.0,0.0,0.0,75.0,1.1,2.03,1.07,0.67,0.2,2.18,7.92,4.99,9.37,7.7,0,0
3778,Lucas Ribeiro,ZAM,2026,CB,23,2003,182,79,Right,31.9,76,2,162,0.22,0.08,0.0,1.89,0.0,89.7,8.12,8.3,33.02,0.63,-0.2,-0.18,2.4,1.38,2.92,7.72,0,0
3779,Leonardo Freitas,ZAM,2026,CM,27,1999,173,77,Left,42.6,65,2,200,0.38,0.47,0.0,0.87,0.0,86.6,5.87,6.68,4.59,0.42,0.2,0.22,6.16,2.32,8.03,6.18,1,0
3780,Lucas Lima,ZAM,2026,CB,33,1993,182,83,Right,34.6,89,4,358,0.17,0.13,0.0,3.02,0.0,81.6,7.15,13.94,27.18,0.29,-0.3,0.61,3.86,1.03,2.18,5.58,0,0
3781,Rodrigo Melo,ZAM,2026,CM,37,1989,180,79,Right,45.7,80,4,382,0.33,1.04,0.0,0.99,0.0,84.9,11.28,7.59,5.65,0.89,0.1,0.7,3.85,2.07,6.23,2.87,0,0
3782,Alexandre Gomes,ZAM,2026,LB,32,1994,173,75,Left,20.8,74,4,326,0.24,0.52,0.0,0.99,0.0,82.9,7.16,6.0,9.77,1.03,0.0,-0.0,5.52,2.13,4.85,4.36,0,0
3783,Bruno Gomes,ZAM,2026,LW,37,1989,170,86,Right,63.7,67,2,171,0.87,0.62,0.0,0.54,0.0,77.9,4.91,3.35,1.82,0.98,0.1,0.93,7.26,3.57,11.19,9.13,0,0
3784,Rafael Rocha,ZAM,2026,GK,19,2007,196,82,Both,49.1,91,4,324,0.0,0.0,5.18,3.52,3.27,84.6,0.7,0.77,2.7,0.0,0.6,0.15,0.0,0.0,0.0,1.52,0,0
3785,Leonardo Mendes,ZAM,2026,RB,25,2001,180,78,Right,15.0,99,4,376,0.39,0.4,0.0,2.04,0.0,82.8,8.26,9.41,13.26,1.09,-0.2,0.14,4.45,1.99,5.25,4.76,0,0
3786,Rodrigo Pereira,ZAM,2026,LW,29,1997,170,77,Right,38.0,84,2,168,0.79,0.49,0.0,0.28,0.0,74.5,4.4,1.99,1.41,1.37,0.4,0.86,8.96,4.26,21.59,3.14,0,0
3787,Leonardo Rocha,ZAM,2026,CB,20,2006,190,81,Left,19.4,66,5,448,0.13,0.12,0.0,0.97,0.0,89.4,10.41,8.85,8.02,0.53,0.4,-0.0,3.26,0.84,1.47,6.6,0,0
3788,Gustavo Monteiro,ZAM,2026,CB,21,2005,187,71,Left,41.6,81,4,311,0.24,0.12,0.0,2.76,0.0,89.3,8.06,12.86,31.29,0.46,-0.2,0.0,5.99,1.18,2.36,3.08,0,0
3789,Pedro Rocha,ZAM,2026,CM,36,1990,181,68,Right,19.4,71,4,345,0.45,0.47,0.0,0.57,0.0,87.2,9.35,7.54,3.72,0.48,0.1,0.55,7.99,0.93,8.8,4.38,1,0
3790,Pedro Ribeiro,ZAM,2026,CDM,31,1995,173,75,Left,71.5,82,3,246,0.18,0.19,0.0,1.23,0.0,88.7,16.11,12.83,9.76,0.31,0.1,0.84,4.33,0.64,1.72,2.14,1,0
3791,Rodrigo Melo,ZAM,2026,CDM,33,1993,187,86,Right,32.3,79,3,328,0.23,0.24,0.0,1.04,0.0,94.5,14.23,16.26,10.12,0.67,-0.2,0.21,4.01,1.2,5.1,5.66,1,0
3792,Arthur Dias,ZAM,2026,RB,22,2004,173,81,Right,24.0,89,5,472,0.29,0.7,0.0,1.76,0.0,81.4,5.62,7.98,9.91,0.14,0.2,0.47,6.48,2.17,4.3,4.27,0,0
3793,Bruno Martins,ZAM,2026,ST,19,2007,175,78,Right,47.0,84,4,360,1.24,0.37,0.0,0.0,0.0,74.7,1.45,3.04,0.69,0.9,0.2,1.32,14.86,6.2,8.25,7.78,0,0
3794,Rafael Oliveira,ZAM,2026,GK,27,1999,184,86,Right,39.6,69,3,267,0.0,0.0,20.37,1.9,2.52,86.5,0.97,1.7,4.54,0.0,0.3,-0.33,0.0,0.0,0.0,1.0,0,0
3795,Arthur Mendes,ZAM,2026,RW,36,1990,187,83,Right,29.9,73,3,305,0.72,0.84,0.0,0.41,0.0,78.9,2.42,4.61,2.83,2.52,0.6,0.07,8.48,4.3,17.34,7.09,0,0
3796,Leonardo Costa,CPV,2026,GK,23,2003,185,89,Right,20.9,76,2,237,0.0,0.0,15.16,1.97,3.27,85.1,0.56,3.55,1.97,0.0,0.7,-0.32,0.0,0.0,0.0,1.01,0,0
3797,Gabriel Nascimento,CPV,2026,CAM,21,2005,192,86,Right,71.4,85,3,283,0.75,1.06,0.0,0.56,0.0,86.5,4.45,6.67,1.26,1.56,-0.1,1.09,11.15,2.01,12.84,5.81,0,0
3798,Joao Rocha,CPV,2026,CB,20,2006,194,78,Left,41.7,81,3,248,0.17,0.08,0.0,2.3,0.0,84.3,10.34,9.8,26.13,0.19,-0.1,0.35,2.96,1.05,1.67,0.99,1,0
3799,Bruno Silva,CPV,2026,GK,27,1999,190,77,Left,74.5,83,3,266,0.0,0.0,7.49,3.22,2.62,77.9,0.84,2.09,4.08,0.0,0.2,0.29,0.0,0.0,0.0,0.81,0,0
3800,Rafael Cardoso,CPV,2026,CDM,19,2007,182,69,Left,31.1,80,2,262,0.28,0.47,0.0,0.73,0.0,91.2,12.76,15.13,5.82,0.33,0.0,0.37,3.32,0.84,4.75,10.22,1,0
3801,Roberto Nascimento,CPV,2026,CDM,37,1989,184,83,Left,26.0,73,3,231,0.13,0.31,0.0,0.47,0.0,83.2,11.75,11.26,10.54,0.53,0.4,0.18,4.22,0.89,4.01,9.04,0,0
3802,Diego Freitas,CPV,2026,CB,23,2003,180,76,Right,34.4,77,3,301,0.21,0.0,0.0,2.64,0.0,89.6,5.64,4.2,19.43,0.51,-0.1,0.37,7.22,0.97,1.64,5.68,0,0
3803,Fernando Nascimento,CPV,2026,ST,23,2003,171,71,Left,91.3,75,4,340,0.32,0.4,0.0,0.0,0.0,68.2,1.83,2.63,0.91,0.82,-0.6,1.61,16.2,6.11,9.0,6.03,0,0
3804,Lucas Martins,CPV,2026,LB,28,1998,178,72,Left,41.4,73,3,257,0.39,0.52,0.0,0.32,0.0,82.9,7.88,10.42,10.44,1.1,-0.2,0.36,6.17,2.91,7.34,4.46,0,0
3805,Felipe Almeida,CPV,2026,CB,29,1997,193,75,Both,52.8,86,4,314,0.21,0.1,0.0,2.07,0.0,89.3,4.47,11.0,16.08,0.38,-0.4,0.36,2.74,0.93,2.98,6.27,0,0
3806,Lucas Barbosa,CPV,2026,GK,37,1989,189,77,Left,7.4,72,5,493,0.0,0.0,9.34,0.94,1.44,89.7,0.8,1.77,4.07,0.0,0.7,0.51,0.0,0.0,0.0,1.52,0,0
3807,Matheus Gomes,CPV,2026,CM,20,2006,192,89,Right,5.4,70,5,532,0.11,0.47,0.0,1.01,0.0,89.9,4.95,5.82,4.65,1.11,0.3,0.05,5.06,1.72,4.84,6.01,0,0
3808,Diego Rocha,CPV,2026,LW,36,1990,180,83,Right,16.1,68,3,302,0.19,0.71,0.0,0.48,0.0,75.8,2.89,2.7,2.35,1.68,-0.1,0.56,11.79,3.09,16.74,3.9,0,0
3809,Lucas Carvalho,CPV,2026,RB,20,2006,194,67,Right,26.0,92,3,303,0.28,0.66,0.0,2.59,0.0,82.9,10.28,4.54,14.81,0.92,0.2,0.57,3.85,1.97,8.28,3.69,0,0
3810,Rodrigo Ferreira,CPV,2026,CM,35,1991,172,86,Both,37.1,69,5,366,0.48,0.71,0.0,1.24,0.0,89.7,7.71,7.71,4.57,0.79,-0.2,0.64,9.07,1.3,5.45,6.89,0,0
3811,Fernando Rocha,CPV,2026,RW,33,1993,189,77,Right,21.7,88,3,275,0.94,0.45,0.0,0.82,0.0,74.7,3.27,5.05,2.2,0.87,0.5,0.48,9.96,4.06,15.24,5.41,0,0
3812,Alexandre Pereira,CPV,2026,LB,24,2002,182,73,Left,47.3,87,6,482,0.38,0.54,0.0,1.49,0.0,82.0,11.87,11.48,8.6,0.37,0.2,0.67,7.41,2.02,3.5,5.12,0,0
3813,Bruno Araujo,CPV,2026,CM,35,1991,192,80,Right,12.2,70,6,527,0.32,0.31,0.0,0.82,0.0,83.6,6.84,6.24,3.48,0.79,-0.6,0.93,5.43,1.38,3.29,6.62,1,0
3814,Gustavo Lima,CPV,2026,ST,28,1998,191,86,Right,115.2,83,3,284,1.02,0.36,0.0,0.0,0.0,75.8,1.99,3.45,0.74,1.33,0.2,2.01,13.91,2.34,9.48,5.28,0,0
3815,Pedro Silva,CPV,2026,CB,36,1990,177,83,Left,33.4,70,4,394,0.14,0.13,0.0,0.69,0.0,88.8,10.37,14.53,22.43,0.43,0.5,0.57,5.2,0.72,2.39,6.65,0,0
3816,Carlos Souza,CPV,2026,LW,36,1990,171,85,Right,84.4,81,2,160,0.87,0.8,0.0,0.27,0.0,82.0,2.02,4.48,2.01,0.82,0.0,1.11,14.54,5.17,21.74,6.76,0,0
3817,Rafael Santos,CPV,2026,RB,27,1999,188,89,Left,75.2,83,6,454,0.26,0.51,0.0,1.98,0.0,79.5,10.86,7.48,14.04,0.95,-0.3,0.24,7.97,2.39,6.21,7.01,1,0
3818,Pedro Barbosa,CPV,2026,RW,29,1997,193,75,Right,42.7,78,5,427,0.68,0.45,0.0,0.57,0.0,71.2,2.11,3.08,1.84,1.71,-0.1,0.89,14.26,4.04,14.57,0.72,0,0
3819,Paulo Rocha,NZL,2026,CM,35,1991,184,68,Right,17.9,76,4,334,0.27,0.5,0.0,1.32,0.0,86.2,10.89,6.97,7.5,0.68,-0.0,0.58,5.42,1.77,9.71,6.86,0,0
3820,Paulo Costa,NZL,2026,CDM,27,1999,174,85,Right,56.8,78,5,447,0.14,0.42,0.0,0.8,0.0,86.4,15.13,10.65,6.54,0.5,-0.1,0.33,3.82,0.98,4.07,5.82,0,0
3821,Fernando Rocha,NZL,2026,LB,22,2004,182,66,Right,59.2,90,2,215,0.2,0.48,0.0,1.81,0.0,82.7,6.94,6.49,9.45,0.48,0.4,0.47,3.51,1.68,2.62,3.7,1,0
3822,Fernando Costa,NZL,2026,CAM,22,2004,181,81,Right,16.7,72,3,282,0.78,0.79,0.0,0.42,0.0,88.8,3.99,4.08,2.27,1.01,0.2,0.41,6.44,2.01,9.27,3.15,0,0
3823,Matheus Martins,NZL,2026,CM,23,2003,192,66,Left,11.4,61,5,389,0.42,0.51,0.0,1.12,0.0,85.1,7.56,6.16,3.81,0.64,-0.1,0.09,3.39,3.14,6.99,7.3,0,0
3824,Carlos Almeida,NZL,2026,RW,30,1996,184,74,Right,70.3,80,4,410,0.73,0.78,0.0,0.42,0.0,77.5,3.65,3.47,0.68,1.97,-0.3,0.78,9.9,3.51,17.9,5.49,0,0
3825,Lucas Pereira,NZL,2026,RW,19,2007,180,81,Left,83.3,73,3,295,1.02,0.78,0.0,0.57,0.0,79.4,1.65,4.08,2.24,1.04,-0.1,0.79,9.44,4.03,16.23,5.18,0,0
3826,Ricardo Cardoso,NZL,2026,LB,35,1991,176,78,Left,23.7,81,4,440,0.36,0.55,0.0,1.61,0.0,81.7,10.42,10.82,11.99,0.67,0.2,0.25,4.52,1.63,6.14,3.54,0,0
3827,Matheus Rodrigues,NZL,2026,CB,33,1993,178,83,Right,24.1,89,3,248,0.22,0.12,0.0,2.31,0.0,85.3,5.33,8.9,21.18,0.47,0.2,0.53,5.44,0.83,1.09,5.12,1,0
3828,Ricardo Ferreira,NZL,2026,GK,21,2005,187,83,Left,21.1,79,3,331,0.0,0.0,7.84,2.15,3.03,84.9,0.13,1.27,5.67,0.0,0.6,0.19,0.0,0.0,0.0,1.2,0,0
3829,Fernando Souza,NZL,2026,ST,36,1990,180,68,Left,72.7,79,2,228,1.06,0.28,0.0,0.0,0.0,68.1,0.93,3.1,1.48,0.83,0.0,1.35,8.63,4.87,9.55,4.71,0,0
3830,Rafael Souza,NZL,2026,CM,34,1992,193,83,Right,51.3,78,5,452,0.56,0.78,0.0,1.11,0.0,88.0,8.69,4.08,7.5,0.77,0.2,0.74,3.69,2.13,7.23,6.37,0,0
3831,Arthur Oliveira,NZL,2026,CB,24,2002,187,89,Right,30.3,69,3,289,0.05,0.09,0.0,1.01,0.0,91.8,1.75,15.24,23.65,0.4,-0.3,0.45,5.33,1.18,3.75,6.6,0,0
3832,Pedro Nascimento,NZL,2026,ST,26,2000,178,72,Right,131.8,90,3,256,1.44,0.41,0.0,0.0,0.0,64.7,1.71,2.53,1.6,0.53,-0.2,1.54,9.2,4.5,6.36,7.3,0,0
3833,Ricardo Melo,NZL,2026,GK,20,2006,187,94,Right,30.5,76,4,384,0.0,0.0,16.51,1.69,2.51,83.0,1.07,1.95,4.69,0.0,0.6,-0.27,0.0,0.0,0.0,1.13,0,0
3834,Alexandre Martins,NZL,2026,CB,20,2006,172,67,Both,21.7,73,1,164,0.18,0.05,0.0,0.77,0.0,88.0,5.48,15.07,26.2,0.48,0.1,0.23,6.65,1.63,1.42,4.92,0,0
3835,Eduardo Martins,NZL,2026,GK,25,2001,189,78,Right,36.4,83,6,499,0.0,0.0,15.16,2.71,4.24,84.0,1.12,2.42,4.22,0.0,0.6,-0.22,0.0,0.0,0.0,1.29,0,0
3836,Lucas Oliveira,NZL,2026,CDM,36,1990,186,75,Right,29.6,80,5,523,0.25,0.43,0.0,0.43,0.0,89.6,13.33,14.47,5.42,0.42,0.1,0.53,5.05,1.29,2.73,6.19,1,0
3837,Joao Melo,NZL,2026,RB,26,2000,171,76,Right,45.0,82,4,409,0.38,0.32,0.0,1.84,0.0,87.1,6.69,9.73,10.1,0.72,-0.3,0.27,4.87,1.24,4.73,6.86,1,0
3838,Andre Rodrigues,NZL,2026,CB,27,1999,175,69,Left,65.6,98,2,214,0.15,0.1,0.0,2.32,0.0,89.1,7.57,15.42,37.47,0.67,-0.4,0.42,4.61,0.71,2.16,5.27,0,0
3839,Ricardo Freitas,NZL,2026,RB,19,2007,178,88,Left,78.5,86,4,330,0.42,0.29,0.0,2.24,0.0,86.1,12.91,6.82,7.13,0.58,-0.5,0.28,4.71,1.94,4.34,6.02,1,0
3840,Alexandre Costa,NZL,2026,LW,32,1994,191,78,Right,34.7,80,5,432,0.89,0.91,0.0,0.35,0.0,74.6,3.49,4.58,2.14,1.19,-0.0,0.62,7.98,5.16,13.53,6.34,0,0
3841,Leonardo Souza,NZL,2026,LW,28,1998,178,74,Right,32.7,73,5,439,0.5,0.72,0.0,0.08,0.0,74.4,2.7,2.05,2.07,1.88,0.3,1.35,8.33,3.28,8.24,6.0,0,0
3842,Vinicius Rocha,QAT,2026,CB,20,2006,171,78,Right,62.2,85,2,171,0.2,0.08,0.0,2.99,0.0,89.8,7.47,8.84,30.34,0.72,0.2,0.55,3.75,0.84,1.5,8.91,1,0
3843,Paulo Mendes,QAT,2026,CAM,19,2007,177,65,Right,49.0,75,4,378,0.61,1.58,0.0,0.63,0.0,82.5,4.81,4.21,1.68,0.87,0.1,0.37,7.35,2.8,7.65,3.1,0,0
3844,Vinicius Costa,QAT,2026,LB,26,2000,172,84,Right,90.1,92,3,225,0.34,0.78,0.0,2.04,0.0,79.2,15.73,7.46,10.51,0.7,-0.1,0.61,5.09,1.59,7.35,4.36,0,0
3845,Vinicius Pereira,QAT,2026,CDM,20,2006,170,74,Right,22.6,60,4,349,0.18,0.33,0.0,1.55,0.0,88.7,9.88,8.62,7.58,0.31,0.4,-0.27,6.76,0.72,2.48,9.67,1,0
3846,Fernando Cardoso,QAT,2026,RW,28,1998,171,66,Right,92.4,77,3,270,0.52,1.24,0.0,0.23,0.0,75.3,3.46,2.95,2.5,2.21,0.2,1.18,7.55,5.79,14.39,5.44,0,0
3847,Gabriel Ferreira,QAT,2026,LW,25,2001,175,70,Left,31.8,72,1,153,0.66,0.92,0.0,0.48,0.0,78.4,4.71,3.43,1.09,1.36,-0.3,1.13,9.35,3.59,14.76,7.2,0,0
3848,Gustavo Pereira,QAT,2026,GK,34,1992,185,90,Both,37.9,82,5,492,0.0,0.0,11.16,1.8,3.79,84.5,0.53,1.34,5.41,0.0,0.8,0.27,0.0,0.0,0.0,0.62,0,0
3849,Carlos Nascimento,QAT,2026,CB,33,1993,172,76,Right,88.2,93,2,206,0.27,0.17,0.0,3.6,0.0,88.1,3.92,14.04,17.54,0.35,0.1,0.29,3.74,0.9,1.63,6.64,0,0
3850,Eduardo Rodrigues,QAT,2026,RW,28,1998,192,79,Right,80.3,79,4,373,0.42,1.01,0.0,0.25,0.0,79.2,3.23,4.42,2.58,1.91,-0.4,0.52,11.63,2.67,13.35,2.52,0,0
3851,Diego Silva,QAT,2026,CM,28,1998,174,68,Right,25.8,61,3,299,0.25,0.31,0.0,1.37,0.0,82.6,9.78,10.6,4.48,0.59,0.1,0.31,7.03,2.6,9.5,6.54,0,0
3852,Leonardo Araujo,QAT,2026,LB,26,2000,179,82,Right,82.3,89,4,353,0.2,0.62,0.0,2.64,0.0,77.3,5.8,9.08,10.14,0.85,-0.1,0.58,4.51,2.12,7.15,7.73,0,0
3853,Alexandre Cavalcanti,QAT,2026,CM,23,2003,171,83,Right,17.5,68,4,367,0.12,0.49,0.0,1.0,0.0,85.2,7.86,7.34,7.6,0.75,0.1,0.44,3.35,1.4,7.99,4.53,0,0
3854,Pedro Nascimento,QAT,2026,RB,33,1993,175,89,Right,92.4,92,4,372,0.45,0.46,0.0,3.14,0.0,86.8,11.0,7.39,9.39,0.59,-0.0,0.54,4.85,1.73,7.3,1.91,1,0
3855,Gustavo Melo,QAT,2026,ST,19,2007,171,67,Right,134.3,71,2,213,1.46,0.27,0.0,0.0,0.0,70.7,1.82,4.37,0.5,0.56,-0.5,1.33,16.1,5.47,11.53,7.95,0,0
3856,Rodrigo Lima,QAT,2026,RB,25,2001,194,79,Right,51.8,99,2,254,0.4,0.34,0.0,1.76,0.0,80.8,4.21,9.86,11.6,0.94,0.6,0.62,0.98,2.93,6.02,4.15,1,0
3857,Gustavo Melo,QAT,2026,GK,25,2001,191,81,Right,6.1,70,3,281,0.0,0.0,8.48,1.17,2.47,85.1,0.91,3.12,2.47,0.0,0.2,0.25,0.0,0.0,0.0,0.75,0,0
3858,Joao Nascimento,QAT,2026,CB,19,2007,179,83,Left,67.7,78,4,372,0.26,0.09,0.0,2.44,0.0,92.4,9.5,13.22,18.86,0.49,0.1,0.38,2.51,0.77,1.49,4.5,0,0
3859,Matheus Mendes,QAT,2026,GK,34,1992,185,92,Right,27.7,71,4,372,0.0,0.0,8.66,2.41,2.8,85.2,0.9,2.84,2.35,0.0,0.4,-0.46,0.0,0.0,0.0,0.47,0,0
3860,Pedro Almeida,QAT,2026,CM,21,2005,176,72,Right,47.6,78,4,342,0.43,0.62,0.0,0.71,0.0,83.2,5.8,10.21,2.63,0.6,-0.6,0.97,7.41,1.09,10.7,7.64,0,0
3861,Gabriel Martins,QAT,2026,CDM,19,2007,184,70,Left,46.4,73,2,193,0.27,0.24,0.0,1.23,0.0,84.6,3.52,8.55,8.48,0.52,0.1,0.08,3.22,1.03,3.51,4.55,1,0
3862,Ricardo Ferreira,QAT,2026,ST,25,2001,174,78,Left,72.7,73,2,227,1.29,0.51,0.0,0.0,0.0,64.6,2.54,3.11,1.1,0.52,0.2,1.47,9.67,5.92,9.71,10.14,0,0
3863,Paulo Carvalho,QAT,2026,LW,23,2003,177,87,Left,52.7,71,4,376,0.4,0.58,0.0,0.25,0.0,76.0,3.43,5.87,1.21,2.31,-0.7,1.11,11.51,5.12,22.49,5.1,0,0
3864,Bruno Pereira,QAT,2026,CB,26,2000,170,86,Right,24.5,60,3,265,0.25,0.08,0.0,0.8,0.0,93.4,15.24,7.45,28.74,0.48,-0.1,0.36,3.08,1.24,1.38,5.05,0,0
3865,Carlos Costa,IRQ,2026,LW,24,2002,182,85,Right,51.2,83,5,403,0.58,0.62,0.0,0.58,0.0,74.5,3.82,3.13,2.3,1.6,-0.0,1.12,11.59,3.89,8.43,4.8,0,0
3866,Marcelo Lima,IRQ,2026,CB,30,1996,181,76,Right,38.5,72,3,282,0.33,0.14,0.0,1.52,0.0,90.2,5.58,12.95,18.68,0.68,-0.1,0.47,5.98,1.31,1.7,6.54,0,0
3867,Carlos Rodrigues,IRQ,2026,ST,35,1991,171,72,Right,61.3,78,5,480,1.49,0.3,0.0,0.0,0.0,73.1,1.52,3.66,1.4,0.86,0.1,1.31,16.76,5.59,7.39,8.89,0,0
3868,Bruno Cavalcanti,IRQ,2026,CM,20,2006,191,70,Right,28.7,81,3,277,0.56,0.35,0.0,1.12,0.0,84.7,8.08,7.31,3.22,0.86,-0.4,0.54,8.73,1.14,7.01,3.62,0,0
3869,Alexandre Cavalcanti,IRQ,2026,LW,30,1996,188,70,Right,123.4,93,5,487,0.77,1.25,0.0,0.53,0.0,76.0,3.55,4.44,1.45,1.11,-0.3,1.39,9.94,3.59,11.78,6.9,0,0
3870,Carlos Almeida,IRQ,2026,RW,32,1994,182,80,Right,50.1,81,4,346,0.94,0.82,0.0,0.67,0.0,79.9,3.45,4.68,2.32,1.77,0.3,1.04,8.74,2.92,10.31,7.04,0,0
3871,Matheus Melo,IRQ,2026,CM,35,1991,190,89,Right,47.0,76,4,400,0.57,0.52,0.0,0.45,0.0,86.6,9.52,8.42,4.71,0.54,0.1,0.62,6.8,2.91,7.3,5.93,0,0
3872,Diego Carvalho,IRQ,2026,CDM,30,1996,192,79,Left,44.0,68,3,268,0.12,0.32,0.0,0.78,0.0,84.7,11.35,6.33,7.2,0.28,-0.2,0.27,3.94,1.59,2.91,9.59,0,0
3873,Eduardo Freitas,IRQ,2026,GK,29,1997,184,86,Right,46.8,83,2,228,0.0,0.0,16.33,2.53,3.63,90.7,0.49,2.05,4.11,0.0,0.2,0.47,0.0,0.0,0.0,0.83,0,0
3874,Matheus Rodrigues,IRQ,2026,ST,22,2004,189,76,Right,121.9,86,4,397,0.94,0.44,0.0,0.0,0.0,71.2,3.52,3.56,0.85,0.62,0.5,1.75,14.21,5.05,6.88,6.21,0,0
3875,Bruno Rodrigues,IRQ,2026,RB,30,1996,188,85,Right,36.8,87,3,307,0.22,0.59,0.0,1.78,0.0,87.3,9.96,8.55,13.5,0.78,-0.0,0.23,3.79,1.61,8.24,5.96,0,0
3876,Rodrigo Dias,IRQ,2026,LB,24,2002,174,84,Right,40.2,88,3,288,0.29,0.63,0.0,1.56,0.0,84.0,8.83,14.1,12.75,0.76,0.1,0.21,2.68,1.57,5.65,5.65,0,0
3877,Alexandre Rodrigues,IRQ,2026,CB,20,2006,171,86,Left,39.5,85,1,136,0.21,0.12,0.0,2.38,0.0,90.6,5.83,7.79,23.05,0.38,-0.1,0.16,4.92,1.01,2.23,3.39,0,0
3878,Alexandre Rocha,IRQ,2026,CB,31,1995,170,78,Right,71.0,86,3,309,0.22,0.06,0.0,3.19,0.0,88.2,5.83,8.86,12.44,0.81,0.3,0.35,7.23,0.57,2.46,7.64,0,0
3879,Marcelo Freitas,IRQ,2026,GK,27,1999,186,78,Right,53.7,86,4,415,0.0,0.0,18.62,3.03,3.24,78.3,0.63,1.74,2.37,0.0,0.2,0.04,0.0,0.0,0.0,0.84,0,0
3880,Eduardo Almeida,IRQ,2026,GK,26,2000,189,88,Right,23.4,92,3,254,0.0,0.0,16.69,2.88,3.29,81.5,0.56,1.95,6.84,0.0,0.4,-0.33,0.0,0.0,0.0,1.09,0,0
3881,Ricardo Lima,IRQ,2026,RW,20,2006,184,67,Right,24.6,79,5,407,0.83,0.66,0.0,0.41,0.0,79.9,2.6,3.13,1.86,1.41,0.0,0.96,2.98,1.91,18.98,4.07,0,0
3882,Marcelo Melo,IRQ,2026,CDM,21,2005,178,74,Left,31.7,66,3,274,0.13,0.24,0.0,1.0,0.0,88.4,13.81,4.84,10.84,0.63,-0.0,0.14,3.81,1.2,6.19,3.35,0,0
3883,Eduardo Martins,IRQ,2026,CB,24,2002,180,88,Left,20.6,78,4,392,0.19,0.12,0.0,1.38,0.0,87.6,11.1,7.93,23.87,0.7,0.3,0.15,4.61,0.93,2.23,8.7,1,0
3884,Andre Rocha,IRQ,2026,RB,19,2007,187,80,Right,85.6,89,5,491,0.33,0.23,0.0,2.45,0.0,79.8,9.6,8.74,11.72,0.25,-0.1,0.71,5.09,1.08,7.65,5.01,0,0
3885,Thiago Silva,IRQ,2026,LB,36,1990,186,89,Left,53.2,72,4,316,0.25,0.28,0.0,1.37,0.0,81.2,13.17,7.2,7.83,0.51,0.2,0.74,6.3,1.72,6.2,6.98,1,0
3886,Rodrigo Martins,IRQ,2026,CM,22,2004,180,75,Both,25.5,65,5,393,0.31,0.44,0.0,0.95,0.0,84.0,10.18,3.33,2.75,0.82,-0.4,0.63,5.9,2.35,9.81,8.47,0,0
3887,Ricardo Oliveira,IRQ,2026,CAM,23,2003,170,67,Right,47.7,82,5,387,0.46,1.16,0.0,0.47,0.0,83.0,2.66,5.99,2.69,1.27,0.0,1.14,13.7,3.6,15.48,4.33,0,0
3888,Alexandre Lima,UZB,2026,CB,36,1990,177,86,Right,17.0,70,6,506,0.1,0.13,0.0,1.51,0.0,95.9,5.8,6.8,22.49,0.42,-0.2,-0.13,4.31,1.0,1.44,5.45,0,0
3889,Eduardo Mendes,UZB,2026,ST,37,1989,188,72,Right,60.5,75,4,441,0.94,0.45,0.0,0.0,0.0,71.9,1.76,1.51,0.94,0.85,-0.1,1.23,17.76,8.15,10.26,2.44,0,0
3890,Gustavo Gomes,UZB,2026,GK,33,1993,183,77,Left,4.8,61,5,486,0.0,0.0,13.2,0.78,2.09,82.0,0.84,1.83,6.85,0.0,0.4,0.24,0.0,0.0,0.0,0.49,0,0
3891,Paulo Martins,UZB,2026,CB,23,2003,189,75,Right,19.8,83,4,369,0.2,0.15,0.0,2.08,0.0,92.7,1.26,15.27,35.69,0.36,-0.6,0.31,1.69,0.43,1.76,6.7,0,0
3892,Roberto Silva,UZB,2026,CDM,24,2002,180,83,Right,53.6,82,4,327,0.29,0.38,0.0,0.65,0.0,84.2,10.31,14.97,9.44,0.35,-0.2,0.58,4.44,0.82,2.88,9.34,1,0
3893,Matheus Nascimento,UZB,2026,RW,31,1995,175,85,Right,28.6,81,5,446,0.49,1.0,0.0,0.58,0.0,77.9,2.17,5.14,1.66,0.72,0.2,0.6,6.54,4.66,10.09,2.75,0,0
3894,Alexandre Almeida,UZB,2026,RW,25,2001,173,77,Right,43.0,82,5,411,0.68,0.89,0.0,0.52,0.0,76.1,3.33,4.61,1.52,2.05,-0.4,0.63,10.0,1.84,16.72,6.79,0,0
3895,Joao Almeida,UZB,2026,CM,26,2000,174,79,Left,13.4,72,3,285,0.36,0.71,0.0,0.96,0.0,90.6,9.74,6.22,3.37,0.79,-0.5,0.32,7.2,1.98,8.6,6.4,0,0
3896,Roberto Lima,UZB,2026,CM,25,2001,191,89,Right,11.6,65,3,302,0.34,0.52,0.0,1.23,0.0,90.4,6.99,6.28,6.43,0.86,-0.1,0.49,5.26,3.41,3.36,5.84,0,0
3897,Gustavo Araujo,UZB,2026,CB,36,1990,173,81,Right,46.4,84,4,422,0.14,0.09,0.0,2.49,0.0,85.0,10.56,7.9,25.3,0.59,0.3,0.25,3.85,0.88,2.43,8.22,1,0
3898,Diego Carvalho,UZB,2026,LB,25,2001,193,66,Right,63.5,90,6,553,0.35,0.21,0.0,2.11,0.0,84.0,10.3,9.5,9.09,0.71,-0.0,0.44,4.44,1.91,7.13,3.99,0,0
3899,Gustavo Gomes,UZB,2026,GK,37,1989,198,78,Left,7.2,66,1,151,0.0,0.0,10.04,1.44,3.13,82.8,1.31,2.23,1.31,0.0,0.6,-0.42,0.0,0.0,0.0,1.22,0,0
3900,Alexandre Ribeiro,UZB,2026,CM,20,2006,185,71,Both,20.5,64,4,373,0.37,0.71,0.0,1.01,0.0,91.4,2.38,6.3,4.45,0.83,-0.1,0.29,7.06,1.83,7.76,4.02,0,0
3901,Rodrigo Rodrigues,UZB,2026,RB,21,2005,170,71,Left,28.8,99,5,404,0.43,0.47,0.0,2.66,0.0,86.3,6.3,12.37,1.88,0.65,-0.0,1.01,4.47,0.35,8.76,4.22,0,0
3902,Carlos Costa,UZB,2026,LW,32,1994,188,78,Right,45.3,93,2,211,1.02,1.02,0.0,0.28,0.0,79.4,2.32,3.84,1.74,1.89,0.3,0.98,7.88,5.37,8.24,6.64,0,0
3903,Felipe Dias,UZB,2026,RB,33,1993,190,85,Both,22.5,88,1,85,0.37,0.72,0.0,1.97,0.0,73.8,12.68,4.78,10.0,0.9,-0.1,0.63,3.74,1.62,5.91,4.76,0,0
3904,Andre Souza,UZB,2026,LB,32,1994,194,81,Left,74.9,87,4,376,0.3,0.34,0.0,2.18,0.0,84.1,11.99,5.63,12.77,0.57,0.7,0.34,7.93,1.35,5.78,4.56,0,0
3905,Joao Nascimento,UZB,2026,CDM,23,2003,181,81,Right,47.7,77,5,441,0.29,0.12,0.0,1.13,0.0,81.6,14.81,15.74,12.68,0.47,-0.1,0.9,4.52,0.48,2.37,11.27,1,0
3906,Matheus Dias,UZB,2026,CB,35,1991,186,81,Left,87.9,84,4,337,0.34,0.15,0.0,2.36,0.0,90.7,7.56,8.89,19.48,0.26,-0.1,0.88,2.27,1.28,2.08,6.57,0,0
3907,Carlos Monteiro,UZB,2026,ST,28,1998,175,83,Right,93.0,82,4,373,0.4,0.14,0.0,0.0,0.0,73.9,2.37,2.41,1.11,0.46,-0.3,1.36,12.02,5.14,8.25,3.24,0,0
3908,Fernando Souza,UZB,2026,GK,26,2000,199,91,Right,48.8,70,3,312,0.0,0.0,8.71,2.29,3.08,79.1,1.21,2.23,5.4,0.0,0.6,-0.49,0.0,0.0,0.0,0.89,0,0
3909,Pedro Oliveira,UZB,2026,LW,24,2002,171,86,Left,29.5,83,5,428,0.76,0.4,0.0,0.4,0.0,74.6,4.67,5.41,1.41,1.76,0.1,1.29,16.36,4.86,11.38,4.75,0,0
3910,Roberto Ferreira,UZB,2026,CAM,36,1990,188,69,Right,35.2,77,2,209,0.69,0.68,0.0,0.78,0.0,88.3,3.67,4.0,2.03,1.36,0.2,0.69,10.72,2.72,12.22,4.02,0,0
3911,Vinicius Cardoso,JOR,2026,CB,23,2003,184,69,Left,29.1,87,2,176,0.14,0.15,0.0,2.07,0.0,86.3,9.67,5.21,20.46,0.54,0.4,0.31,4.97,0.39,2.73,4.71,1,0
3912,Roberto Cardoso,JOR,2026,ST,27,1999,184,77,Right,47.3,85,1,143,1.47,0.23,0.0,0.0,0.0,75.6,2.35,1.74,0.55,0.61,-0.2,1.23,14.62,4.46,7.48,8.31,0,0
3913,Fernando Ribeiro,JOR,2026,CM,36,1990,172,75,Right,16.8,64,5,438,0.21,0.58,0.0,0.89,0.0,94.6,10.73,4.52,3.33,1.45,0.0,0.14,2.69,2.51,6.86,8.21,0,0
3914,Paulo Barbosa,JOR,2026,CB,28,1998,190,86,Left,37.4,87,6,479,0.08,0.1,0.0,2.57,0.0,91.5,10.77,14.99,16.9,0.54,0.4,0.67,2.53,1.25,1.92,6.76,1,0
3915,Marcelo Mendes,JOR,2026,GK,28,1998,194,91,Right,5.6,70,3,334,0.0,0.0,12.13,1.72,3.54,83.5,0.52,2.78,5.47,0.0,0.1,-0.85,0.0,0.0,0.0,0.72,0,0
3916,Gabriel Mendes,JOR,2026,CAM,26,2000,182,76,Left,44.8,73,2,221,0.75,0.33,0.0,0.81,0.0,83.5,3.68,6.77,2.1,1.05,-0.1,0.65,6.34,3.89,8.63,2.31,0,0
3917,Bruno Cardoso,JOR,2026,GK,27,1999,191,87,Right,28.6,62,3,263,0.0,0.0,8.44,1.31,2.38,88.6,1.24,1.49,4.79,0.0,0.2,-0.12,0.0,0.0,0.0,0.58,0,0
3918,Joao Mendes,JOR,2026,CB,20,2006,194,87,Left,39.9,91,4,339,0.23,0.15,0.0,2.22,0.0,86.9,7.47,11.05,31.8,0.54,0.3,-0.0,1.06,1.32,2.36,7.09,1,0
3919,Paulo Cardoso,JOR,2026,CB,37,1989,183,72,Both,11.8,64,4,306,0.25,0.08,0.0,0.56,0.0,85.2,4.22,6.11,25.39,0.21,0.4,-0.2,4.94,0.97,1.38,6.82,0,0
3920,Marcelo Mendes,JOR,2026,RW,25,2001,174,70,Right,87.7,81,1,131,0.94,0.63,0.0,0.81,0.0,82.3,2.05,2.22,2.19,1.26,0.1,1.25,11.68,5.71,14.64,5.14,0,0
3921,Diego Freitas,JOR,2026,LW,37,1989,186,83,Right,54.5,81,4,399,0.76,1.06,0.0,0.5,0.0,77.4,2.23,2.89,1.85,1.22,0.1,0.72,7.52,5.43,11.68,8.0,0,0
3922,Gustavo Nascimento,JOR,2026,LB,31,1995,182,69,Right,21.7,89,4,370,0.34,0.38,0.0,1.47,0.0,84.1,7.36,8.71,6.11,0.62,0.0,0.43,4.64,2.03,4.61,5.39,0,0
3923,Leonardo Cardoso,JOR,2026,RW,24,2002,176,82,Right,58.9,75,2,232,0.69,0.98,0.0,0.51,0.0,79.0,4.18,5.37,1.62,1.47,0.0,0.33,4.53,2.65,16.26,4.58,0,0
3924,Fernando Pereira,JOR,2026,CDM,27,1999,176,87,Right,52.3,77,2,197,0.12,0.07,0.0,0.98,0.0,87.3,5.0,9.09,8.03,0.69,-0.0,0.4,3.16,1.59,4.97,9.24,1,0
3925,Carlos Santos,JOR,2026,ST,30,1996,189,74,Right,94.6,82,3,284,0.83,0.34,0.0,0.0,0.0,75.1,2.48,4.15,0.56,1.39,-0.0,1.29,14.61,5.88,7.87,9.93,0,0
3926,Carlos Dias,JOR,2026,LB,19,2007,192,68,Left,53.2,84,4,332,0.22,0.47,0.0,1.66,0.0,85.2,8.62,8.17,11.16,0.57,0.1,0.71,3.42,1.76,5.67,7.97,0,0
3927,Joao Martins,JOR,2026,CDM,24,2002,192,89,Right,21.2,65,3,322,0.11,0.24,0.0,0.85,0.0,82.8,12.41,11.02,7.88,0.26,0.1,-0.1,2.04,0.78,2.74,8.54,1,0
3928,Felipe Martins,JOR,2026,GK,37,1989,188,91,Both,41.0,78,4,369,0.0,0.0,22.14,2.29,2.17,88.9,1.24,1.34,5.56,0.0,0.5,0.02,0.0,0.0,0.0,1.16,0,0
3929,Matheus Barbosa,JOR,2026,CM,35,1991,178,82,Right,71.0,76,5,502,0.49,0.77,0.0,1.37,0.0,86.7,7.3,10.21,8.45,0.74,0.1,1.17,2.44,1.69,7.06,4.18,0,0
3930,Marcelo Mendes,JOR,2026,RB,23,2003,170,71,Left,71.9,92,1,152,0.4,0.35,0.0,2.17,0.0,88.3,8.74,8.17,4.22,0.97,-0.1,0.87,6.19,1.72,6.58,3.94,1,0
3931,Lucas Costa,JOR,2026,CM,31,1995,177,79,Right,12.0,61,3,299,0.57,0.3,0.0,1.32,0.0,84.2,7.1,11.23,4.11,0.9,0.0,-0.53,8.1,1.27,10.45,3.45,1,0
3932,Arthur Mendes,JOR,2026,RB,27,1999,171,65,Left,62.6,92,4,380,0.45,0.37,0.0,2.25,0.0,80.0,5.07,8.45,11.9,0.78,-0.3,0.72,2.92,1.65,7.32,6.88,0,0
3933,Matheus Ferreira,JOR,2026,LW,31,1995,191,67,Right,45.9,78,3,273,0.91,0.65,0.0,0.34,0.0,73.8,3.08,4.14,2.49,2.09,0.1,0.99,10.08,1.7,16.54,2.61,0,0
3934,Lucas Martins,OMA,2026,CM,36,1990,191,77,Right,27.5,71,6,508,0.24,0.64,0.0,1.03,0.0,88.5,8.56,8.53,4.77,0.51,-0.8,0.72,1.35,2.69,7.93,7.54,0,0
3935,Bruno Carvalho,OMA,2026,RB,22,2004,193,67,Left,51.4,90,4,348,0.34,0.77,0.0,2.07,0.0,80.9,9.08,3.59,8.5,0.66,-0.1,0.28,4.21,2.19,7.03,5.77,0,0
3936,Diego Lima,OMA,2026,CDM,19,2007,181,72,Right,47.7,69,4,380,0.13,0.33,0.0,0.84,0.0,91.0,11.66,13.22,6.57,0.65,-0.1,0.35,3.88,0.43,3.02,10.06,1,0
3937,Gabriel Monteiro,OMA,2026,CB,19,2007,173,84,Left,58.3,91,5,420,0.32,0.14,0.0,2.18,0.0,91.5,6.26,10.3,23.42,0.43,-0.1,0.99,5.12,1.0,1.53,7.72,0,0
3938,Matheus Pereira,OMA,2026,CB,33,1993,191,73,Left,30.4,76,5,433,0.14,0.06,0.0,2.16,0.0,90.3,8.42,7.95,34.23,0.41,-0.1,0.12,3.92,0.97,1.68,2.33,0,0
3939,Lucas Martins,OMA,2026,RW,22,2004,184,88,Right,62.6,80,3,280,0.86,1.03,0.0,0.21,0.0,78.5,4.8,4.93,2.53,1.32,0.5,0.24,8.49,5.75,10.76,6.39,0,0
3940,Heitor Rodrigues,OMA,2026,CB,32,1994,179,74,Both,91.0,84,3,249,0.17,0.08,0.0,1.96,0.0,89.1,3.97,10.66,22.01,0.6,0.1,1.03,5.09,0.89,2.92,4.56,0,0
3941,Gustavo Lima,OMA,2026,LB,24,2002,180,71,Both,70.8,81,5,381,0.27,0.36,0.0,1.93,0.0,84.6,8.14,5.98,10.34,0.88,0.1,0.8,6.19,1.68,7.29,5.79,0,0
3942,Felipe Nascimento,OMA,2026,RB,31,1995,178,80,Left,88.1,92,3,282,0.27,0.55,0.0,2.77,0.0,82.8,7.22,9.93,8.35,1.28,0.2,0.32,6.61,1.55,6.11,5.01,1,0
3943,Rafael Souza,OMA,2026,LW,24,2002,187,86,Left,35.4,79,6,598,0.66,0.88,0.0,0.52,0.0,75.4,2.61,3.74,1.56,1.83,0.4,0.43,12.43,3.85,14.1,4.37,0,0
3944,Paulo Freitas,OMA,2026,CM,34,1992,189,65,Both,40.7,79,4,370,0.5,0.9,0.0,1.06,0.0,89.7,4.93,12.89,4.08,0.71,0.1,0.4,6.3,1.93,7.54,5.9,1,0
3945,Vinicius Silva,OMA,2026,CDM,30,1996,177,79,Right,14.0,66,5,384,0.17,0.36,0.0,0.96,0.0,90.0,12.31,7.92,6.56,0.46,-0.1,-0.03,3.43,0.97,4.08,9.66,1,0
3946,Arthur Gomes,OMA,2026,CB,37,1989,174,73,Right,11.1,70,3,275,0.26,0.09,0.0,1.68,0.0,88.1,3.31,6.78,29.81,0.42,-0.5,-0.31,3.52,1.48,1.44,7.48,0,0
3947,Gustavo Barbosa,OMA,2026,CAM,25,2001,181,71,Right,84.8,93,3,296,0.78,1.9,0.0,0.61,0.0,84.3,2.67,4.21,3.02,2.15,-0.2,1.26,11.89,3.62,12.92,3.64,0,0
3948,Pedro Barbosa,OMA,2026,GK,34,1992,198,76,Right,15.6,62,3,291,0.0,0.0,21.22,1.22,2.88,84.1,1.04,2.82,5.53,0.0,0.6,0.17,0.0,0.0,0.0,0.88,0,0
3949,Rodrigo Rocha,OMA,2026,LB,22,2004,187,85,Right,41.0,90,3,263,0.29,0.58,0.0,2.4,0.0,83.7,9.25,6.24,13.85,0.8,-0.3,0.61,7.24,1.38,6.1,4.31,0,0
3950,Vinicius Pereira,OMA,2026,CM,36,1990,175,82,Left,8.8,65,3,256,0.14,0.56,0.0,0.82,0.0,83.1,5.87,8.89,3.79,0.43,0.2,0.34,7.42,1.74,4.72,6.86,0,0
3951,Gustavo Souza,OMA,2026,GK,35,1991,199,93,Right,35.0,82,4,381,0.0,0.0,12.71,2.15,3.88,84.5,1.17,1.99,1.6,0.0,0.4,0.01,0.0,0.0,0.0,1.73,0,0
3952,Thiago Rodrigues,OMA,2026,RW,20,2006,171,89,Right,75.8,80,3,250,0.56,1.43,0.0,0.64,0.0,78.8,4.73,2.85,1.75,1.24,-0.2,0.79,7.83,5.65,18.84,2.94,0,0
3953,Ricardo Almeida,OMA,2026,GK,30,1996,183,86,Right,15.2,68,2,230,0.0,0.0,13.55,1.49,3.66,82.0,1.42,1.83,6.0,0.0,0.9,0.03,0.0,0.0,0.0,1.22,0,0
3954,Pedro Freitas,OMA,2026,ST,36,1990,179,74,Right,45.6,71,4,371,0.9,0.51,0.0,0.0,0.0,70.3,2.12,2.4,0.88,0.93,-0.2,1.51,12.89,6.94,3.63,3.93,0,0
3955,Lucas Costa,OMA,2026,ST,36,1990,176,80,Right,35.0,84,4,381,0.87,0.32,0.0,0.0,0.0,69.1,0.88,2.06,0.79,0.66,0.1,1.97,8.12,1.79,5.91,6.5,0,0
3956,Eduardo Ribeiro,OMA,2026,LW,20,2006,182,76,Left,20.5,77,3,296,0.7,0.86,0.0,0.41,0.0,78.4,3.94,4.65,2.09,1.98,0.2,0.94,13.75,4.5,9.48,6.65,0,0
3957,Felipe Ferreira,BHR,2026,LW,20,2006,193,80,Right,25.0,76,5,430,0.51,0.59,0.0,0.47,0.0,78.1,2.46,4.97,1.9,1.75,0.3,0.87,14.19,4.75,24.07,6.06,0,0
3958,Thiago Santos,BHR,2026,CM,28,1998,173,78,Left,51.9,74,3,326,0.39,0.41,0.0,0.92,0.0,85.8,5.17,4.22,5.31,0.36,-0.0,0.57,6.03,1.77,6.67,7.26,0,0
3959,Fernando Almeida,BHR,2026,GK,27,1999,197,90,Both,23.9,71,4,388,0.0,0.0,19.29,1.86,4.09,84.9,0.32,1.64,6.03,0.0,0.2,-0.3,0.0,0.0,0.0,0.85,0,0
3960,Andre Melo,BHR,2026,CM,29,1997,174,86,Both,28.9,61,3,277,0.37,0.69,0.0,0.79,0.0,88.1,6.58,7.78,5.94,0.9,-0.0,-0.12,8.29,2.71,5.04,4.25,0,0
3961,Andre Silva,BHR,2026,LB,33,1993,172,84,Right,76.1,89,6,511,0.32,0.66,0.0,1.98,0.0,83.7,10.93,10.16,7.72,0.78,-0.3,0.6,4.43,1.78,4.19,2.6,0,0
3962,Joao Gomes,BHR,2026,CM,31,1995,179,72,Right,29.4,65,3,279,0.38,0.51,0.0,1.08,0.0,84.3,6.3,7.92,3.93,0.76,0.2,0.3,5.84,1.54,6.74,8.29,0,0
3963,Lucas Gomes,BHR,2026,RW,33,1993,171,79,Left,80.7,84,4,399,0.5,0.89,0.0,0.54,0.0,79.7,5.18,3.52,1.37,1.11,0.0,0.86,13.76,5.93,20.25,4.15,0,0
3964,Diego Cardoso,BHR,2026,CDM,33,1993,185,71,Right,26.0,68,3,307,0.24,0.11,0.0,0.8,0.0,89.2,14.23,9.8,8.93,0.49,0.0,0.57,3.94,0.86,2.14,5.16,1,0
3965,Heitor Oliveira,BHR,2026,CB,27,1999,191,71,Right,42.3,70,3,288,0.21,0.11,0.0,1.84,0.0,85.5,4.35,13.88,24.04,0.3,0.0,0.37,5.11,0.7,1.52,7.17,1,0
3966,Matheus Mendes,BHR,2026,LW,34,1992,187,88,Left,76.6,74,4,329,0.61,1.08,0.0,0.58,0.0,75.2,2.75,4.28,1.33,1.34,0.3,0.6,16.18,1.99,14.21,2.58,0,0
3967,Marcelo Cavalcanti,BHR,2026,LB,19,2007,176,68,Left,18.7,78,2,198,0.25,0.47,0.0,1.42,0.0,83.5,14.26,5.6,14.29,0.62,0.3,0.43,5.46,1.78,2.8,4.66,0,0
3968,Alexandre Dias,BHR,2026,CDM,19,2007,184,76,Right,37.3,71,4,356,0.15,0.4,0.0,0.74,0.0,90.5,13.42,20.72,10.1,0.59,0.1,0.41,3.1,0.84,4.09,8.98,1,0
3969,Heitor Araujo,BHR,2026,CB,29,1997,176,81,Both,56.2,76,3,230,0.15,0.07,0.0,2.17,0.0,88.8,10.68,10.32,25.86,0.46,0.2,0.3,4.49,1.07,2.14,5.31,0,0
3970,Felipe Oliveira,BHR,2026,ST,20,2006,191,81,Right,57.5,87,4,325,1.22,0.45,0.0,0.0,0.0,76.8,2.09,3.42,1.12,0.92,0.1,1.04,8.37,4.04,10.16,8.71,0,0
3971,Andre Lima,BHR,2026,ST,20,2006,192,76,Right,31.5,75,3,294,0.68,0.38,0.0,0.0,0.0,76.1,1.02,3.88,1.58,0.92,0.2,1.42,14.83,4.67,13.42,6.03,0,0
3972,Paulo Rodrigues,BHR,2026,GK,33,1993,199,93,Left,26.7,74,2,194,0.0,0.0,20.43,2.01,1.84,81.0,0.16,1.31,5.99,0.0,0.5,-0.07,0.0,0.0,0.0,1.12,0,0
3973,Pedro Mendes,BHR,2026,CAM,27,1999,193,89,Left,110.8,86,3,281,0.57,1.13,0.0,0.56,0.0,81.5,3.67,5.26,1.97,0.81,-0.2,0.76,9.15,3.11,8.07,4.51,0,0
3974,Matheus Rocha,BHR,2026,RB,19,2007,194,72,Right,69.7,93,2,185,0.18,0.38,0.0,2.74,0.0,82.7,3.93,4.83,9.73,0.78,0.1,0.79,5.5,1.61,9.26,6.22,0,0
3975,Bruno Costa,BHR,2026,CB,36,1990,192,72,Left,19.0,68,5,427,0.11,0.03,0.0,1.41,0.0,88.6,7.71,10.44,17.92,0.36,-0.3,0.44,1.87,0.94,2.17,6.12,0,0
3976,Pedro Ribeiro,BHR,2026,RB,25,2001,173,67,Right,62.2,93,4,322,0.36,0.23,0.0,1.75,0.0,84.2,10.64,8.4,11.52,0.72,-0.1,1.17,6.01,2.44,4.8,5.57,1,0
3977,Pedro Costa,BHR,2026,RW,25,2001,186,66,Left,83.8,83,7,638,0.88,1.33,0.0,0.43,0.0,76.6,1.81,1.83,1.9,1.39,0.2,0.77,11.27,4.64,14.47,6.73,0,0
3978,Lucas Oliveira,BHR,2026,GK,19,2007,199,84,Both,24.6,73,5,452,0.0,0.0,15.01,1.91,3.6,86.4,1.41,2.15,5.32,0.0,0.4,0.03,0.0,0.0,0.0,0.77,0,0
3979,Vinicius Carvalho,BHR,2026,CB,25,2001,178,74,Both,64.4,74,4,325,0.25,0.12,0.0,2.36,0.0,90.3,4.97,11.84,21.85,0.6,-0.2,0.19,2.89,1.12,2.5,5.7,1,0
3980,Thiago Santos,KSA,2026,CM,26,2000,190,73,Left,67.8,71,2,162,0.39,0.77,0.0,0.67,0.0,87.8,10.16,6.03,7.87,0.95,-0.3,0.46,7.94,1.09,7.92,6.85,0,0
3981,Gustavo Souza,KSA,2026,RB,26,2000,182,66,Left,28.3,71,2,225,0.23,0.4,0.0,1.54,0.0,81.4,6.99,12.55,13.38,0.54,0.5,0.48,7.27,2.25,7.13,5.59,1,0
3982,Rodrigo Ribeiro,KSA,2026,GK,23,2003,187,83,Right,35.8,75,3,286,0.0,0.0,7.47,2.2,2.32,84.9,0.46,1.75,4.48,0.0,0.2,0.42,0.0,0.0,0.0,1.14,0,0
3983,Fernando Gomes,KSA,2026,ST,25,2001,188,78,Right,61.1,86,4,409,1.2,0.14,0.0,0.0,0.0,71.9,2.34,2.35,0.88,1.0,0.2,1.61,12.7,4.72,6.02,6.23,0,0
3984,Felipe Melo,KSA,2026,RW,35,1991,194,66,Right,47.5,71,4,368,0.49,0.55,0.0,0.43,0.0,83.1,3.38,4.97,1.79,1.63,-0.3,0.55,8.94,3.84,16.85,4.8,0,0
3985,Carlos Almeida,KSA,2026,CB,36,1990,193,86,Right,33.7,77,5,440,0.25,0.1,0.0,1.06,0.0,87.0,7.99,7.25,36.0,0.36,-0.3,0.35,5.2,0.97,3.58,8.58,0,0
3986,Roberto Cavalcanti,KSA,2026,CB,35,1991,190,75,Right,38.6,92,5,381,0.24,0.09,0.0,2.55,0.0,89.8,8.44,11.65,38.17,0.48,0.6,0.45,2.77,0.89,2.48,7.32,1,0
3987,Carlos Freitas,KSA,2026,CM,23,2003,170,70,Left,21.6,68,4,355,0.46,0.53,0.0,0.76,0.0,88.2,7.01,8.5,4.97,0.72,0.1,0.53,7.22,2.73,8.6,6.22,0,0
3988,Paulo Souza,KSA,2026,CM,33,1993,170,79,Right,16.3,77,4,358,0.38,0.39,0.0,0.94,0.0,85.6,9.28,13.21,5.04,0.85,-0.3,0.53,7.0,2.96,6.91,7.39,1,0
3989,Carlos Souza,KSA,2026,GK,22,2004,199,91,Both,32.9,71,4,332,0.0,0.0,19.16,2.12,3.61,82.5,1.05,2.15,5.24,0.0,0.9,-0.3,0.0,0.0,0.0,0.67,0,0
3990,Paulo Souza,KSA,2026,CB,36,1990,191,69,Right,37.8,77,4,415,0.17,0.12,0.0,2.44,0.0,84.4,11.03,15.48,18.24,0.65,0.5,-0.23,3.91,1.83,2.31,8.73,1,0
3991,Roberto Almeida,KSA,2026,RB,34,1992,189,72,Right,62.7,88,3,352,0.2,0.68,0.0,1.81,0.0,80.0,7.87,2.28,9.98,0.75,0.4,0.21,4.29,2.63,5.62,5.77,1,0
3992,Vinicius Monteiro,KSA,2026,CB,24,2002,184,77,Both,54.1,86,5,440,0.25,0.06,0.0,2.57,0.0,91.5,8.38,8.1,26.21,0.51,0.2,0.47,6.04,0.95,2.13,5.6,1,0
3993,Felipe Rocha,KSA,2026,LW,23,2003,178,83,Right,96.0,77,5,420,0.7,1.01,0.0,0.27,0.0,76.0,2.67,2.71,1.61,0.32,0.1,1.01,13.35,5.26,12.58,7.24,0,0
3994,Pedro Cavalcanti,KSA,2026,LW,21,2005,183,65,Left,40.5,64,3,293,0.54,0.43,0.0,0.47,0.0,74.6,3.22,2.03,2.68,1.18,-0.0,0.7,9.83,6.29,10.88,6.25,0,0
3995,Gustavo Costa,KSA,2026,ST,29,1997,187,86,Right,70.1,91,1,121,1.25,0.49,0.0,0.0,0.0,68.3,1.69,3.2,0.81,1.36,-0.2,1.84,11.45,4.91,4.23,7.61,0,0
3996,Roberto Monteiro,KSA,2026,LB,20,2006,180,89,Right,58.0,93,4,422,0.45,0.76,0.0,2.64,0.0,85.7,11.96,5.2,8.11,0.97,0.4,0.47,5.61,1.28,6.32,6.88,0,0
3997,Fernando Melo,KSA,2026,CAM,31,1995,186,74,Left,70.2,77,4,350,0.72,0.82,0.0,0.71,0.0,87.3,3.34,4.34,2.31,1.67,-0.2,0.61,13.38,4.19,9.92,3.28,0,0
3998,Rodrigo Rodrigues,KSA,2026,GK,26,2000,197,80,Right,21.6,60,6,539,0.0,0.0,8.44,1.58,3.25,83.8,1.37,2.99,7.18,0.0,-0.3,-0.3,0.0,0.0,0.0,1.13,0,0
3999,Paulo Gomes,KSA,2026,CDM,32,1994,181,70,Right,20.5,76,4,329,0.22,0.36,0.0,1.44,0.0,90.4,12.92,9.98,7.76,0.5,-0.2,0.13,5.11,0.9,4.1,11.7,1,0
4000,Andre Monteiro,KSA,2026,CDM,27,1999,171,68,Left,24.3,73,4,349,0.16,0.15,0.0,1.15,0.0,92.4,11.79,10.71,8.57,0.48,0.4,0.41,4.1,0.7,3.15,9.11,0,0
4001,Matheus Araujo,KSA,2026,RW,21,2005,192,66,Right,74.2,73,4,340,0.22,0.74,0.0,0.47,0.0,73.1,3.51,3.32,1.74,0.92,-0.0,1.02,9.82,1.65,8.01,5.54,0,0
4002,Rafael Carvalho,KSA,2026,LB,30,1996,188,78,Right,30.0,82,4,417,0.27,0.39,0.0,1.56,0.0,84.4,2.44,13.59,13.54,0.75,0.1,0.49,4.86,1.56,6.66,6.33,1,0
4003,Roberto Freitas,SAU,2026,LW,26,2000,184,81,Right,63.9,69,4,332,0.58,0.63,0.0,0.52,0.0,81.9,3.48,5.7,1.79,1.22,0.1,0.64,10.84,5.24,10.44,7.52,0,0
4004,Vinicius Santos,SAU,2026,CB,33,1993,180,73,Both,48.5,83,3,352,0.2,0.08,0.0,2.41,0.0,86.5,6.95,14.36,23.0,0.57,-0.2,0.28,5.25,1.5,2.22,4.33,0,0
4005,Andre Araujo,SAU,2026,RB,26,2000,189,75,Right,77.2,76,0,82,0.27,0.5,0.0,1.27,0.0,80.3,7.13,10.71,15.84,0.73,-0.2,0.39,4.49,2.03,6.21,6.5,1,0
4006,Alexandre Santos,SAU,2026,LW,31,1995,180,65,Right,46.3,78,1,103,0.61,1.17,0.0,0.23,0.0,74.1,1.94,2.75,2.59,1.58,-0.1,0.79,4.96,3.34,8.82,4.08,0,0
4007,Vinicius Araujo,SAU,2026,ST,23,2003,192,82,Right,32.3,84,5,411,1.48,0.43,0.0,0.0,0.0,75.0,1.06,5.11,0.99,1.3,0.1,1.33,18.13,3.55,4.97,9.6,0,0
4008,Rafael Cardoso,SAU,2026,CAM,29,1997,185,73,Left,64.9,71,4,431,0.33,1.21,0.0,0.55,0.0,87.4,4.79,2.09,1.92,1.28,0.4,0.36,1.13,2.78,8.5,1.86,0,0
4009,Leonardo Costa,SAU,2026,CB,30,1996,188,74,Right,18.4,84,4,383,0.25,0.11,0.0,2.09,0.0,80.8,7.59,6.12,39.0,0.46,-0.1,0.41,3.23,1.67,1.73,5.38,1,0
4010,Carlos Souza,SAU,2026,LB,23,2003,181,71,Left,41.7,84,4,335,0.13,0.45,0.0,2.22,0.0,78.5,9.31,8.3,7.09,0.68,0.0,0.12,4.15,2.17,5.64,6.72,1,0
4011,Eduardo Souza,SAU,2026,LB,34,1992,181,82,Left,58.7,82,5,455,0.35,0.32,0.0,1.77,0.0,86.1,5.52,9.49,10.13,0.67,-0.2,0.65,7.31,2.05,5.8,7.31,0,0
4012,Andre Rocha,SAU,2026,CM,20,2006,190,70,Right,52.1,82,2,206,0.4,0.85,0.0,1.1,0.0,91.0,7.36,6.59,5.58,0.82,-0.1,1.03,7.26,1.18,7.68,8.46,0,0
4013,Gabriel Dias,SAU,2026,CDM,32,1994,190,87,Left,70.1,77,2,193,0.22,0.26,0.0,1.12,0.0,84.3,10.62,10.46,9.23,0.53,0.0,0.64,3.17,1.09,2.19,11.05,0,0
4014,Rodrigo Lima,SAU,2026,RW,26,2000,187,85,Left,127.9,80,4,347,0.85,0.65,0.0,0.43,0.0,76.5,4.62,4.31,1.7,1.46,-0.1,1.11,8.37,6.07,13.96,7.51,0,0
4015,Gustavo Martins,SAU,2026,CM,35,1991,179,87,Right,29.2,75,4,321,0.45,0.53,0.0,0.73,0.0,86.9,7.39,6.26,5.18,0.54,-0.3,0.25,6.9,1.99,8.04,5.44,0,0
4016,Rafael Pereira,SAU,2026,GK,36,1990,193,80,Right,20.4,74,3,299,0.0,0.0,21.29,1.04,2.47,81.5,1.06,2.16,4.13,0.0,0.9,0.05,0.0,0.0,0.0,1.48,0,0
4017,Joao Nascimento,SAU,2026,GK,22,2004,186,86,Left,20.4,88,4,359,0.0,0.0,15.29,2.29,1.69,85.2,0.94,1.93,6.14,0.0,0.7,0.15,0.0,0.0,0.0,0.56,0,0
4018,Ricardo Freitas,SAU,2026,ST,20,2006,176,84,Right,42.7,84,2,227,1.13,0.54,0.0,0.0,0.0,71.9,1.33,3.57,0.74,0.7,-0.3,1.91,12.34,4.39,6.38,5.37,0,0
4019,Roberto Araujo,SAU,2026,CB,34,1992,192,88,Left,68.5,76,6,599,0.35,0.12,0.0,2.05,0.0,85.9,10.59,4.25,26.76,0.67,-0.0,0.29,3.37,0.99,2.25,6.75,1,0
4020,Rafael Costa,SAU,2026,CM,24,2002,191,87,Left,14.6,69,3,323,0.3,0.82,0.0,0.89,0.0,84.5,6.06,12.33,5.85,0.01,-0.6,0.5,7.56,1.99,7.29,10.26,0,0
4021,Alexandre Silva,SAU,2026,RW,36,1990,173,69,Right,74.1,81,3,314,0.86,1.07,0.0,0.52,0.0,74.8,4.58,2.72,1.98,1.3,-0.1,0.83,14.82,4.16,14.08,5.21,0,0
4022,Rodrigo Carvalho,SAU,2026,GK,23,2003,185,91,Right,12.6,64,3,297,0.0,0.0,5.56,1.24,2.34,87.9,0.65,2.1,5.89,0.0,0.6,0.28,0.0,0.0,0.0,0.91,0,0
4023,Heitor Souza,SAU,2026,RB,26,2000,186,72,Left,131.1,86,3,322,0.28,0.69,0.0,2.55,0.0,84.0,4.92,7.51,8.87,0.91,-0.3,0.62,2.45,1.45,6.89,5.0,1,0
4024,Alexandre Araujo,SAU,2026,CB,29,1997,186,87,Right,72.7,88,4,409,0.28,0.12,0.0,2.54,0.0,83.4,6.41,9.97,24.58,0.55,0.0,0.59,3.55,1.09,1.71,4.62,0,0
4025,Diego Costa,SAU,2026,CDM,19,2007,184,87,Right,51.8,81,4,348,0.16,0.24,0.0,1.18,0.0,83.8,8.75,7.2,10.39,0.45,0.4,0.62,4.38,1.14,4.12,7.0,0,0
4026,Ricardo Cavalcanti,SUI,2026,ST,31,1995,177,77,Left,69.8,87,3,351,1.35,0.5,0.0,0.0,0.0,76.5,1.9,4.37,1.36,0.63,0.3,1.72,11.92,5.06,8.6,4.53,0,0
4027,Paulo Ferreira,SUI,2026,RB,23,2003,182,76,Right,62.8,88,4,352,0.35,0.42,0.0,2.2,0.0,77.2,7.98,7.52,7.48,0.52,0.5,0.21,5.3,2.3,5.4,5.12,0,0
4028,Bruno Lima,SUI,2026,LB,19,2007,192,67,Left,107.3,87,1,147,0.29,0.55,0.0,2.61,0.0,81.4,8.21,3.19,13.39,1.02,0.3,0.65,5.75,2.2,4.92,3.8,1,0
4029,Gustavo Dias,SUI,2026,GK,34,1992,194,79,Left,9.8,77,4,436,0.0,0.0,12.32,2.32,3.53,83.1,0.82,1.76,2.68,0.0,0.3,-0.3,0.0,0.0,0.0,1.42,0,0
4030,Thiago Dias,SUI,2026,CM,24,2002,179,88,Left,27.0,71,4,412,0.44,0.89,0.0,0.84,0.0,84.7,7.87,9.78,3.44,0.79,0.2,0.31,7.9,1.68,2.95,4.37,0,0
4031,Gabriel Gomes,SUI,2026,GK,32,1994,199,76,Right,24.2,80,3,237,0.0,0.0,7.98,2.47,2.6,82.2,1.35,1.31,5.76,0.0,0.3,-0.14,0.0,0.0,0.0,1.25,0,0
4032,Bruno Ribeiro,SUI,2026,CB,24,2002,186,80,Right,35.4,64,3,318,0.18,0.1,0.0,1.34,0.0,83.7,6.37,9.4,18.45,0.41,-0.4,-0.04,5.92,1.67,2.39,7.8,0,0
4033,Felipe Monteiro,SUI,2026,RW,27,1999,188,67,Right,60.5,90,4,425,0.9,1.06,0.0,0.35,0.0,74.3,2.02,5.78,2.83,1.54,-0.2,0.66,12.13,2.75,18.43,6.18,0,0
4034,Gustavo Oliveira,SUI,2026,RW,32,1994,170,65,Right,82.8,76,4,354,0.84,0.75,0.0,0.82,0.0,79.9,1.76,3.97,1.52,1.27,-0.3,0.89,10.03,3.19,15.12,3.19,0,0
4035,Andre Almeida,SUI,2026,CB,26,2000,180,80,Right,65.8,75,6,502,0.14,0.13,0.0,1.88,0.0,85.5,8.41,12.33,33.54,0.72,-0.7,0.41,4.76,0.83,1.7,7.83,1,0
4036,Andre Freitas,SUI,2026,CAM,33,1993,178,82,Right,18.7,83,5,406,0.6,0.96,0.0,0.74,0.0,85.8,3.65,7.36,2.36,1.61,0.2,0.48,10.37,3.44,4.57,2.8,0,0
4037,Andre Carvalho,SUI,2026,GK,20,2006,187,77,Right,28.3,67,4,345,0.0,0.0,16.54,1.25,3.63,87.7,1.51,1.85,6.02,0.0,0.6,0.13,0.0,0.0,0.0,1.02,0,0
4038,Rodrigo Costa,SUI,2026,RB,31,1995,180,77,Right,16.7,81,4,355,0.23,0.45,0.0,1.16,0.0,85.0,8.55,7.81,11.22,1.15,-0.0,0.37,1.4,1.88,4.6,4.2,0,0
4039,Carlos Costa,SUI,2026,CM,27,1999,182,79,Right,29.0,72,3,248,0.33,0.78,0.0,0.86,0.0,86.4,10.1,9.1,3.85,1.12,-0.0,0.49,7.8,2.61,6.02,4.33,0,0
4040,Matheus Ferreira,SUI,2026,CM,26,2000,187,82,Right,45.0,71,3,295,0.44,0.49,0.0,0.87,0.0,88.3,7.87,1.41,4.99,1.1,0.0,0.5,4.83,2.1,6.59,4.93,1,0
4041,Lucas Cavalcanti,SUI,2026,LB,25,2001,173,80,Right,24.3,93,4,321,0.26,0.48,0.0,1.83,0.0,91.7,14.5,11.06,6.03,0.63,-0.1,0.68,3.37,1.1,5.97,1.96,0,0
4042,Bruno Araujo,SUI,2026,CDM,33,1993,188,71,Right,12.6,77,3,273,0.19,0.35,0.0,1.11,0.0,87.3,13.31,11.28,9.17,0.41,0.6,0.26,4.43,1.43,3.46,9.42,0,0
4043,Vinicius Freitas,SUI,2026,CB,34,1992,181,68,Right,45.7,77,3,269,0.15,0.11,0.0,1.78,0.0,88.5,4.12,11.15,26.99,0.02,-0.2,0.23,5.04,1.58,1.43,5.57,1,0
4044,Alexandre Melo,SUI,2026,LW,36,1990,178,80,Left,89.0,83,6,502,0.82,1.16,0.0,0.48,0.0,71.5,3.89,5.97,2.03,1.42,0.1,0.8,6.6,4.24,12.75,5.12,0,0
4045,Fernando Cardoso,SUI,2026,ST,29,1997,186,69,Right,66.5,81,6,562,0.72,0.4,0.0,0.0,0.0,69.5,1.59,2.49,1.3,1.4,-0.5,1.44,15.61,5.95,7.18,4.95,0,0
4046,Eduardo Rodrigues,SUI,2026,CDM,31,1995,175,81,Left,69.9,78,4,351,0.16,0.32,0.0,1.32,0.0,91.3,9.91,6.1,8.31,0.39,-0.4,0.42,4.02,0.92,3.64,6.83,0,0
4047,Thiago Souza,SUI,2026,CB,19,2007,176,84,Left,47.2,88,4,326,0.2,0.08,0.0,1.88,0.0,92.0,5.65,7.68,20.84,0.61,0.5,0.5,6.93,1.42,2.23,5.17,1,0
4048,Gustavo Carvalho,SUI,2026,LW,37,1989,177,88,Right,24.2,87,3,248,0.88,0.74,0.0,0.52,0.0,76.3,2.58,3.82,1.98,1.71,0.0,0.89,13.38,6.25,16.84,6.06,0,0
