EventID,MatchID,PlayerID,TeamCode,EventType,Minute,Detail,xG
1,1,73,URU,YellowCard,7,Foul,0.0
2,1,609,FRA,YellowCard,61,Foul,0.0
3,1,608,FRA,YellowCard,33,Foul,0.0
4,1,88,URU,Substitution,49,Sub On,0.0
5,1,75,URU,Substitution,79,Sub On,0.0
6,1,74,URU,Substitution,73,Sub On,0.0
7,1,614,FRA,Substitution,69,Sub On,0.0
8,1,610,FRA,Substitution,77,Sub On,0.0
9,1,611,FRA,Substitution,63,Sub On,0.0
10,1,599,FRA,Substitution,76,Sub On,0.0
11,1,610,FRA,Substitution,47,Sub On,0.0
12,2,265,MEX,Goal,65,Open Play,0.14
13,2,263,MEX,YellowCard,5,Foul,0.0
14,2,256,MEX,YellowCard,63,Foul,0.0
15,2,260,MEX,Substitution,79,Sub On,0.0
16,2,259,MEX,Substitution,46,Sub On,0.0
17,2,254,MEX,Substitution,58,Sub On,0.0
18,2,261,MEX,Substitution,70,Sub On,0.0
19,3,88,URU,Goal,63,Open Play,0.83
20,3,70,URU,Goal,83,Open Play,0.38
21,3,85,URU,Goal,92,Penalty,0.52
22,3,88,URU,YellowCard,64,Foul,0.0
23,3,80,URU,YellowCard,21,Foul,0.0
24,3,91,URU,Substitution,55,Sub On,0.0
25,3,79,URU,Substitution,73,Sub On,0.0
26,3,86,URU,Substitution,65,Sub On,0.0
27,3,79,URU,Substitution,74,Sub On,0.0
28,3,81,URU,Substitution,83,Sub On,0.0
29,4,255,MEX,Goal,37,Open Play,0.29
30,4,255,MEX,Goal,78,Open Play,0.11
31,4,618,FRA,YellowCard,6,Foul,0.0
32,4,603,FRA,YellowCard,41,Foul,0.0
33,4,602,FRA,YellowCard,68,Foul,0.0
34,4,255,MEX,YellowCard,20,Foul,0.0
35,4,604,FRA,Substitution,70,Sub On,0.0
36,4,607,FRA,Substitution,60,Sub On,0.0
37,4,607,FRA,Substitution,84,Sub On,0.0
38,4,620,FRA,Substitution,84,Sub On,0.0
39,4,260,MEX,Substitution,50,Sub On,0.0
40,4,258,MEX,Substitution,74,Sub On,0.0
41,4,265,MEX,Substitution,76,Sub On,0.0
42,4,274,MEX,Substitution,62,Sub On,0.0
43,4,276,MEX,Substitution,59,Sub On,0.0
44,5,85,URU,Goal,73,Open Play,0.8
45,5,74,URU,YellowCard,10,Foul,0.0
46,5,70,URU,YellowCard,79,Foul,0.0
47,5,92,URU,YellowCard,53,Foul,0.0
48,5,263,MEX,YellowCard,67,Foul,0.0
49,5,74,URU,YellowCard,38,Foul,0.0
50,5,267,MEX,Substitution,54,Sub On,0.0
51,5,271,MEX,Substitution,78,Sub On,0.0
52,5,275,MEX,Substitution,68,Sub On,0.0
53,5,270,MEX,Substitution,88,Sub On,0.0
54,5,275,MEX,Substitution,65,Sub On,0.0
55,5,91,URU,Substitution,65,Sub On,0.0
56,5,85,URU,Substitution,73,Sub On,0.0
57,5,83,URU,Substitution,79,Sub On,0.0
58,5,77,URU,Substitution,80,Sub On,0.0
59,5,86,URU,Substitution,83,Sub On,0.0
60,6,619,FRA,Goal,51,Penalty,0.56
61,6,614,FRA,Goal,65,Open Play,0.74
62,6,601,FRA,YellowCard,42,Foul,0.0
63,6,602,FRA,YellowCard,70,Foul,0.0
64,6,621,FRA,Substitution,53,Sub On,0.0
65,6,610,FRA,Substitution,58,Sub On,0.0
66,6,615,FRA,Substitution,88,Sub On,0.0
67,6,619,FRA,Substitution,59,Sub On,0.0
68,7,93,ARG,Goal,52,Own Goal,0.77
69,7,499,NGA,YellowCard,52,Foul,0.0
70,7,500,NGA,YellowCard,72,Foul,0.0
71,7,115,ARG,YellowCard,27,Foul,0.0
72,7,105,ARG,Substitution,52,Sub On,0.0
73,7,113,ARG,Substitution,59,Sub On,0.0
74,7,113,ARG,Substitution,84,Sub On,0.0
75,7,494,NGA,Substitution,48,Sub On,0.0
76,7,486,NGA,Substitution,72,Sub On,0.0
77,7,505,NGA,Substitution,89,Sub On,0.0
78,7,497,NGA,Substitution,56,Sub On,0.0
79,7,499,NGA,Substitution,62,Sub On,0.0
80,8,229,KOR,Goal,32,Open Play,0.06
81,8,228,KOR,Goal,75,Open Play,0.65
82,8,219,KOR,YellowCard,16,Foul,0.0
83,8,667,GRE,YellowCard,14,Foul,0.0
84,8,213,KOR,YellowCard,32,Foul,0.0
85,8,218,KOR,YellowCard,25,Foul,0.0
86,8,224,KOR,YellowCard,54,Foul,0.0
87,8,224,KOR,Substitution,76,Sub On,0.0
88,8,217,KOR,Substitution,73,Sub On,0.0
89,8,210,KOR,Substitution,58,Sub On,0.0
90,8,209,KOR,Substitution,82,Sub On,0.0
91,8,216,KOR,Substitution,62,Sub On,0.0
92,8,650,GRE,Substitution,49,Sub On,0.0
93,8,650,GRE,Substitution,68,Sub On,0.0
94,8,655,GRE,Substitution,62,Sub On,0.0
95,9,98,ARG,Goal,44,Open Play,0.42
96,9,93,ARG,Goal,55,Open Play,0.32
97,9,104,ARG,Goal,66,Open Play,0.7
98,9,102,ARG,Goal,67,Open Play,0.08
99,9,214,KOR,Goal,10,Open Play,0.81
100,9,100,ARG,YellowCard,1,Foul,0.0
101,9,216,KOR,YellowCard,49,Foul,0.0
102,9,109,ARG,Substitution,79,Sub On,0.0
103,9,102,ARG,Substitution,83,Sub On,0.0
104,9,105,ARG,Substitution,59,Sub On,0.0
105,9,109,ARG,Substitution,51,Sub On,0.0
106,9,93,ARG,Substitution,87,Sub On,0.0
107,9,213,KOR,Substitution,79,Sub On,0.0
108,9,224,KOR,Substitution,86,Sub On,0.0
109,9,215,KOR,Substitution,83,Sub On,0.0
110,9,210,KOR,Substitution,54,Sub On,0.0
111,10,653,GRE,Goal,61,Penalty,0.63
112,10,649,GRE,Goal,65,Penalty,0.85
113,10,492,NGA,Goal,36,Open Play,0.31
114,10,649,GRE,YellowCard,76,Foul,0.0
115,10,656,GRE,YellowCard,55,Foul,0.0
116,10,499,NGA,YellowCard,29,Foul,0.0
117,10,662,GRE,Substitution,83,Sub On,0.0
118,10,658,GRE,Substitution,82,Sub On,0.0
119,10,652,GRE,Substitution,50,Sub On,0.0
120,10,647,GRE,Substitution,59,Sub On,0.0
121,10,664,GRE,Substitution,84,Sub On,0.0
122,10,500,NGA,Substitution,54,Sub On,0.0
123,10,494,NGA,Substitution,48,Sub On,0.0
124,10,487,NGA,Substitution,65,Sub On,0.0
125,10,497,NGA,Substitution,62,Sub On,0.0
126,10,501,NGA,Substitution,88,Sub On,0.0
127,11,487,NGA,Goal,31,Open Play,0.46
128,11,492,NGA,Goal,83,Open Play,0.86
129,11,214,KOR,Goal,39,Open Play,0.33
130,11,228,KOR,Goal,51,Open Play,0.07
131,11,493,NGA,YellowCard,7,Foul,0.0
132,11,492,NGA,YellowCard,82,Foul,0.0
133,11,224,KOR,YellowCard,57,Foul,0.0
134,11,220,KOR,YellowCard,89,Foul,0.0
135,11,504,NGA,Substitution,80,Sub On,0.0
136,11,486,NGA,Substitution,80,Sub On,0.0
137,11,499,NGA,Substitution,85,Sub On,0.0
138,11,506,NGA,Substitution,53,Sub On,0.0
139,11,486,NGA,Substitution,83,Sub On,0.0
140,11,214,KOR,Substitution,55,Sub On,0.0
141,11,219,KOR,Substitution,50,Sub On,0.0
142,11,228,KOR,Substitution,64,Sub On,0.0
143,11,218,KOR,Substitution,73,Sub On,0.0
144,12,101,ARG,Goal,69,Open Play,0.68
145,12,102,ARG,Goal,76,Open Play,0.38
146,12,111,ARG,YellowCard,78,Foul,0.0
147,12,95,ARG,YellowCard,4,Foul,0.0
148,12,100,ARG,YellowCard,72,Foul,0.0
149,12,663,GRE,YellowCard,58,Foul,0.0
150,12,658,GRE,YellowCard,94,Foul,0.0
151,12,97,ARG,YellowCard,73,Foul,0.0
152,12,656,GRE,Substitution,50,Sub On,0.0
153,12,645,GRE,Substitution,71,Sub On,0.0
154,12,656,GRE,Substitution,67,Sub On,0.0
155,12,662,GRE,Substitution,48,Sub On,0.0
156,12,649,GRE,Substitution,64,Sub On,0.0
157,12,109,ARG,Substitution,73,Sub On,0.0
158,12,95,ARG,Substitution,50,Sub On,0.0
159,12,115,ARG,Substitution,76,Sub On,0.0
160,12,99,ARG,Substitution,53,Sub On,0.0
161,12,113,ARG,Substitution,56,Sub On,0.0
162,13,287,ENG,Goal,8,Open Play,0.21
163,13,232,USA,Goal,69,Open Play,0.42
164,13,232,USA,YellowCard,70,Foul,0.0
165,13,278,ENG,YellowCard,15,Foul,0.0
166,13,295,ENG,YellowCard,84,Foul,0.0
167,13,234,USA,YellowCard,23,Foul,0.0
168,13,294,ENG,YellowCard,32,Foul,0.0
169,13,278,ENG,YellowCard,9,Foul,0.0
170,13,280,ENG,Substitution,77,Sub On,0.0
171,13,282,ENG,Substitution,53,Sub On,0.0
172,13,282,ENG,Substitution,57,Sub On,0.0
173,13,278,ENG,Substitution,88,Sub On,0.0
174,13,290,ENG,Substitution,46,Sub On,0.0
175,13,236,USA,Substitution,62,Sub On,0.0
176,13,247,USA,Substitution,50,Sub On,0.0
177,13,249,USA,Substitution,73,Sub On,0.0
178,13,241,USA,Substitution,84,Sub On,0.0
179,14,299,ENG,YellowCard,2,Foul,0.0
180,14,482,ALG,YellowCard,90,Foul,0.0
181,14,483,ALG,YellowCard,33,Foul,0.0
182,14,299,ENG,Substitution,71,Sub On,0.0
183,14,285,ENG,Substitution,78,Sub On,0.0
184,14,287,ENG,Substitution,65,Sub On,0.0
185,14,287,ENG,Substitution,65,Sub On,0.0
186,14,288,ENG,Substitution,85,Sub On,0.0
187,14,478,ALG,Substitution,85,Sub On,0.0
188,14,473,ALG,Substitution,55,Sub On,0.0
189,14,462,ALG,Substitution,73,Sub On,0.0
190,15,684,SVN,Goal,42,Open Play,0.29
191,15,483,ALG,YellowCard,80,Foul,0.0
192,15,686,SVN,YellowCard,80,Foul,0.0
193,15,467,ALG,YellowCard,53,Foul,0.0
194,15,468,ALG,YellowCard,69,Foul,0.0
195,15,474,ALG,RedCard,75,Serious Foul,0.0
196,15,676,SVN,Substitution,80,Sub On,0.0
197,15,672,SVN,Substitution,79,Sub On,0.0
198,15,685,SVN,Substitution,87,Sub On,0.0
199,15,682,SVN,Substitution,57,Sub On,0.0
200,15,688,SVN,Substitution,59,Sub On,0.0
201,15,461,ALG,Substitution,66,Sub On,0.0
202,15,466,ALG,Substitution,56,Sub On,0.0
203,15,478,ALG,Substitution,64,Sub On,0.0
204,16,245,USA,Goal,92,Open Play,0.39
205,16,253,USA,Goal,35,Open Play,0.69
206,16,670,SVN,Goal,87,Open Play,0.43
207,16,677,SVN,Goal,93,Open Play,0.34
208,16,233,USA,YellowCard,22,Foul,0.0
209,16,238,USA,YellowCard,31,Foul,0.0
210,16,234,USA,Substitution,53,Sub On,0.0
211,16,240,USA,Substitution,53,Sub On,0.0
212,16,248,USA,Substitution,81,Sub On,0.0
213,16,671,SVN,Substitution,76,Sub On,0.0
214,16,670,SVN,Substitution,84,Sub On,0.0
215,16,675,SVN,Substitution,53,Sub On,0.0
216,17,285,ENG,Goal,24,Open Play,0.66
217,17,288,ENG,YellowCard,52,Foul,0.0
218,17,298,ENG,YellowCard,62,Foul,0.0
219,17,290,ENG,Substitution,70,Sub On,0.0
220,17,285,ENG,Substitution,69,Sub On,0.0
221,17,295,ENG,Substitution,81,Sub On,0.0
222,17,298,ENG,Substitution,62,Sub On,0.0
223,17,287,ENG,Substitution,67,Sub On,0.0
224,17,674,SVN,Substitution,55,Sub On,0.0
225,17,671,SVN,Substitution,87,Sub On,0.0
226,17,674,SVN,Substitution,88,Sub On,0.0
227,17,672,SVN,Substitution,86,Sub On,0.0
228,17,672,SVN,Substitution,61,Sub On,0.0
229,18,231,USA,Goal,93,Open Play,0.69
230,18,462,ALG,YellowCard,63,Foul,0.0
231,18,243,USA,YellowCard,30,Foul,0.0
232,18,236,USA,YellowCard,6,Foul,0.0
233,18,243,USA,YellowCard,21,Foul,0.0
234,18,234,USA,Substitution,66,Sub On,0.0
235,18,240,USA,Substitution,76,Sub On,0.0
236,18,232,USA,Substitution,77,Sub On,0.0
237,18,246,USA,Substitution,85,Sub On,0.0
238,18,241,USA,Substitution,61,Sub On,0.0
239,18,470,ALG,Substitution,51,Sub On,0.0
240,18,463,ALG,Substitution,77,Sub On,0.0
241,18,471,ALG,Substitution,67,Sub On,0.0
242,18,470,ALG,Substitution,69,Sub On,0.0
243,19,69,GER,Goal,22,Open Play,0.22
244,19,55,GER,Goal,5,Open Play,0.37
245,19,47,GER,Goal,55,Open Play,0.32
246,19,47,GER,Goal,1,Open Play,0.37
247,19,520,AUS,YellowCard,38,Foul,0.0
248,19,514,AUS,YellowCard,89,Foul,0.0
249,19,527,AUS,YellowCard,65,Foul,0.0
250,19,510,AUS,YellowCard,43,Foul,0.0
251,19,59,GER,Substitution,53,Sub On,0.0
252,19,53,GER,Substitution,75,Sub On,0.0
253,19,56,GER,Substitution,57,Sub On,0.0
254,19,55,GER,Substitution,74,Sub On,0.0
255,19,514,AUS,Substitution,57,Sub On,0.0
256,19,525,AUS,Substitution,74,Sub On,0.0
257,19,525,AUS,Substitution,80,Sub On,0.0
258,19,517,AUS,Substitution,68,Sub On,0.0
259,20,144,GHA,Goal,91,Open Play,0.23
260,20,556,SRB,YellowCard,2,Foul,0.0
261,20,149,GHA,YellowCard,64,Foul,0.0
262,20,155,GHA,YellowCard,52,Foul,0.0
263,20,149,GHA,YellowCard,8,Foul,0.0
264,20,556,SRB,Substitution,49,Sub On,0.0
265,20,566,SRB,Substitution,58,Sub On,0.0
266,20,575,SRB,Substitution,67,Sub On,0.0
267,20,146,GHA,Substitution,50,Sub On,0.0
268,20,149,GHA,Substitution,81,Sub On,0.0
269,20,142,GHA,Substitution,49,Sub On,0.0
270,20,155,GHA,Substitution,57,Sub On,0.0
271,21,572,SRB,Goal,54,Open Play,0.35
272,21,59,GER,YellowCard,57,Foul,0.0
273,21,62,GER,YellowCard,18,Foul,0.0
274,21,55,GER,Substitution,59,Sub On,0.0
275,21,69,GER,Substitution,84,Sub On,0.0
276,21,57,GER,Substitution,69,Sub On,0.0
277,21,49,GER,Substitution,52,Sub On,0.0
278,21,569,SRB,Substitution,51,Sub On,0.0
279,21,575,SRB,Substitution,56,Sub On,0.0
280,21,557,SRB,Substitution,46,Sub On,0.0
281,21,557,SRB,Substitution,60,Sub On,0.0
282,21,575,SRB,Substitution,84,Sub On,0.0
283,22,142,GHA,Goal,59,Open Play,0.14
284,22,524,AUS,Goal,90,Open Play,0.56
285,22,528,AUS,YellowCard,78,Foul,0.0
286,22,517,AUS,YellowCard,15,Foul,0.0
287,22,528,AUS,YellowCard,50,Foul,0.0
288,22,525,AUS,YellowCard,17,Foul,0.0
289,22,140,GHA,RedCard,17,Serious Foul,0.0
290,22,148,GHA,Substitution,55,Sub On,0.0
291,22,144,GHA,Substitution,50,Sub On,0.0
292,22,142,GHA,Substitution,80,Sub On,0.0
293,22,528,AUS,Substitution,62,Sub On,0.0
294,22,517,AUS,Substitution,54,Sub On,0.0
295,22,516,AUS,Substitution,58,Sub On,0.0
296,22,515,AUS,Substitution,89,Sub On,0.0
297,22,520,AUS,Substitution,69,Sub On,0.0
298,23,69,GER,Goal,60,Open Play,0.32
299,23,142,GHA,YellowCard,67,Foul,0.0
300,23,150,GHA,YellowCard,18,Foul,0.0
301,23,156,GHA,Substitution,74,Sub On,0.0
302,23,148,GHA,Substitution,57,Sub On,0.0
303,23,160,GHA,Substitution,68,Sub On,0.0
304,23,64,GER,Substitution,54,Sub On,0.0
305,23,58,GER,Substitution,57,Sub On,0.0
306,23,69,GER,Substitution,89,Sub On,0.0
307,24,511,AUS,Goal,13,Open Play,0.24
308,24,514,AUS,Goal,25,Open Play,0.49
309,24,563,SRB,Goal,78,Open Play,0.76
310,24,519,AUS,YellowCard,30,Foul,0.0
311,24,569,SRB,YellowCard,91,Foul,0.0
312,24,559,SRB,YellowCard,47,Foul,0.0
313,24,570,SRB,YellowCard,29,Foul,0.0
314,24,519,AUS,Substitution,46,Sub On,0.0
315,24,523,AUS,Substitution,62,Sub On,0.0
316,24,511,AUS,Substitution,50,Sub On,0.0
317,24,521,AUS,Substitution,49,Sub On,0.0
318,24,574,SRB,Substitution,61,Sub On,0.0
319,24,568,SRB,Substitution,52,Sub On,0.0
320,24,571,SRB,Substitution,74,Sub On,0.0
321,24,573,SRB,Substitution,58,Sub On,0.0
322,24,559,SRB,Substitution,55,Sub On,0.0
323,25,41,NED,Goal,44,Open Play,0.79
324,25,41,NED,Goal,92,Open Play,0.66
325,25,597,DEN,YellowCard,55,Foul,0.0
326,25,44,NED,YellowCard,19,Foul,0.0
327,25,37,NED,Substitution,68,Sub On,0.0
328,25,40,NED,Substitution,48,Sub On,0.0
329,25,41,NED,Substitution,47,Sub On,0.0
330,25,28,NED,Substitution,76,Sub On,0.0
331,25,40,NED,Substitution,50,Sub On,0.0
332,25,588,DEN,Substitution,54,Sub On,0.0
333,25,595,DEN,Substitution,80,Sub On,0.0
334,25,586,DEN,Substitution,48,Sub On,0.0
335,25,591,DEN,Substitution,58,Sub On,0.0
336,25,577,DEN,Substitution,82,Sub On,0.0
337,26,191,JPN,Goal,16,Open Play,0.29
338,26,201,JPN,YellowCard,76,Foul,0.0
339,26,415,CMR,YellowCard,45,Foul,0.0
340,26,435,CMR,YellowCard,13,Foul,0.0
341,26,201,JPN,YellowCard,47,Foul,0.0
342,26,205,JPN,Substitution,50,Sub On,0.0
343,26,203,JPN,Substitution,74,Sub On,0.0
344,26,192,JPN,Substitution,46,Sub On,0.0
345,26,424,CMR,Substitution,79,Sub On,0.0
346,26,419,CMR,Substitution,61,Sub On,0.0
347,26,436,CMR,Substitution,79,Sub On,0.0
348,27,28,NED,Goal,39,Open Play,0.68
349,27,203,JPN,YellowCard,64,Foul,0.0
350,27,202,JPN,YellowCard,72,Foul,0.0
351,27,41,NED,YellowCard,21,Foul,0.0
352,27,187,JPN,YellowCard,18,Foul,0.0
353,27,189,JPN,YellowCard,87,Foul,0.0
354,27,42,NED,Substitution,80,Sub On,0.0
355,27,38,NED,Substitution,53,Sub On,0.0
356,27,28,NED,Substitution,84,Sub On,0.0
357,27,203,JPN,Substitution,74,Sub On,0.0
358,27,191,JPN,Substitution,73,Sub On,0.0
359,27,187,JPN,Substitution,46,Sub On,0.0
360,28,416,CMR,Goal,16,Open Play,0.89
361,28,593,DEN,Goal,66,Open Play,0.88
362,28,591,DEN,Goal,31,Open Play,0.73
363,28,432,CMR,YellowCard,59,Foul,0.0
364,28,430,CMR,YellowCard,41,Foul,0.0
365,28,578,DEN,YellowCard,53,Foul,0.0
366,28,423,CMR,YellowCard,72,Foul,0.0
367,28,586,DEN,YellowCard,33,Foul,0.0
368,28,594,DEN,RedCard,67,Serious Foul,0.0
369,28,420,CMR,Substitution,65,Sub On,0.0
370,28,416,CMR,Substitution,65,Sub On,0.0
371,28,424,CMR,Substitution,88,Sub On,0.0
372,28,596,DEN,Substitution,53,Sub On,0.0
373,28,594,DEN,Substitution,58,Sub On,0.0
374,28,582,DEN,Substitution,49,Sub On,0.0
375,29,204,JPN,Goal,60,Open Play,0.34
376,29,195,JPN,Goal,36,Open Play,0.35
377,29,195,JPN,Goal,22,Open Play,0.61
378,29,590,DEN,Goal,38,Open Play,0.64
379,29,197,JPN,YellowCard,5,Foul,0.0
380,29,205,JPN,YellowCard,41,Foul,0.0
381,29,189,JPN,YellowCard,46,Foul,0.0
382,29,589,DEN,YellowCard,12,Foul,0.0
383,29,188,JPN,Substitution,69,Sub On,0.0
384,29,186,JPN,Substitution,81,Sub On,0.0
385,29,193,JPN,Substitution,59,Sub On,0.0
386,29,581,DEN,Substitution,65,Sub On,0.0
387,29,577,DEN,Substitution,47,Sub On,0.0
388,29,598,DEN,Substitution,70,Sub On,0.0
389,30,419,CMR,Goal,26,Open Play,0.42
390,30,38,NED,Goal,16,Open Play,0.29
391,30,44,NED,Goal,21,Open Play,0.78
392,30,44,NED,YellowCard,58,Foul,0.0
393,30,36,NED,YellowCard,4,Foul,0.0
394,30,30,NED,YellowCard,4,Foul,0.0
395,30,425,CMR,Substitution,69,Sub On,0.0
396,30,415,CMR,Substitution,59,Sub On,0.0
397,30,431,CMR,Substitution,81,Sub On,0.0
398,30,430,CMR,Substitution,58,Sub On,0.0
399,30,424,CMR,Substitution,47,Sub On,0.0
400,30,42,NED,Substitution,85,Sub On,0.0
401,30,37,NED,Substitution,86,Sub On,0.0
402,30,24,NED,Substitution,47,Sub On,0.0
403,31,637,ITA,Goal,12,Open Play,0.14
404,31,165,PAR,Goal,91,Open Play,0.47
405,31,632,ITA,YellowCard,46,Foul,0.0
406,31,625,ITA,YellowCard,50,Foul,0.0
407,31,166,PAR,YellowCard,81,Foul,0.0
408,31,173,PAR,YellowCard,79,Foul,0.0
409,31,174,PAR,YellowCard,2,Foul,0.0
410,31,643,ITA,Substitution,50,Sub On,0.0
411,31,634,ITA,Substitution,71,Sub On,0.0
412,31,635,ITA,Substitution,66,Sub On,0.0
413,31,627,ITA,Substitution,81,Sub On,0.0
414,31,169,PAR,Substitution,53,Sub On,0.0
415,31,183,PAR,Substitution,50,Sub On,0.0
416,31,171,PAR,Substitution,60,Sub On,0.0
417,31,163,PAR,Substitution,74,Sub On,0.0
418,31,172,PAR,Substitution,85,Sub On,0.0
419,32,532,NZL,Goal,41,Open Play,0.29
420,32,352,SVK,Goal,9,Open Play,0.07
421,32,531,NZL,YellowCard,25,Foul,0.0
422,32,355,SVK,YellowCard,66,Foul,0.0
423,32,531,NZL,YellowCard,63,Foul,0.0
424,32,366,SVK,YellowCard,19,Foul,0.0
425,32,533,NZL,YellowCard,83,Foul,0.0
426,32,548,NZL,Substitution,57,Sub On,0.0
427,32,552,NZL,Substitution,70,Sub On,0.0
428,32,539,NZL,Substitution,79,Sub On,0.0
429,32,547,NZL,Substitution,55,Sub On,0.0
430,32,546,NZL,Substitution,56,Sub On,0.0
431,32,348,SVK,Substitution,67,Sub On,0.0
432,32,368,SVK,Substitution,49,Sub On,0.0
433,32,351,SVK,Substitution,74,Sub On,0.0
434,32,347,SVK,Substitution,60,Sub On,0.0
435,33,623,ITA,Goal,6,Open Play,0.22
436,33,543,NZL,Goal,13,Open Play,0.11
437,33,548,NZL,YellowCard,93,Foul,0.0
438,33,642,ITA,YellowCard,80,Foul,0.0
439,33,547,NZL,YellowCard,14,Foul,0.0
440,33,631,ITA,Substitution,53,Sub On,0.0
441,33,642,ITA,Substitution,76,Sub On,0.0
442,33,642,ITA,Substitution,74,Sub On,0.0
443,33,636,ITA,Substitution,63,Sub On,0.0
444,33,633,ITA,Substitution,72,Sub On,0.0
445,33,550,NZL,Substitution,63,Sub On,0.0
446,33,534,NZL,Substitution,70,Sub On,0.0
447,33,542,NZL,Substitution,48,Sub On,0.0
448,33,538,NZL,Substitution,48,Sub On,0.0
449,34,175,PAR,Goal,51,Open Play,0.8
450,34,166,PAR,Goal,36,Open Play,0.11
451,34,354,SVK,YellowCard,41,Foul,0.0
452,34,366,SVK,YellowCard,17,Foul,0.0
453,34,183,PAR,YellowCard,17,Foul,0.0
454,34,184,PAR,YellowCard,60,Foul,0.0
455,34,350,SVK,YellowCard,19,Foul,0.0
456,34,162,PAR,YellowCard,72,Foul,0.0
457,34,366,SVK,Substitution,48,Sub On,0.0
458,34,361,SVK,Substitution,65,Sub On,0.0
459,34,368,SVK,Substitution,84,Sub On,0.0
460,34,351,SVK,Substitution,73,Sub On,0.0
461,34,175,PAR,Substitution,61,Sub On,0.0
462,34,163,PAR,Substitution,55,Sub On,0.0
463,34,168,PAR,Substitution,58,Sub On,0.0
464,34,184,PAR,Substitution,84,Sub On,0.0
465,34,171,PAR,Substitution,74,Sub On,0.0
466,35,364,SVK,Goal,22,Penalty,0.58
467,35,347,SVK,Goal,9,Open Play,0.75
468,35,354,SVK,Goal,81,Open Play,0.63
469,35,631,ITA,Goal,8,Open Play,0.32
470,35,624,ITA,Goal,38,Open Play,0.23
471,35,641,ITA,YellowCard,77,Foul,0.0
472,35,353,SVK,YellowCard,18,Foul,0.0
473,35,361,SVK,YellowCard,59,Foul,0.0
474,35,367,SVK,YellowCard,67,Foul,0.0
475,35,347,SVK,Substitution,52,Sub On,0.0
476,35,351,SVK,Substitution,53,Sub On,0.0
477,35,367,SVK,Substitution,58,Sub On,0.0
478,35,631,ITA,Substitution,74,Sub On,0.0
479,35,641,ITA,Substitution,65,Sub On,0.0
480,35,630,ITA,Substitution,86,Sub On,0.0
481,35,641,ITA,Substitution,76,Sub On,0.0
482,36,533,NZL,YellowCard,72,Foul,0.0
483,36,166,PAR,YellowCard,2,Foul,0.0
484,36,182,PAR,YellowCard,12,Foul,0.0
485,36,183,PAR,Substitution,76,Sub On,0.0
486,36,166,PAR,Substitution,89,Sub On,0.0
487,36,165,PAR,Substitution,83,Sub On,0.0
488,36,544,NZL,Substitution,71,Sub On,0.0
489,36,552,NZL,Substitution,89,Sub On,0.0
490,36,548,NZL,Substitution,56,Sub On,0.0
491,36,544,NZL,Substitution,46,Sub On,0.0
492,36,539,NZL,Substitution,81,Sub On,0.0
493,37,132,BRA,Goal,84,Open Play,0.08
494,37,132,BRA,Goal,53,Open Play,0.78
495,37,702,PRK,Goal,24,Open Play,0.46
496,37,117,BRA,YellowCard,36,Foul,0.0
497,37,692,PRK,YellowCard,33,Foul,0.0
498,37,700,PRK,YellowCard,32,Foul,0.0
499,37,124,BRA,Substitution,89,Sub On,0.0
500,37,132,BRA,Substitution,64,Sub On,0.0
501,37,128,BRA,Substitution,83,Sub On,0.0
502,37,116,BRA,Substitution,86,Sub On,0.0
503,37,711,PRK,Substitution,50,Sub On,0.0
504,37,693,PRK,Substitution,68,Sub On,0.0
505,37,697,PRK,Substitution,63,Sub On,0.0
506,37,697,PRK,Substitution,86,Sub On,0.0
507,38,300,POR,YellowCard,39,Foul,0.0
508,38,314,POR,YellowCard,76,Foul,0.0
509,38,452,CIV,YellowCard,78,Foul,0.0
510,38,460,CIV,YellowCard,44,Foul,0.0
511,38,302,POR,YellowCard,80,Foul,0.0
512,38,455,CIV,RedCard,46,Serious Foul,0.0
513,38,448,CIV,Substitution,75,Sub On,0.0
514,38,460,CIV,Substitution,82,Sub On,0.0
515,38,450,CIV,Substitution,72,Sub On,0.0
516,38,456,CIV,Substitution,62,Sub On,0.0
517,38,449,CIV,Substitution,86,Sub On,0.0
518,38,310,POR,Substitution,68,Sub On,0.0
519,38,319,POR,Substitution,85,Sub On,0.0
520,38,317,POR,Substitution,49,Sub On,0.0
521,38,318,POR,Substitution,87,Sub On,0.0
522,39,129,BRA,Goal,41,Own Goal,0.19
523,39,119,BRA,Goal,64,Open Play,0.51
524,39,127,BRA,Goal,61,Open Play,0.16
525,39,438,CIV,Goal,38,Open Play,0.71
526,39,454,CIV,YellowCard,69,Foul,0.0
527,39,456,CIV,YellowCard,89,Foul,0.0
528,39,135,BRA,YellowCard,79,Foul,0.0
529,39,439,CIV,YellowCard,12,Foul,0.0
530,39,442,CIV,YellowCard,14,Foul,0.0
531,39,438,CIV,YellowCard,70,Foul,0.0
532,39,117,BRA,Substitution,86,Sub On,0.0
533,39,121,BRA,Substitution,66,Sub On,0.0
534,39,125,BRA,Substitution,84,Sub On,0.0
535,39,137,BRA,Substitution,63,Sub On,0.0
536,39,135,BRA,Substitution,76,Sub On,0.0
537,39,438,CIV,Substitution,64,Sub On,0.0
538,39,448,CIV,Substitution,79,Sub On,0.0
539,39,460,CIV,Substitution,75,Sub On,0.0
540,39,448,CIV,Substitution,67,Sub On,0.0
541,39,455,CIV,Substitution,62,Sub On,0.0
542,40,306,POR,Goal,55,Open Play,0.72
543,40,306,POR,Goal,22,Open Play,0.35
544,40,306,POR,Goal,28,Open Play,0.65
545,40,322,POR,Goal,60,Open Play,0.39
546,40,306,POR,Goal,48,Open Play,0.8
547,40,306,POR,Goal,50,Open Play,0.32
548,40,308,POR,Goal,30,Penalty,0.16
549,40,712,PRK,YellowCard,47,Foul,0.0
550,40,317,POR,YellowCard,87,Foul,0.0
551,40,307,POR,YellowCard,46,Foul,0.0
552,40,315,POR,Substitution,76,Sub On,0.0
553,40,308,POR,Substitution,63,Sub On,0.0
554,40,317,POR,Substitution,63,Sub On,0.0
555,40,713,PRK,Substitution,46,Sub On,0.0
556,40,709,PRK,Substitution,66,Sub On,0.0
557,40,704,PRK,Substitution,61,Sub On,0.0
558,41,303,POR,YellowCard,92,Foul,0.0
559,41,127,BRA,YellowCard,58,Foul,0.0
560,41,130,BRA,YellowCard,22,Foul,0.0
561,41,122,BRA,YellowCard,13,Foul,0.0
562,41,315,POR,YellowCard,79,Foul,0.0
563,41,306,POR,YellowCard,4,Foul,0.0
564,41,313,POR,Substitution,84,Sub On,0.0
565,41,318,POR,Substitution,87,Sub On,0.0
566,41,304,POR,Substitution,78,Sub On,0.0
567,41,300,POR,Substitution,48,Sub On,0.0
568,41,300,POR,Substitution,54,Sub On,0.0
569,41,124,BRA,Substitution,60,Sub On,0.0
570,41,132,BRA,Substitution,86,Sub On,0.0
571,41,126,BRA,Substitution,81,Sub On,0.0
572,41,118,BRA,Substitution,70,Sub On,0.0
573,41,124,BRA,Substitution,52,Sub On,0.0
574,42,438,CIV,Goal,38,Open Play,0.84
575,42,438,CIV,Goal,38,Open Play,0.87
576,42,444,CIV,Goal,54,Open Play,0.74
577,42,698,PRK,YellowCard,24,Foul,0.0
578,42,712,PRK,YellowCard,50,Foul,0.0
579,42,458,CIV,YellowCard,92,Foul,0.0
580,42,444,CIV,YellowCard,73,Foul,0.0
581,42,712,PRK,RedCard,93,Serious Foul,0.0
582,42,711,PRK,Substitution,68,Sub On,0.0
583,42,709,PRK,Substitution,55,Sub On,0.0
584,42,710,PRK,Substitution,60,Sub On,0.0
585,42,446,CIV,Substitution,46,Sub On,0.0
586,42,444,CIV,Substitution,72,Sub On,0.0
587,42,438,CIV,Substitution,51,Sub On,0.0
588,42,451,CIV,Substitution,47,Sub On,0.0
589,43,389,SUI,Goal,10,Open Play,0.31
590,43,390,SUI,YellowCard,36,Foul,0.0
591,43,372,SUI,YellowCard,55,Foul,0.0
592,43,3,ESP,Substitution,48,Sub On,0.0
593,43,7,ESP,Substitution,51,Sub On,0.0
594,43,12,ESP,Substitution,70,Sub On,0.0
595,43,23,ESP,Substitution,57,Sub On,0.0
596,43,376,SUI,Substitution,80,Sub On,0.0
597,43,374,SUI,Substitution,75,Sub On,0.0
598,43,376,SUI,Substitution,56,Sub On,0.0
599,44,339,CHI,Goal,10,Open Play,0.25
600,44,406,HON,YellowCard,4,Foul,0.0
601,44,407,HON,YellowCard,4,Foul,0.0
602,44,339,CHI,YellowCard,40,Foul,0.0
603,44,396,HON,YellowCard,60,Foul,0.0
604,44,392,HON,Substitution,72,Sub On,0.0
605,44,393,HON,Substitution,54,Sub On,0.0
606,44,412,HON,Substitution,75,Sub On,0.0
607,44,396,HON,Substitution,54,Sub On,0.0
608,44,342,CHI,Substitution,55,Sub On,0.0
609,44,323,CHI,Substitution,83,Sub On,0.0
610,44,339,CHI,Substitution,66,Sub On,0.0
611,44,337,CHI,Substitution,62,Sub On,0.0
612,44,323,CHI,Substitution,86,Sub On,0.0
613,45,16,ESP,Goal,44,Open Play,0.25
614,45,16,ESP,Goal,67,Open Play,0.6
615,45,412,HON,YellowCard,52,Foul,0.0
616,45,4,ESP,YellowCard,57,Foul,0.0
617,45,394,HON,YellowCard,40,Foul,0.0
618,45,23,ESP,Substitution,77,Sub On,0.0
619,45,11,ESP,Substitution,59,Sub On,0.0
620,45,9,ESP,Substitution,62,Sub On,0.0
621,45,14,ESP,Substitution,77,Sub On,0.0
622,45,412,HON,Substitution,71,Sub On,0.0
623,45,404,HON,Substitution,47,Sub On,0.0
624,45,395,HON,Substitution,55,Sub On,0.0
625,45,413,HON,Substitution,68,Sub On,0.0
626,46,339,CHI,Goal,54,Open Play,0.86
627,46,345,CHI,YellowCard,36,Foul,0.0
628,46,343,CHI,YellowCard,6,Foul,0.0
629,46,387,SUI,YellowCard,65,Foul,0.0
630,46,374,SUI,YellowCard,48,Foul,0.0
631,46,333,CHI,YellowCard,79,Foul,0.0
632,46,330,CHI,YellowCard,28,Foul,0.0
633,46,332,CHI,Substitution,81,Sub On,0.0
634,46,339,CHI,Substitution,88,Sub On,0.0
635,46,325,CHI,Substitution,70,Sub On,0.0
636,46,334,CHI,Substitution,77,Sub On,0.0
637,46,390,SUI,Substitution,68,Sub On,0.0
638,46,388,SUI,Substitution,83,Sub On,0.0
639,46,387,SUI,Substitution,62,Sub On,0.0
640,46,388,SUI,Substitution,88,Sub On,0.0
641,46,383,SUI,Substitution,77,Sub On,0.0
642,47,338,CHI,Goal,6,Open Play,0.6
643,47,15,ESP,Goal,13,Open Play,0.1
644,47,16,ESP,Goal,84,Open Play,0.09
645,47,330,CHI,YellowCard,92,Foul,0.0
646,47,339,CHI,YellowCard,61,Foul,0.0
647,47,342,CHI,Substitution,66,Sub On,0.0
648,47,326,CHI,Substitution,64,Sub On,0.0
649,47,330,CHI,Substitution,54,Sub On,0.0
650,47,325,CHI,Substitution,71,Sub On,0.0
651,47,20,ESP,Substitution,87,Sub On,0.0
652,47,8,ESP,Substitution,58,Sub On,0.0
653,47,15,ESP,Substitution,80,Sub On,0.0
654,48,381,SUI,YellowCard,45,Foul,0.0
655,48,391,SUI,YellowCard,39,Foul,0.0
656,48,385,SUI,Substitution,81,Sub On,0.0
657,48,385,SUI,Substitution,68,Sub On,0.0
658,48,383,SUI,Substitution,59,Sub On,0.0
659,48,376,SUI,Substitution,82,Sub On,0.0
660,48,399,HON,Substitution,82,Sub On,0.0
661,48,403,HON,Substitution,53,Sub On,0.0
662,48,403,HON,Substitution,63,Sub On,0.0
663,48,412,HON,Substitution,71,Sub On,0.0
664,49,74,URU,Goal,12,Open Play,0.15
665,49,85,URU,Goal,6,Open Play,0.25
666,49,223,KOR,Goal,23,Open Play,0.41
667,49,70,URU,YellowCard,41,Foul,0.0
668,49,225,KOR,YellowCard,73,Foul,0.0
669,49,75,URU,YellowCard,7,Foul,0.0
670,49,86,URU,Substitution,88,Sub On,0.0
671,49,89,URU,Substitution,52,Sub On,0.0
672,49,82,URU,Substitution,71,Sub On,0.0
673,49,79,URU,Substitution,50,Sub On,0.0
674,49,83,URU,Substitution,85,Sub On,0.0
675,49,210,KOR,Substitution,82,Sub On,0.0
676,49,217,KOR,Substitution,84,Sub On,0.0
677,49,218,KOR,Substitution,68,Sub On,0.0
678,50,240,USA,Goal,76,Open Play,0.86
679,50,141,GHA,Goal,6,Open Play,0.4
680,50,142,GHA,Goal,70,Own Goal,0.76
681,50,157,GHA,YellowCard,9,Foul,0.0
682,50,252,USA,YellowCard,61,Foul,0.0
683,50,240,USA,YellowCard,74,Foul,0.0
684,50,158,GHA,YellowCard,34,Foul,0.0
685,50,233,USA,YellowCard,58,Foul,0.0
686,50,152,GHA,YellowCard,61,Foul,0.0
687,50,246,USA,Substitution,61,Sub On,0.0
688,50,242,USA,Substitution,64,Sub On,0.0
689,50,249,USA,Substitution,68,Sub On,0.0
690,50,158,GHA,Substitution,79,Sub On,0.0
691,50,156,GHA,Substitution,87,Sub On,0.0
692,50,155,GHA,Substitution,50,Sub On,0.0
693,50,139,GHA,Substitution,60,Sub On,0.0
694,50,148,GHA,Substitution,84,Sub On,0.0
695,51,26,NED,Goal,16,Open Play,0.46
696,51,33,NED,Goal,31,Open Play,0.84
697,51,364,SVK,Goal,49,Open Play,0.28
698,51,29,NED,YellowCard,61,Foul,0.0
699,51,30,NED,YellowCard,40,Foul,0.0
700,51,46,NED,YellowCard,22,Foul,0.0
701,51,360,SVK,RedCard,5,Serious Foul,0.0
702,51,39,NED,Substitution,67,Sub On,0.0
703,51,40,NED,Substitution,70,Sub On,0.0
704,51,25,NED,Substitution,72,Sub On,0.0
705,51,25,NED,Substitution,84,Sub On,0.0
706,51,361,SVK,Substitution,58,Sub On,0.0
707,51,367,SVK,Substitution,77,Sub On,0.0
708,51,354,SVK,Substitution,53,Sub On,0.0
709,51,368,SVK,Substitution,68,Sub On,0.0
710,52,123,BRA,Goal,38,Open Play,0.46
711,52,125,BRA,Goal,66,Penalty,0.05
712,52,138,BRA,Goal,93,Open Play,0.9
713,52,324,CHI,YellowCard,90,Foul,0.0
714,52,331,CHI,YellowCard,70,Foul,0.0
715,52,125,BRA,Substitution,70,Sub On,0.0
716,52,119,BRA,Substitution,70,Sub On,0.0
717,52,116,BRA,Substitution,46,Sub On,0.0
718,52,341,CHI,Substitution,62,Sub On,0.0
719,52,340,CHI,Substitution,62,Sub On,0.0
720,52,336,CHI,Substitution,64,Sub On,0.0
721,52,335,CHI,Substitution,68,Sub On,0.0
722,52,333,CHI,Substitution,77,Sub On,0.0
723,53,109,ARG,Goal,14,Open Play,0.27
724,53,106,ARG,Goal,47,Open Play,0.2
725,53,98,ARG,Goal,49,Open Play,0.1
726,53,264,MEX,Goal,66,Open Play,0.63
727,53,109,ARG,YellowCard,52,Foul,0.0
728,53,94,ARG,YellowCard,90,Foul,0.0
729,53,115,ARG,YellowCard,87,Foul,0.0
730,53,94,ARG,YellowCard,57,Foul,0.0
731,53,102,ARG,YellowCard,60,Foul,0.0
732,53,112,ARG,YellowCard,66,Foul,0.0
733,53,107,ARG,Substitution,73,Sub On,0.0
734,53,93,ARG,Substitution,60,Sub On,0.0
735,53,114,ARG,Substitution,87,Sub On,0.0
736,53,100,ARG,Substitution,63,Sub On,0.0
737,53,104,ARG,Substitution,51,Sub On,0.0
738,53,257,MEX,Substitution,50,Sub On,0.0
739,53,270,MEX,Substitution,73,Sub On,0.0
740,53,267,MEX,Substitution,48,Sub On,0.0
741,53,274,MEX,Substitution,68,Sub On,0.0
742,53,261,MEX,Substitution,73,Sub On,0.0
743,54,285,ENG,Goal,9,Open Play,0.06
744,54,69,GER,Goal,45,Open Play,0.45
745,54,61,GER,Goal,18,Open Play,0.75
746,54,59,GER,Goal,40,Open Play,0.41
747,54,61,GER,Goal,11,Open Play,0.32
748,54,296,ENG,YellowCard,9,Foul,0.0
749,54,285,ENG,YellowCard,18,Foul,0.0
750,54,65,GER,YellowCard,28,Foul,0.0
751,54,293,ENG,YellowCard,90,Foul,0.0
752,54,50,GER,YellowCard,36,Foul,0.0
753,54,277,ENG,Substitution,88,Sub On,0.0
754,54,290,ENG,Substitution,65,Sub On,0.0
755,54,299,ENG,Substitution,85,Sub On,0.0
756,54,297,ENG,Substitution,69,Sub On,0.0
757,54,297,ENG,Substitution,74,Sub On,0.0
758,54,49,GER,Substitution,70,Sub On,0.0
759,54,60,GER,Substitution,50,Sub On,0.0
760,54,57,GER,Substitution,55,Sub On,0.0
761,54,55,GER,Substitution,62,Sub On,0.0
762,54,68,GER,Substitution,55,Sub On,0.0
763,55,196,JPN,YellowCard,27,Foul,0.0
764,55,163,PAR,YellowCard,43,Foul,0.0
765,55,164,PAR,Substitution,80,Sub On,0.0
766,55,183,PAR,Substitution,57,Sub On,0.0
767,55,177,PAR,Substitution,75,Sub On,0.0
768,55,200,JPN,Substitution,82,Sub On,0.0
769,55,185,JPN,Substitution,88,Sub On,0.0
770,55,197,JPN,Substitution,68,Sub On,0.0
771,55,206,JPN,Substitution,51,Sub On,0.0
772,55,206,JPN,Substitution,66,Sub On,0.0
773,56,10,ESP,Goal,22,Open Play,0.35
774,56,304,POR,YellowCard,67,Foul,0.0
775,56,311,POR,YellowCard,60,Foul,0.0
776,56,2,ESP,Substitution,80,Sub On,0.0
777,56,7,ESP,Substitution,86,Sub On,0.0
778,56,10,ESP,Substitution,67,Sub On,0.0
779,56,22,ESP,Substitution,46,Sub On,0.0
780,56,315,POR,Substitution,65,Sub On,0.0
781,56,304,POR,Substitution,47,Sub On,0.0
782,56,305,POR,Substitution,60,Sub On,0.0
783,57,42,NED,Goal,81,Open Play,0.72
784,57,26,NED,Goal,72,Open Play,0.57
785,57,119,BRA,Goal,90,Open Play,0.09
786,57,129,BRA,YellowCard,68,Foul,0.0
787,57,31,NED,YellowCard,67,Foul,0.0
788,57,24,NED,YellowCard,51,Foul,0.0
789,57,36,NED,YellowCard,17,Foul,0.0
790,57,117,BRA,YellowCard,37,Foul,0.0
791,57,36,NED,Substitution,51,Sub On,0.0
792,57,39,NED,Substitution,59,Sub On,0.0
793,57,34,NED,Substitution,73,Sub On,0.0
794,57,116,BRA,Substitution,49,Sub On,0.0
795,57,126,BRA,Substitution,87,Sub On,0.0
796,57,133,BRA,Substitution,56,Sub On,0.0
797,58,70,URU,Goal,78,Open Play,0.74
798,58,148,GHA,Goal,82,Open Play,0.42
799,58,153,GHA,YellowCard,4,Foul,0.0
800,58,87,URU,YellowCard,26,Foul,0.0
801,58,91,URU,YellowCard,51,Foul,0.0
802,58,90,URU,YellowCard,8,Foul,0.0
803,58,83,URU,Substitution,46,Sub On,0.0
804,58,81,URU,Substitution,69,Sub On,0.0
805,58,76,URU,Substitution,52,Sub On,0.0
806,58,80,URU,Substitution,67,Sub On,0.0
807,58,84,URU,Substitution,79,Sub On,0.0
808,58,147,GHA,Substitution,65,Sub On,0.0
809,58,143,GHA,Substitution,86,Sub On,0.0
810,58,141,GHA,Substitution,67,Sub On,0.0
811,59,47,GER,Goal,39,Open Play,0.83
812,59,54,GER,Goal,14,Open Play,0.37
813,59,54,GER,Goal,5,Open Play,0.87
814,59,59,GER,Goal,15,Open Play,0.23
815,59,53,GER,YellowCard,14,Foul,0.0
816,59,61,GER,YellowCard,78,Foul,0.0
817,59,112,ARG,YellowCard,34,Foul,0.0
818,59,59,GER,YellowCard,56,Foul,0.0
819,59,114,ARG,Substitution,62,Sub On,0.0
820,59,99,ARG,Substitution,57,Sub On,0.0
821,59,97,ARG,Substitution,88,Sub On,0.0
822,59,111,ARG,Substitution,54,Sub On,0.0
823,59,61,GER,Substitution,87,Sub On,0.0
824,59,48,GER,Substitution,49,Sub On,0.0
825,59,52,GER,Substitution,63,Sub On,0.0
826,60,2,ESP,Goal,44,Penalty,0.72
827,60,169,PAR,YellowCard,45,Foul,0.0
828,60,162,PAR,YellowCard,91,Foul,0.0
829,60,165,PAR,YellowCard,24,Foul,0.0
830,60,20,ESP,Substitution,63,Sub On,0.0
831,60,16,ESP,Substitution,63,Sub On,0.0
832,60,21,ESP,Substitution,75,Sub On,0.0
833,60,16,ESP,Substitution,75,Sub On,0.0
834,60,167,PAR,Substitution,68,Sub On,0.0
835,60,181,PAR,Substitution,67,Sub On,0.0
836,60,170,PAR,Substitution,62,Sub On,0.0
837,60,174,PAR,Substitution,81,Sub On,0.0
838,60,168,PAR,Substitution,62,Sub On,0.0
839,61,70,URU,Goal,1,Open Play,0.72
840,61,71,URU,Goal,46,Open Play,0.52
841,61,38,NED,Goal,1,Open Play,0.85
842,61,35,NED,Goal,18,Open Play,0.33
843,61,28,NED,Goal,68,Open Play,0.82
844,61,40,NED,YellowCard,77,Foul,0.0
845,61,87,URU,YellowCard,14,Foul,0.0
846,61,89,URU,Substitution,53,Sub On,0.0
847,61,88,URU,Substitution,66,Sub On,0.0
848,61,71,URU,Substitution,85,Sub On,0.0
849,61,86,URU,Substitution,51,Sub On,0.0
850,61,45,NED,Substitution,89,Sub On,0.0
851,61,31,NED,Substitution,49,Sub On,0.0
852,61,36,NED,Substitution,63,Sub On,0.0
853,61,27,NED,Substitution,50,Sub On,0.0
854,61,29,NED,Substitution,71,Sub On,0.0
855,62,6,ESP,Goal,28,Open Play,0.24
856,62,54,GER,YellowCard,33,Foul,0.0
857,62,56,GER,YellowCard,2,Foul,0.0
858,62,15,ESP,YellowCard,50,Foul,0.0
859,62,47,GER,Substitution,82,Sub On,0.0
860,62,60,GER,Substitution,67,Sub On,0.0
861,62,63,GER,Substitution,54,Sub On,0.0
862,62,3,ESP,Substitution,85,Sub On,0.0
863,62,5,ESP,Substitution,55,Sub On,0.0
864,62,12,ESP,Substitution,62,Sub On,0.0
865,62,19,ESP,Substitution,51,Sub On,0.0
866,63,81,URU,Goal,14,Open Play,0.67
867,63,78,URU,Goal,33,Open Play,0.89
868,63,48,GER,Goal,67,Open Play,0.13
869,63,49,GER,Goal,80,Open Play,0.2
870,63,50,GER,Goal,20,Open Play,0.77
871,63,48,GER,YellowCard,63,Foul,0.0
872,63,86,URU,YellowCard,27,Foul,0.0
873,63,56,GER,YellowCard,57,Foul,0.0
874,63,85,URU,YellowCard,23,Foul,0.0
875,63,57,GER,RedCard,35,Serious Foul,0.0
876,63,88,URU,Substitution,73,Sub On,0.0
877,63,82,URU,Substitution,65,Sub On,0.0
878,63,90,URU,Substitution,53,Sub On,0.0
879,63,89,URU,Substitution,68,Sub On,0.0
880,63,69,GER,Substitution,63,Sub On,0.0
881,63,60,GER,Substitution,55,Sub On,0.0
882,63,50,GER,Substitution,74,Sub On,0.0
883,63,47,GER,Substitution,89,Sub On,0.0
884,63,55,GER,Substitution,51,Sub On,0.0
885,64,4,ESP,Goal,56,Open Play,0.6
886,64,44,NED,YellowCard,62,Foul,0.0
887,64,15,ESP,YellowCard,73,Foul,0.0
888,64,6,ESP,YellowCard,69,Foul,0.0
889,64,19,ESP,YellowCard,39,Foul,0.0
890,64,24,NED,YellowCard,36,Foul,0.0
891,64,31,NED,Substitution,50,Sub On,0.0
892,64,46,NED,Substitution,65,Sub On,0.0
893,64,40,NED,Substitution,74,Sub On,0.0
894,64,21,ESP,Substitution,57,Sub On,0.0
895,64,14,ESP,Substitution,57,Sub On,0.0
896,64,23,ESP,Substitution,87,Sub On,0.0
897,64,20,ESP,Substitution,84,Sub On,0.0
898,65,812,BRA,Goal,61,Open Play,0.23
899,65,825,BRA,Goal,45,Open Play,0.14
900,65,813,BRA,Goal,61,Open Play,0.74
901,65,1440,CRO,Goal,65,Open Play,0.8
902,65,1444,CRO,YellowCard,56,Foul,0.0
903,65,810,BRA,YellowCard,38,Foul,0.0
904,65,1442,CRO,YellowCard,34,Foul,0.0
905,65,816,BRA,Substitution,77,Sub On,0.0
906,65,820,BRA,Substitution,60,Sub On,0.0
907,65,821,BRA,Substitution,76,Sub On,0.0
908,65,1442,CRO,Substitution,65,Sub On,0.0
909,65,1443,CRO,Substitution,59,Sub On,0.0
910,65,1448,CRO,Substitution,67,Sub On,0.0
911,65,1435,CRO,Substitution,55,Sub On,0.0
912,66,944,MEX,Goal,46,Own Goal,0.67
913,66,951,MEX,YellowCard,33,Foul,0.0
914,66,1231,CMR,YellowCard,35,Foul,0.0
915,66,965,MEX,YellowCard,76,Foul,0.0
916,66,952,MEX,Substitution,73,Sub On,0.0
917,66,954,MEX,Substitution,47,Sub On,0.0
918,66,946,MEX,Substitution,83,Sub On,0.0
919,66,946,MEX,Substitution,47,Sub On,0.0
920,66,1220,CMR,Substitution,50,Sub On,0.0
921,66,1233,CMR,Substitution,53,Sub On,0.0
922,66,1223,CMR,Substitution,86,Sub On,0.0
923,67,818,BRA,YellowCard,30,Foul,0.0
924,67,809,BRA,YellowCard,88,Foul,0.0
925,67,821,BRA,RedCard,29,Serious Foul,0.0
926,67,813,BRA,Substitution,83,Sub On,0.0
927,67,827,BRA,Substitution,73,Sub On,0.0
928,67,818,BRA,Substitution,78,Sub On,0.0
929,67,819,BRA,Substitution,72,Sub On,0.0
930,67,944,MEX,Substitution,55,Sub On,0.0
931,67,946,MEX,Substitution,51,Sub On,0.0
932,67,948,MEX,Substitution,62,Sub On,0.0
933,68,1448,CRO,Goal,17,Open Play,0.06
934,68,1443,CRO,Goal,80,Open Play,0.82
935,68,1434,CRO,Goal,15,Penalty,0.22
936,68,1443,CRO,Goal,52,Open Play,0.08
937,68,1224,CMR,YellowCard,27,Foul,0.0
938,68,1225,CMR,YellowCard,89,Foul,0.0
939,68,1234,CMR,YellowCard,8,Foul,0.0
940,68,1224,CMR,YellowCard,34,Foul,0.0
941,68,1231,CMR,Substitution,68,Sub On,0.0
942,68,1237,CMR,Substitution,73,Sub On,0.0
943,68,1229,CMR,Substitution,79,Sub On,0.0
944,68,1443,CRO,Substitution,64,Sub On,0.0
945,68,1444,CRO,Substitution,71,Sub On,0.0
946,68,1438,CRO,Substitution,59,Sub On,0.0
947,68,1446,CRO,Substitution,64,Sub On,0.0
948,69,1223,CMR,Goal,69,Penalty,0.07
949,69,825,BRA,Goal,61,Open Play,0.47
950,69,817,BRA,Goal,52,Open Play,0.11
951,69,825,BRA,Goal,54,Open Play,0.22
952,69,825,BRA,Goal,20,Open Play,0.77
953,69,1240,CMR,YellowCard,14,Foul,0.0
954,69,1222,CMR,YellowCard,13,Foul,0.0
955,69,810,BRA,YellowCard,84,Foul,0.0
956,69,824,BRA,YellowCard,33,Foul,0.0
957,69,1234,CMR,Substitution,70,Sub On,0.0
958,69,1234,CMR,Substitution,56,Sub On,0.0
959,69,1241,CMR,Substitution,72,Sub On,0.0
960,69,1242,CMR,Substitution,64,Sub On,0.0
961,69,1224,CMR,Substitution,86,Sub On,0.0
962,69,819,BRA,Substitution,47,Sub On,0.0
963,69,827,BRA,Substitution,64,Sub On,0.0
964,69,815,BRA,Substitution,54,Sub On,0.0
965,70,1428,CRO,Goal,46,Open Play,0.64
966,70,959,MEX,Goal,77,Open Play,0.86
967,70,956,MEX,Goal,85,Open Play,0.43
968,70,959,MEX,Goal,91,Open Play,0.39
969,70,1449,CRO,YellowCard,89,Foul,0.0
970,70,1430,CRO,YellowCard,37,Foul,0.0
971,70,948,MEX,YellowCard,94,Foul,0.0
972,70,1440,CRO,Substitution,87,Sub On,0.0
973,70,1442,CRO,Substitution,51,Sub On,0.0
974,70,1443,CRO,Substitution,83,Sub On,0.0
975,70,1429,CRO,Substitution,76,Sub On,0.0
976,70,1444,CRO,Substitution,73,Sub On,0.0
977,70,954,MEX,Substitution,67,Sub On,0.0
978,70,957,MEX,Substitution,78,Sub On,0.0
979,70,947,MEX,Substitution,62,Sub On,0.0
980,70,949,MEX,Substitution,47,Sub On,0.0
981,70,962,MEX,Substitution,78,Sub On,0.0
982,71,1364,ESP,Goal,83,Open Play,0.84
983,71,800,NED,Goal,74,Open Play,0.22
984,71,804,NED,Goal,80,Open Play,0.14
985,71,785,NED,Goal,46,Open Play,0.67
986,71,785,NED,Goal,13,Open Play,0.6
987,71,791,NED,Goal,92,Penalty,0.44
988,71,790,NED,YellowCard,68,Foul,0.0
989,71,1377,ESP,YellowCard,86,Foul,0.0
990,71,786,NED,YellowCard,1,Foul,0.0
991,71,1358,ESP,RedCard,82,Serious Foul,0.0
992,71,1368,ESP,Substitution,75,Sub On,0.0
993,71,1358,ESP,Substitution,78,Sub On,0.0
994,71,1377,ESP,Substitution,88,Sub On,0.0
995,71,1369,ESP,Substitution,78,Sub On,0.0
996,71,1366,ESP,Substitution,64,Sub On,0.0
997,71,800,NED,Substitution,62,Sub On,0.0
998,71,784,NED,Substitution,71,Sub On,0.0
999,71,792,NED,Substitution,55,Sub On,0.0
1000,71,798,NED,Substitution,65,Sub On,0.0
1001,72,1097,CHI,Goal,27,Open Play,0.53
1002,72,1086,CHI,Goal,43,Open Play,0.27
1003,72,1102,CHI,Goal,43,Open Play,0.24
1004,72,1182,AUS,Goal,40,Open Play,0.75
1005,72,1101,CHI,YellowCard,85,Foul,0.0
1006,72,1085,CHI,YellowCard,4,Foul,0.0
1007,72,1176,AUS,YellowCard,61,Foul,0.0
1008,72,1098,CHI,YellowCard,88,Foul,0.0
1009,72,1456,AUS,YellowCard,65,Foul,0.0
1010,72,1090,CHI,Substitution,52,Sub On,0.0
1011,72,1101,CHI,Substitution,80,Sub On,0.0
1012,72,1097,CHI,Substitution,76,Sub On,0.0
1013,72,1103,CHI,Substitution,58,Sub On,0.0
1014,72,1465,AUS,Substitution,78,Sub On,0.0
1015,72,1467,AUS,Substitution,68,Sub On,0.0
1016,72,1459,AUS,Substitution,66,Sub On,0.0
1017,72,1185,AUS,Substitution,73,Sub On,0.0
1018,73,1086,CHI,Goal,66,Open Play,0.4
1019,73,1100,CHI,Goal,73,Penalty,0.23
1020,73,1100,CHI,YellowCard,23,Foul,0.0
1021,73,1361,ESP,YellowCard,15,Foul,0.0
1022,73,1091,CHI,YellowCard,36,Foul,0.0
1023,73,1359,ESP,YellowCard,88,Foul,0.0
1024,73,1086,CHI,YellowCard,45,Foul,0.0
1025,73,1103,CHI,YellowCard,56,Foul,0.0
1026,73,1359,ESP,Substitution,61,Sub On,0.0
1027,73,1363,ESP,Substitution,84,Sub On,0.0
1028,73,1360,ESP,Substitution,63,Sub On,0.0
1029,73,1096,CHI,Substitution,62,Sub On,0.0
1030,73,1087,CHI,Substitution,52,Sub On,0.0
1031,73,1091,CHI,Substitution,87,Sub On,0.0
1032,73,1088,CHI,Substitution,51,Sub On,0.0
1033,74,1192,AUS,Goal,2,Open Play,0.44
1034,74,1472,AUS,Goal,63,Open Play,0.49
1035,74,796,NED,Goal,64,Penalty,0.64
1036,74,786,NED,Goal,4,Open Play,0.1
1037,74,787,NED,Goal,44,Open Play,0.41
1038,74,794,NED,YellowCard,22,Foul,0.0
1039,74,1457,AUS,YellowCard,5,Foul,0.0
1040,74,1451,AUS,Substitution,54,Sub On,0.0
1041,74,1193,AUS,Substitution,57,Sub On,0.0
1042,74,1450,AUS,Substitution,81,Sub On,0.0
1043,74,1175,AUS,Substitution,54,Sub On,0.0
1044,74,791,NED,Substitution,80,Sub On,0.0
1045,74,798,NED,Substitution,71,Sub On,0.0
1046,74,792,NED,Substitution,54,Sub On,0.0
1047,75,1379,ESP,Goal,85,Open Play,0.38
1048,75,1379,ESP,Goal,20,Open Play,0.37
1049,75,1372,ESP,Goal,3,Open Play,0.53
1050,75,1185,AUS,YellowCard,46,Foul,0.0
1051,75,1363,ESP,YellowCard,23,Foul,0.0
1052,75,1196,AUS,Substitution,64,Sub On,0.0
1053,75,1174,AUS,Substitution,66,Sub On,0.0
1054,75,1461,AUS,Substitution,58,Sub On,0.0
1055,75,1185,AUS,Substitution,79,Sub On,0.0
1056,75,1380,ESP,Substitution,68,Sub On,0.0
1057,75,1360,ESP,Substitution,76,Sub On,0.0
1058,75,1378,ESP,Substitution,66,Sub On,0.0
1059,75,1371,ESP,Substitution,62,Sub On,0.0
1060,75,1368,ESP,Substitution,72,Sub On,0.0
1061,76,784,NED,Goal,17,Open Play,0.85
1062,76,792,NED,Goal,40,Open Play,0.72
1063,76,784,NED,YellowCard,88,Foul,0.0
1064,76,801,NED,YellowCard,76,Foul,0.0
1065,76,787,NED,YellowCard,74,Foul,0.0
1066,76,802,NED,YellowCard,51,Foul,0.0
1067,76,790,NED,YellowCard,28,Foul,0.0
1068,76,785,NED,YellowCard,46,Foul,0.0
1069,76,790,NED,Substitution,68,Sub On,0.0
1070,76,804,NED,Substitution,76,Sub On,0.0
1071,76,791,NED,Substitution,60,Sub On,0.0
1072,76,1099,CHI,Substitution,55,Sub On,0.0
1073,76,1102,CHI,Substitution,84,Sub On,0.0
1074,76,1086,CHI,Substitution,54,Sub On,0.0
1075,76,1085,CHI,Substitution,65,Sub On,0.0
1076,76,1094,CHI,Substitution,56,Sub On,0.0
1077,77,835,COL,Goal,36,Open Play,0.45
1078,77,843,COL,Goal,19,Open Play,0.48
1079,77,851,COL,Goal,94,Open Play,0.63
1080,77,1000,GRE,YellowCard,2,Foul,0.0
1081,77,851,COL,YellowCard,22,Foul,0.0
1082,77,846,COL,Substitution,77,Sub On,0.0
1083,77,843,COL,Substitution,47,Sub On,0.0
1084,77,846,COL,Substitution,54,Sub On,0.0
1085,77,1012,GRE,Substitution,74,Sub On,0.0
1086,77,992,GRE,Substitution,60,Sub On,0.0
1087,77,1011,GRE,Substitution,55,Sub On,0.0
1088,77,1004,GRE,Substitution,85,Sub On,0.0
1089,78,1117,CIV,Goal,23,Open Play,0.47
1090,78,1112,CIV,Goal,52,Open Play,0.39
1091,78,1145,JPN,Goal,75,Open Play,0.52
1092,78,1146,JPN,YellowCard,33,Foul,0.0
1093,78,1147,JPN,YellowCard,49,Foul,0.0
1094,78,1108,CIV,YellowCard,62,Foul,0.0
1095,78,1117,CIV,YellowCard,19,Foul,0.0
1096,78,1139,JPN,YellowCard,13,Foul,0.0
1097,78,1106,CIV,Substitution,48,Sub On,0.0
1098,78,1108,CIV,Substitution,55,Sub On,0.0
1099,78,1121,CIV,Substitution,62,Sub On,0.0
1100,78,1144,JPN,Substitution,56,Sub On,0.0
1101,78,1140,JPN,Substitution,47,Sub On,0.0
1102,78,1150,JPN,Substitution,65,Sub On,0.0
1103,79,835,COL,Goal,70,Open Play,0.7
1104,79,835,COL,Goal,3,Open Play,0.43
1105,79,1122,CIV,Goal,24,Open Play,0.76
1106,79,1111,CIV,YellowCard,34,Foul,0.0
1107,79,836,COL,YellowCard,6,Foul,0.0
1108,79,845,COL,YellowCard,40,Foul,0.0
1109,79,844,COL,Substitution,77,Sub On,0.0
1110,79,844,COL,Substitution,46,Sub On,0.0
1111,79,835,COL,Substitution,46,Sub On,0.0
1112,79,1105,CIV,Substitution,57,Sub On,0.0
1113,79,1109,CIV,Substitution,50,Sub On,0.0
1114,79,1116,CIV,Substitution,47,Sub On,0.0
1115,79,1121,CIV,Substitution,51,Sub On,0.0
1116,80,1136,JPN,YellowCard,58,Foul,0.0
1117,80,1137,JPN,YellowCard,37,Foul,0.0
1118,80,996,GRE,YellowCard,16,Foul,0.0
1119,80,1138,JPN,YellowCard,80,Foul,0.0
1120,80,995,GRE,YellowCard,84,Foul,0.0
1121,80,1128,JPN,YellowCard,64,Foul,0.0
1122,80,1148,JPN,Substitution,64,Sub On,0.0
1123,80,1142,JPN,Substitution,58,Sub On,0.0
1124,80,1140,JPN,Substitution,67,Sub On,0.0
1125,80,999,GRE,Substitution,47,Sub On,0.0
1126,80,996,GRE,Substitution,49,Sub On,0.0
1127,80,990,GRE,Substitution,56,Sub On,0.0
1128,80,1012,GRE,Substitution,49,Sub On,0.0
1129,80,1006,GRE,Substitution,55,Sub On,0.0
1130,81,1144,JPN,Goal,76,Open Play,0.13
1131,81,834,COL,Goal,61,Open Play,0.28
1132,81,833,COL,Goal,57,Open Play,0.62
1133,81,845,COL,Goal,61,Open Play,0.48
1134,81,831,COL,Goal,68,Open Play,0.36
1135,81,1141,JPN,YellowCard,17,Foul,0.0
1136,81,842,COL,YellowCard,66,Foul,0.0
1137,81,845,COL,YellowCard,82,Foul,0.0
1138,81,1137,JPN,YellowCard,78,Foul,0.0
1139,81,1143,JPN,Substitution,53,Sub On,0.0
1140,81,1141,JPN,Substitution,89,Sub On,0.0
1141,81,1141,JPN,Substitution,55,Sub On,0.0
1142,81,851,COL,Substitution,56,Sub On,0.0
1143,81,834,COL,Substitution,46,Sub On,0.0
1144,81,839,COL,Substitution,55,Sub On,0.0
1145,81,849,COL,Substitution,68,Sub On,0.0
1146,81,840,COL,Substitution,47,Sub On,0.0
1147,82,1002,GRE,Goal,84,Open Play,0.17
1148,82,1006,GRE,Goal,66,Open Play,0.79
1149,82,1109,CIV,Goal,41,Open Play,0.73
1150,82,1107,CIV,YellowCard,52,Foul,0.0
1151,82,1001,GRE,YellowCard,53,Foul,0.0
1152,82,1107,CIV,YellowCard,60,Foul,0.0
1153,82,1116,CIV,YellowCard,53,Foul,0.0
1154,82,1109,CIV,YellowCard,76,Foul,0.0
1155,82,1006,GRE,Substitution,74,Sub On,0.0
1156,82,1004,GRE,Substitution,63,Sub On,0.0
1157,82,997,GRE,Substitution,46,Sub On,0.0
1158,82,992,GRE,Substitution,75,Sub On,0.0
1159,82,1114,CIV,Substitution,48,Sub On,0.0
1160,82,1113,CIV,Substitution,75,Sub On,0.0
1161,82,1118,CIV,Substitution,67,Sub On,0.0
1162,83,985,URU,Goal,55,Open Play,0.08
1163,83,903,CRC,Goal,25,Open Play,0.17
1164,83,908,CRC,Goal,27,Open Play,0.65
1165,83,902,CRC,Goal,10,Open Play,0.57
1166,83,978,URU,YellowCard,85,Foul,0.0
1167,83,976,URU,YellowCard,84,Foul,0.0
1168,83,972,URU,Substitution,60,Sub On,0.0
1169,83,974,URU,Substitution,72,Sub On,0.0
1170,83,983,URU,Substitution,83,Sub On,0.0
1171,83,976,URU,Substitution,80,Sub On,0.0
1172,83,919,CRC,Substitution,70,Sub On,0.0
1173,83,905,CRC,Substitution,87,Sub On,0.0
1174,83,912,CRC,Substitution,85,Sub On,0.0
1175,83,918,CRC,Substitution,46,Sub On,0.0
1176,83,919,CRC,Substitution,63,Sub On,0.0
1177,84,1348,ENG,Goal,34,Open Play,0.42
1178,84,1389,ITA,Goal,68,Open Play,0.87
1179,84,1392,ITA,Goal,76,Open Play,0.81
1180,84,1384,ITA,YellowCard,34,Foul,0.0
1181,84,1357,ENG,YellowCard,12,Foul,0.0
1182,84,1391,ITA,YellowCard,60,Foul,0.0
1183,84,1351,ENG,YellowCard,60,Foul,0.0
1184,84,1394,ITA,YellowCard,83,Foul,0.0
1185,84,1356,ENG,Substitution,57,Sub On,0.0
1186,84,1337,ENG,Substitution,61,Sub On,0.0
1187,84,1357,ENG,Substitution,57,Sub On,0.0
1188,84,1382,ITA,Substitution,63,Sub On,0.0
1189,84,1403,ITA,Substitution,47,Sub On,0.0
1190,84,1388,ITA,Substitution,51,Sub On,0.0
1191,85,989,URU,Goal,85,Open Play,0.81
1192,85,982,URU,Goal,6,Open Play,0.54
1193,85,1335,ENG,Goal,13,Open Play,0.48
1194,85,1347,ENG,YellowCard,76,Foul,0.0
1195,85,983,URU,YellowCard,89,Foul,0.0
1196,85,986,URU,YellowCard,21,Foul,0.0
1197,85,983,URU,YellowCard,88,Foul,0.0
1198,85,1346,ENG,YellowCard,23,Foul,0.0
1199,85,981,URU,YellowCard,42,Foul,0.0
1200,85,971,URU,Substitution,69,Sub On,0.0
1201,85,969,URU,Substitution,78,Sub On,0.0
1202,85,984,URU,Substitution,63,Sub On,0.0
1203,85,988,URU,Substitution,61,Sub On,0.0
1204,85,983,URU,Substitution,84,Sub On,0.0
1205,85,1352,ENG,Substitution,73,Sub On,0.0
1206,85,1340,ENG,Substitution,71,Sub On,0.0
1207,85,1352,ENG,Substitution,76,Sub On,0.0
1208,86,903,CRC,Goal,29,Open Play,0.68
1209,86,1392,ITA,YellowCard,10,Foul,0.0
1210,86,916,CRC,YellowCard,85,Foul,0.0
1211,86,1382,ITA,YellowCard,71,Foul,0.0
1212,86,1387,ITA,Substitution,74,Sub On,0.0
1213,86,1389,ITA,Substitution,73,Sub On,0.0
1214,86,1396,ITA,Substitution,89,Sub On,0.0
1215,86,1388,ITA,Substitution,60,Sub On,0.0
1216,86,1394,ITA,Substitution,77,Sub On,0.0
1217,86,903,CRC,Substitution,65,Sub On,0.0
1218,86,917,CRC,Substitution,70,Sub On,0.0
1219,86,919,CRC,Substitution,69,Sub On,0.0
1220,86,912,CRC,Substitution,49,Sub On,0.0
1221,86,918,CRC,Substitution,63,Sub On,0.0
1222,87,976,URU,Goal,21,Open Play,0.69
1223,87,1395,ITA,YellowCard,82,Foul,0.0
1224,87,1401,ITA,YellowCard,78,Foul,0.0
1225,87,975,URU,YellowCard,62,Foul,0.0
1226,87,1396,ITA,YellowCard,93,Foul,0.0
1227,87,1386,ITA,RedCard,36,Serious Foul,0.0
1228,87,1401,ITA,Substitution,81,Sub On,0.0
1229,87,1384,ITA,Substitution,57,Sub On,0.0
1230,87,1384,ITA,Substitution,63,Sub On,0.0
1231,87,1381,ITA,Substitution,67,Sub On,0.0
1232,87,985,URU,Substitution,73,Sub On,0.0
1233,87,969,URU,Substitution,85,Sub On,0.0
1234,87,989,URU,Substitution,58,Sub On,0.0
1235,87,975,URU,Substitution,85,Sub On,0.0
1236,87,983,URU,Substitution,68,Sub On,0.0
1237,88,898,CRC,YellowCard,7,Foul,0.0
1238,88,915,CRC,YellowCard,27,Foul,0.0
1239,88,907,CRC,Substitution,79,Sub On,0.0
1240,88,917,CRC,Substitution,86,Sub On,0.0
1241,88,902,CRC,Substitution,80,Sub On,0.0
1242,88,908,CRC,Substitution,73,Sub On,0.0
1243,88,907,CRC,Substitution,57,Sub On,0.0
1244,88,1346,ENG,Substitution,55,Sub On,0.0
1245,88,1344,ENG,Substitution,69,Sub On,0.0
1246,88,1341,ENG,Substitution,85,Sub On,0.0
1247,89,935,SUI,Goal,84,Open Play,0.36
1248,89,942,SUI,Goal,47,Open Play,0.47
1249,89,1252,ECU,Goal,18,Open Play,0.6
1250,89,933,SUI,YellowCard,29,Foul,0.0
1251,89,1263,ECU,YellowCard,15,Foul,0.0
1252,89,924,SUI,YellowCard,91,Foul,0.0
1253,89,1261,ECU,YellowCard,8,Foul,0.0
1254,89,937,SUI,Substitution,49,Sub On,0.0
1255,89,929,SUI,Substitution,69,Sub On,0.0
1256,89,943,SUI,Substitution,58,Sub On,0.0
1257,89,923,SUI,Substitution,76,Sub On,0.0
1258,89,925,SUI,Substitution,76,Sub On,0.0
1259,89,1259,ECU,Substitution,80,Sub On,0.0
1260,89,1263,ECU,Substitution,85,Sub On,0.0
1261,89,1264,ECU,Substitution,69,Sub On,0.0
1262,89,1249,ECU,Substitution,61,Sub On,0.0
1263,90,890,FRA,Goal,67,Open Play,0.28
1264,90,885,FRA,Goal,8,Open Play,0.42
1265,90,890,FRA,Goal,92,Open Play,0.43
1266,90,875,FRA,YellowCard,60,Foul,0.0
1267,90,1267,HON,YellowCard,1,Foul,0.0
1268,90,1277,HON,YellowCard,82,Foul,0.0
1269,90,886,FRA,YellowCard,7,Foul,0.0
1270,90,879,FRA,YellowCard,1,Foul,0.0
1271,90,1286,HON,YellowCard,36,Foul,0.0
1272,90,877,FRA,Substitution,49,Sub On,0.0
1273,90,890,FRA,Substitution,87,Sub On,0.0
1274,90,881,FRA,Substitution,66,Sub On,0.0
1275,90,1273,HON,Substitution,63,Sub On,0.0
1276,90,1288,HON,Substitution,46,Sub On,0.0
1277,90,1272,HON,Substitution,51,Sub On,0.0
1278,91,942,SUI,Goal,73,Open Play,0.78
1279,91,923,SUI,Goal,4,Open Play,0.15
1280,91,891,FRA,Goal,40,Open Play,0.45
1281,91,885,FRA,Goal,56,Open Play,0.78
1282,91,885,FRA,Goal,57,Open Play,0.71
1283,91,882,FRA,Goal,32,Open Play,0.31
1284,91,882,FRA,Goal,78,Open Play,0.16
1285,91,896,FRA,YellowCard,70,Foul,0.0
1286,91,893,FRA,YellowCard,92,Foul,0.0
1287,91,897,FRA,YellowCard,51,Foul,0.0
1288,91,887,FRA,YellowCard,74,Foul,0.0
1289,91,925,SUI,YellowCard,53,Foul,0.0
1290,91,927,SUI,Substitution,58,Sub On,0.0
1291,91,924,SUI,Substitution,58,Sub On,0.0
1292,91,937,SUI,Substitution,74,Sub On,0.0
1293,91,929,SUI,Substitution,50,Sub On,0.0
1294,91,895,FRA,Substitution,85,Sub On,0.0
1295,91,879,FRA,Substitution,80,Sub On,0.0
1296,91,886,FRA,Substitution,84,Sub On,0.0
1297,91,884,FRA,Substitution,67,Sub On,0.0
1298,92,1283,HON,Goal,3,Open Play,0.53
1299,92,1255,ECU,Goal,49,Open Play,0.61
1300,92,1253,ECU,Goal,85,Open Play,0.17
1301,92,1256,ECU,YellowCard,31,Foul,0.0
1302,92,1279,HON,YellowCard,51,Foul,0.0
1303,92,1259,ECU,YellowCard,56,Foul,0.0
1304,92,1255,ECU,YellowCard,9,Foul,0.0
1305,92,1277,HON,YellowCard,56,Foul,0.0
1306,92,1276,HON,YellowCard,16,Foul,0.0
1307,92,1281,HON,RedCard,84,Serious Foul,0.0
1308,92,1267,HON,Substitution,73,Sub On,0.0
1309,92,1266,HON,Substitution,59,Sub On,0.0
1310,92,1275,HON,Substitution,69,Sub On,0.0
1311,92,1280,HON,Substitution,66,Sub On,0.0
1312,92,1256,ECU,Substitution,70,Sub On,0.0
1313,92,1249,ECU,Substitution,84,Sub On,0.0
1314,92,1252,ECU,Substitution,80,Sub On,0.0
1315,92,1247,ECU,Substitution,78,Sub On,0.0
1316,93,937,SUI,Goal,89,Open Play,0.71
1317,93,923,SUI,Goal,32,Open Play,0.14
1318,93,923,SUI,Goal,90,Open Play,0.1
1319,93,922,SUI,YellowCard,64,Foul,0.0
1320,93,939,SUI,YellowCard,6,Foul,0.0
1321,93,1269,HON,Substitution,55,Sub On,0.0
1322,93,1282,HON,Substitution,58,Sub On,0.0
1323,93,1268,HON,Substitution,85,Sub On,0.0
1324,93,1282,HON,Substitution,50,Sub On,0.0
1325,93,1268,HON,Substitution,57,Sub On,0.0
1326,93,923,SUI,Substitution,52,Sub On,0.0
1327,93,925,SUI,Substitution,56,Sub On,0.0
1328,93,935,SUI,Substitution,60,Sub On,0.0
1329,93,933,SUI,Substitution,60,Sub On,0.0
1330,94,1251,ECU,YellowCard,16,Foul,0.0
1331,94,1244,ECU,YellowCard,14,Foul,0.0
1332,94,1258,ECU,YellowCard,46,Foul,0.0
1333,94,1243,ECU,Substitution,75,Sub On,0.0
1334,94,1247,ECU,Substitution,53,Sub On,0.0
1335,94,1248,ECU,Substitution,52,Sub On,0.0
1336,94,1255,ECU,Substitution,79,Sub On,0.0
1337,94,879,FRA,Substitution,49,Sub On,0.0
1338,94,879,FRA,Substitution,83,Sub On,0.0
1339,94,886,FRA,Substitution,60,Sub On,0.0
1340,94,887,FRA,Substitution,47,Sub On,0.0
1341,95,761,ARG,Goal,42,Open Play,0.26
1342,95,772,ARG,Goal,51,Open Play,0.52
1343,95,1290,BIH,Goal,27,Open Play,0.6
1344,95,1296,BIH,YellowCard,2,Foul,0.0
1345,95,1294,BIH,YellowCard,88,Foul,0.0
1346,95,1311,BIH,YellowCard,60,Foul,0.0
1347,95,1295,BIH,YellowCard,73,Foul,0.0
1348,95,760,ARG,Substitution,61,Sub On,0.0
1349,95,776,ARG,Substitution,63,Sub On,0.0
1350,95,780,ARG,Substitution,64,Sub On,0.0
1351,95,1300,BIH,Substitution,60,Sub On,0.0
1352,95,1293,BIH,Substitution,66,Sub On,0.0
1353,95,1311,BIH,Substitution,61,Sub On,0.0
1354,95,1301,BIH,Substitution,76,Sub On,0.0
1355,96,1064,NGA,YellowCard,27,Foul,0.0
1356,96,1074,NGA,YellowCard,78,Foul,0.0
1357,96,1065,NGA,YellowCard,48,Foul,0.0
1358,96,1069,NGA,YellowCard,91,Foul,0.0
1359,96,1081,NGA,YellowCard,20,Foul,0.0
1360,96,1200,IRN,Substitution,77,Sub On,0.0
1361,96,1200,IRN,Substitution,89,Sub On,0.0
1362,96,1219,IRN,Substitution,86,Sub On,0.0
1363,96,1076,NGA,Substitution,80,Sub On,0.0
1364,96,1069,NGA,Substitution,80,Sub On,0.0
1365,96,1079,NGA,Substitution,80,Sub On,0.0
1366,97,764,ARG,Goal,29,Own Goal,0.32
1367,97,1201,IRN,YellowCard,35,Foul,0.0
1368,97,779,ARG,YellowCard,90,Foul,0.0
1369,97,1197,IRN,YellowCard,44,Foul,0.0
1370,97,769,ARG,YellowCard,35,Foul,0.0
1371,97,775,ARG,Substitution,52,Sub On,0.0
1372,97,774,ARG,Substitution,84,Sub On,0.0
1373,97,779,ARG,Substitution,71,Sub On,0.0
1374,97,760,ARG,Substitution,65,Sub On,0.0
1375,97,772,ARG,Substitution,60,Sub On,0.0
1376,97,1218,IRN,Substitution,57,Sub On,0.0
1377,97,1215,IRN,Substitution,52,Sub On,0.0
1378,97,1209,IRN,Substitution,56,Sub On,0.0
1379,98,1081,NGA,Goal,76,Open Play,0.89
1380,98,1310,BIH,YellowCard,51,Foul,0.0
1381,98,1302,BIH,YellowCard,57,Foul,0.0
1382,98,1080,NGA,YellowCard,4,Foul,0.0
1383,98,1070,NGA,YellowCard,25,Foul,0.0
1384,98,1078,NGA,Substitution,62,Sub On,0.0
1385,98,1079,NGA,Substitution,63,Sub On,0.0
1386,98,1074,NGA,Substitution,85,Sub On,0.0
1387,98,1063,NGA,Substitution,67,Sub On,0.0
1388,98,1311,BIH,Substitution,76,Sub On,0.0
1389,98,1310,BIH,Substitution,60,Sub On,0.0
1390,98,1308,BIH,Substitution,84,Sub On,0.0
1391,98,1298,BIH,Substitution,87,Sub On,0.0
1392,98,1304,BIH,Substitution,57,Sub On,0.0
1393,99,1076,NGA,Goal,11,Open Play,0.37
1394,99,1073,NGA,Goal,91,Open Play,0.53
1395,99,762,ARG,Goal,67,Open Play,0.13
1396,99,761,ARG,Goal,48,Open Play,0.65
1397,99,761,ARG,Goal,54,Open Play,0.2
1398,99,1078,NGA,YellowCard,23,Foul,0.0
1399,99,1070,NGA,YellowCard,24,Foul,0.0
1400,99,1081,NGA,YellowCard,43,Foul,0.0
1401,99,1060,NGA,YellowCard,12,Foul,0.0
1402,99,760,ARG,YellowCard,1,Foul,0.0
1403,99,1072,NGA,Substitution,80,Sub On,0.0
1404,99,1068,NGA,Substitution,63,Sub On,0.0
1405,99,1078,NGA,Substitution,50,Sub On,0.0
1406,99,1075,NGA,Substitution,76,Sub On,0.0
1407,99,1067,NGA,Substitution,88,Sub On,0.0
1408,99,776,ARG,Substitution,83,Sub On,0.0
1409,99,770,ARG,Substitution,68,Sub On,0.0
1410,99,779,ARG,Substitution,62,Sub On,0.0
1411,99,765,ARG,Substitution,87,Sub On,0.0
1412,99,771,ARG,Substitution,66,Sub On,0.0
1413,100,1299,BIH,Goal,43,Open Play,0.77
1414,100,1308,BIH,Goal,73,Open Play,0.08
1415,100,1306,BIH,Goal,68,Open Play,0.17
1416,100,1215,IRN,Goal,49,Open Play,0.25
1417,100,1297,BIH,YellowCard,54,Foul,0.0
1418,100,1214,IRN,YellowCard,20,Foul,0.0
1419,100,1298,BIH,YellowCard,53,Foul,0.0
1420,100,1297,BIH,YellowCard,11,Foul,0.0
1421,100,1197,IRN,YellowCard,30,Foul,0.0
1422,100,1300,BIH,Substitution,73,Sub On,0.0
1423,100,1299,BIH,Substitution,55,Sub On,0.0
1424,100,1308,BIH,Substitution,60,Sub On,0.0
1425,100,1293,BIH,Substitution,85,Sub On,0.0
1426,100,1294,BIH,Substitution,54,Sub On,0.0
1427,100,1203,IRN,Substitution,76,Sub On,0.0
1428,100,1206,IRN,Substitution,59,Sub On,0.0
1429,100,1199,IRN,Substitution,53,Sub On,0.0
1430,101,755,GER,Goal,34,Open Play,0.73
1431,101,753,GER,Goal,42,Open Play,0.19
1432,101,737,GER,Goal,23,Open Play,0.22
1433,101,745,GER,Goal,81,Open Play,0.42
1434,101,742,GER,YellowCard,37,Foul,0.0
1435,101,1413,POR,YellowCard,65,Foul,0.0
1436,101,1417,POR,YellowCard,14,Foul,0.0
1437,101,751,GER,YellowCard,22,Foul,0.0
1438,101,1407,POR,YellowCard,93,Foul,0.0
1439,101,1411,POR,YellowCard,49,Foul,0.0
1440,101,744,GER,Substitution,65,Sub On,0.0
1441,101,738,GER,Substitution,71,Sub On,0.0
1442,101,753,GER,Substitution,66,Sub On,0.0
1443,101,740,GER,Substitution,87,Sub On,0.0
1444,101,1410,POR,Substitution,53,Sub On,0.0
1445,101,1425,POR,Substitution,58,Sub On,0.0
1446,101,1422,POR,Substitution,48,Sub On,0.0
1447,102,1047,USA,Goal,46,Own Goal,0.12
1448,102,1036,USA,Goal,44,Open Play,0.62
1449,102,1050,USA,YellowCard,25,Foul,0.0
1450,102,1052,USA,Substitution,79,Sub On,0.0
1451,102,1050,USA,Substitution,66,Sub On,0.0
1452,102,1039,USA,Substitution,60,Sub On,0.0
1453,102,1047,USA,Substitution,71,Sub On,0.0
1454,103,739,GER,Goal,79,Open Play,0.44
1455,103,755,GER,Goal,1,Penalty,0.46
1456,103,739,GER,YellowCard,59,Foul,0.0
1457,103,744,GER,YellowCard,91,Foul,0.0
1458,103,743,GER,Substitution,79,Sub On,0.0
1459,103,749,GER,Substitution,70,Sub On,0.0
1460,103,742,GER,Substitution,81,Sub On,0.0
1461,103,758,GER,Substitution,72,Sub On,0.0
1462,104,1036,USA,Goal,59,Open Play,0.09
1463,104,1047,USA,Goal,48,Open Play,0.12
1464,104,1421,POR,Goal,10,Open Play,0.5
1465,104,1410,POR,Goal,36,Open Play,0.54
1466,104,1410,POR,YellowCard,54,Foul,0.0
1467,104,1416,POR,YellowCard,51,Foul,0.0
1468,104,1421,POR,YellowCard,21,Foul,0.0
1469,104,1057,USA,YellowCard,7,Foul,0.0
1470,104,1423,POR,YellowCard,47,Foul,0.0
1471,104,1051,USA,YellowCard,91,Foul,0.0
1472,104,1055,USA,Substitution,77,Sub On,0.0
1473,104,1048,USA,Substitution,61,Sub On,0.0
1474,104,1042,USA,Substitution,60,Sub On,0.0
1475,104,1054,USA,Substitution,64,Sub On,0.0
1476,104,1408,POR,Substitution,68,Sub On,0.0
1477,104,1416,POR,Substitution,85,Sub On,0.0
1478,104,1413,POR,Substitution,54,Sub On,0.0
1479,104,1405,POR,Substitution,53,Sub On,0.0
1480,104,1420,POR,Substitution,49,Sub On,0.0
1481,105,744,GER,Goal,49,Open Play,0.79
1482,105,742,GER,YellowCard,28,Foul,0.0
1483,105,738,GER,YellowCard,88,Foul,0.0
1484,105,752,GER,YellowCard,20,Foul,0.0
1485,105,1042,USA,Substitution,60,Sub On,0.0
1486,105,1039,USA,Substitution,77,Sub On,0.0
1487,105,1052,USA,Substitution,70,Sub On,0.0
1488,105,1056,USA,Substitution,88,Sub On,0.0
1489,105,1054,USA,Substitution,80,Sub On,0.0
1490,105,739,GER,Substitution,76,Sub On,0.0
1491,105,739,GER,Substitution,85,Sub On,0.0
1492,105,754,GER,Substitution,88,Sub On,0.0
1493,106,1416,POR,Goal,22,Open Play,0.4
1494,106,1421,POR,Goal,23,Open Play,0.49
1495,106,1423,POR,YellowCard,18,Foul,0.0
1496,106,1407,POR,YellowCard,74,Foul,0.0
1497,106,1410,POR,Substitution,82,Sub On,0.0
1498,106,1422,POR,Substitution,80,Sub On,0.0
1499,106,1422,POR,Substitution,58,Sub On,0.0
1500,106,1419,POR,Substitution,87,Sub On,0.0
1501,107,860,BEL,Goal,31,Open Play,0.64
1502,107,860,BEL,Goal,2,Open Play,0.52
1503,107,1028,ALG,Goal,86,Open Play,0.87
1504,107,872,BEL,YellowCard,56,Foul,0.0
1505,107,860,BEL,YellowCard,66,Foul,0.0
1506,107,1023,ALG,YellowCard,50,Foul,0.0
1507,107,867,BEL,Substitution,77,Sub On,0.0
1508,107,855,BEL,Substitution,66,Sub On,0.0
1509,107,868,BEL,Substitution,60,Sub On,0.0
1510,107,1032,ALG,Substitution,71,Sub On,0.0
1511,107,1026,ALG,Substitution,82,Sub On,0.0
1512,107,1026,ALG,Substitution,85,Sub On,0.0
1513,107,1030,ALG,Substitution,70,Sub On,0.0
1514,108,1333,RUS,Goal,57,Open Play,0.81
1515,108,1164,KOR,Goal,32,Open Play,0.19
1516,108,1171,KOR,YellowCard,72,Foul,0.0
1517,108,1159,KOR,YellowCard,8,Foul,0.0
1518,108,1164,KOR,RedCard,38,Serious Foul,0.0
1519,108,1325,RUS,Substitution,78,Sub On,0.0
1520,108,1329,RUS,Substitution,66,Sub On,0.0
1521,108,1331,RUS,Substitution,63,Sub On,0.0
1522,108,1154,KOR,Substitution,65,Sub On,0.0
1523,108,1163,KOR,Substitution,89,Sub On,0.0
1524,108,1157,KOR,Substitution,80,Sub On,0.0
1525,109,868,BEL,Goal,88,Open Play,0.73
1526,109,1330,RUS,YellowCard,15,Foul,0.0
1527,109,1334,RUS,YellowCard,34,Foul,0.0
1528,109,871,BEL,Substitution,56,Sub On,0.0
1529,109,853,BEL,Substitution,68,Sub On,0.0
1530,109,855,BEL,Substitution,89,Sub On,0.0
1531,109,1324,RUS,Substitution,58,Sub On,0.0
1532,109,1322,RUS,Substitution,73,Sub On,0.0
1533,109,1333,RUS,Substitution,77,Sub On,0.0
1534,109,1330,RUS,Substitution,75,Sub On,0.0
1535,110,1173,KOR,Goal,62,Penalty,0.14
1536,110,1170,KOR,Goal,71,Open Play,0.24
1537,110,1015,ALG,Goal,37,Open Play,0.59
1538,110,1021,ALG,Goal,8,Penalty,0.14
1539,110,1020,ALG,Goal,91,Open Play,0.38
1540,110,1015,ALG,Goal,53,Open Play,0.77
1541,110,1016,ALG,YellowCard,59,Foul,0.0
1542,110,1027,ALG,YellowCard,21,Foul,0.0
1543,110,1018,ALG,YellowCard,50,Foul,0.0
1544,110,1015,ALG,YellowCard,86,Foul,0.0
1545,110,1154,KOR,Substitution,47,Sub On,0.0
1546,110,1164,KOR,Substitution,61,Sub On,0.0
1547,110,1159,KOR,Substitution,58,Sub On,0.0
1548,110,1020,ALG,Substitution,74,Sub On,0.0
1549,110,1021,ALG,Substitution,74,Sub On,0.0
1550,110,1024,ALG,Substitution,83,Sub On,0.0
1551,111,857,BEL,Goal,13,Open Play,0.38
1552,111,1154,KOR,YellowCard,22,Foul,0.0
1553,111,854,BEL,YellowCard,68,Foul,0.0
1554,111,852,BEL,YellowCard,18,Foul,0.0
1555,111,1152,KOR,Substitution,64,Sub On,0.0
1556,111,1158,KOR,Substitution,89,Sub On,0.0
1557,111,1156,KOR,Substitution,58,Sub On,0.0
1558,111,1159,KOR,Substitution,51,Sub On,0.0
1559,111,865,BEL,Substitution,54,Sub On,0.0
1560,111,861,BEL,Substitution,49,Sub On,0.0
1561,111,872,BEL,Substitution,70,Sub On,0.0
1562,111,871,BEL,Substitution,52,Sub On,0.0
1563,111,870,BEL,Substitution,48,Sub On,0.0
1564,112,1029,ALG,Goal,86,Open Play,0.21
1565,112,1333,RUS,Goal,30,Open Play,0.7
1566,112,1312,RUS,YellowCard,67,Foul,0.0
1567,112,1035,ALG,YellowCard,11,Foul,0.0
1568,112,1013,ALG,YellowCard,85,Foul,0.0
1569,112,1022,ALG,YellowCard,50,Foul,0.0
1570,112,1033,ALG,Substitution,75,Sub On,0.0
1571,112,1023,ALG,Substitution,70,Sub On,0.0
1572,112,1031,ALG,Substitution,53,Sub On,0.0
1573,112,1330,RUS,Substitution,75,Sub On,0.0
1574,112,1333,RUS,Substitution,79,Sub On,0.0
1575,112,1329,RUS,Substitution,82,Sub On,0.0
1576,112,1327,RUS,Substitution,79,Sub On,0.0
1577,113,808,BRA,Goal,66,Penalty,0.44
1578,113,1091,CHI,Goal,44,Open Play,0.07
1579,113,1100,CHI,YellowCard,56,Foul,0.0
1580,113,1092,CHI,YellowCard,66,Foul,0.0
1581,113,817,BRA,YellowCard,72,Foul,0.0
1582,113,1083,CHI,YellowCard,31,Foul,0.0
1583,113,810,BRA,Substitution,62,Sub On,0.0
1584,113,814,BRA,Substitution,74,Sub On,0.0
1585,113,809,BRA,Substitution,71,Sub On,0.0
1586,113,823,BRA,Substitution,47,Sub On,0.0
1587,113,1083,CHI,Substitution,83,Sub On,0.0
1588,113,1084,CHI,Substitution,48,Sub On,0.0
1589,113,1094,CHI,Substitution,54,Sub On,0.0
1590,113,1100,CHI,Substitution,75,Sub On,0.0
1591,114,845,COL,Goal,24,Open Play,0.28
1592,114,843,COL,Goal,22,Open Play,0.83
1593,114,845,COL,YellowCard,43,Foul,0.0
1594,114,986,URU,YellowCard,1,Foul,0.0
1595,114,846,COL,YellowCard,41,Foul,0.0
1596,114,846,COL,RedCard,4,Serious Foul,0.0
1597,114,838,COL,Substitution,51,Sub On,0.0
1598,114,831,COL,Substitution,63,Sub On,0.0
1599,114,841,COL,Substitution,69,Sub On,0.0
1600,114,972,URU,Substitution,82,Sub On,0.0
1601,114,986,URU,Substitution,70,Sub On,0.0
1602,114,975,URU,Substitution,75,Sub On,0.0
1603,114,969,URU,Substitution,53,Sub On,0.0
1604,114,971,URU,Substitution,85,Sub On,0.0
1605,115,784,NED,Goal,12,Open Play,0.71
1606,115,791,NED,Goal,24,Open Play,0.36
1607,115,956,MEX,Goal,92,Open Play,0.53
1608,115,793,NED,YellowCard,85,Foul,0.0
1609,115,965,MEX,YellowCard,33,Foul,0.0
1610,115,945,MEX,RedCard,40,Serious Foul,0.0
1611,115,785,NED,Substitution,53,Sub On,0.0
1612,115,796,NED,Substitution,75,Sub On,0.0
1613,115,801,NED,Substitution,46,Sub On,0.0
1614,115,803,NED,Substitution,86,Sub On,0.0
1615,115,944,MEX,Substitution,87,Sub On,0.0
1616,115,966,MEX,Substitution,54,Sub On,0.0
1617,115,965,MEX,Substitution,77,Sub On,0.0
1618,115,962,MEX,Substitution,55,Sub On,0.0
1619,115,946,MEX,Substitution,89,Sub On,0.0
1620,116,920,CRC,Goal,31,Open Play,0.77
1621,116,1008,GRE,Goal,80,Open Play,0.81
1622,116,902,CRC,YellowCard,77,Foul,0.0
1623,116,898,CRC,YellowCard,16,Foul,0.0
1624,116,902,CRC,YellowCard,11,Foul,0.0
1625,116,906,CRC,YellowCard,90,Foul,0.0
1626,116,994,GRE,YellowCard,50,Foul,0.0
1627,116,901,CRC,YellowCard,92,Foul,0.0
1628,116,906,CRC,Substitution,70,Sub On,0.0
1629,116,905,CRC,Substitution,81,Sub On,0.0
1630,116,908,CRC,Substitution,82,Sub On,0.0
1631,116,910,CRC,Substitution,79,Sub On,0.0
1632,116,1006,GRE,Substitution,55,Sub On,0.0
1633,116,997,GRE,Substitution,76,Sub On,0.0
1634,116,997,GRE,Substitution,78,Sub On,0.0
1635,116,1002,GRE,Substitution,50,Sub On,0.0
1636,117,880,FRA,Goal,12,Open Play,0.81
1637,117,890,FRA,Goal,24,Open Play,0.36
1638,117,886,FRA,YellowCard,11,Foul,0.0
1639,117,880,FRA,YellowCard,69,Foul,0.0
1640,117,894,FRA,YellowCard,14,Foul,0.0
1641,117,887,FRA,Substitution,81,Sub On,0.0
1642,117,875,FRA,Substitution,68,Sub On,0.0
1643,117,892,FRA,Substitution,79,Sub On,0.0
1644,117,895,FRA,Substitution,72,Sub On,0.0
1645,117,880,FRA,Substitution,77,Sub On,0.0
1646,117,1060,NGA,Substitution,84,Sub On,0.0
1647,117,1080,NGA,Substitution,75,Sub On,0.0
1648,117,1068,NGA,Substitution,55,Sub On,0.0
1649,118,750,GER,Goal,11,Open Play,0.54
1650,118,745,GER,Goal,74,Open Play,0.72
1651,118,1030,ALG,Goal,66,Open Play,0.7
1652,118,1029,ALG,YellowCard,1,Foul,0.0
1653,118,1023,ALG,YellowCard,76,Foul,0.0
1654,118,754,GER,YellowCard,4,Foul,0.0
1655,118,753,GER,YellowCard,55,Foul,0.0
1656,118,743,GER,Substitution,49,Sub On,0.0
1657,118,750,GER,Substitution,89,Sub On,0.0
1658,118,743,GER,Substitution,64,Sub On,0.0
1659,118,1015,ALG,Substitution,69,Sub On,0.0
1660,118,1019,ALG,Substitution,59,Sub On,0.0
1661,118,1024,ALG,Substitution,86,Sub On,0.0
1662,118,1021,ALG,Substitution,50,Sub On,0.0
1663,118,1027,ALG,Substitution,60,Sub On,0.0
1664,119,765,ARG,Goal,63,Open Play,0.53
1665,119,775,ARG,YellowCard,32,Foul,0.0
1666,119,782,ARG,YellowCard,2,Foul,0.0
1667,119,782,ARG,YellowCard,75,Foul,0.0
1668,119,764,ARG,YellowCard,71,Foul,0.0
1669,119,765,ARG,Substitution,71,Sub On,0.0
1670,119,764,ARG,Substitution,48,Sub On,0.0
1671,119,763,ARG,Substitution,80,Sub On,0.0
1672,119,940,SUI,Substitution,70,Sub On,0.0
1673,119,924,SUI,Substitution,78,Sub On,0.0
1674,119,942,SUI,Substitution,76,Sub On,0.0
1675,119,929,SUI,Substitution,87,Sub On,0.0
1676,120,868,BEL,Goal,63,Open Play,0.38
1677,120,872,BEL,Goal,46,Open Play,0.71
1678,120,1048,USA,Goal,10,Open Play,0.06
1679,120,1036,USA,YellowCard,83,Foul,0.0
1680,120,1046,USA,YellowCard,39,Foul,0.0
1681,120,863,BEL,Substitution,46,Sub On,0.0
1682,120,866,BEL,Substitution,58,Sub On,0.0
1683,120,865,BEL,Substitution,87,Sub On,0.0
1684,120,860,BEL,Substitution,62,Sub On,0.0
1685,120,868,BEL,Substitution,86,Sub On,0.0
1686,120,1044,USA,Substitution,79,Sub On,0.0
1687,120,1043,USA,Substitution,54,Sub On,0.0
1688,120,1038,USA,Substitution,81,Sub On,0.0
1689,121,807,BRA,Goal,60,Open Play,0.23
1690,121,825,BRA,Goal,6,Penalty,0.26
1691,121,843,COL,Goal,61,Open Play,0.17
1692,121,813,BRA,YellowCard,67,Foul,0.0
1693,121,849,COL,YellowCard,21,Foul,0.0
1694,121,808,BRA,YellowCard,72,Foul,0.0
1695,121,826,BRA,Substitution,87,Sub On,0.0
1696,121,819,BRA,Substitution,89,Sub On,0.0
1697,121,817,BRA,Substitution,59,Sub On,0.0
1698,121,844,COL,Substitution,83,Sub On,0.0
1699,121,845,COL,Substitution,81,Sub On,0.0
1700,121,837,COL,Substitution,88,Sub On,0.0
1701,122,789,NED,YellowCard,11,Foul,0.0
1702,122,903,CRC,YellowCard,77,Foul,0.0
1703,122,784,NED,YellowCard,15,Foul,0.0
1704,122,796,NED,Substitution,58,Sub On,0.0
1705,122,796,NED,Substitution,60,Sub On,0.0
1706,122,789,NED,Substitution,48,Sub On,0.0
1707,122,797,NED,Substitution,79,Sub On,0.0
1708,122,787,NED,Substitution,53,Sub On,0.0
1709,122,900,CRC,Substitution,80,Sub On,0.0
1710,122,920,CRC,Substitution,86,Sub On,0.0
1711,122,903,CRC,Substitution,67,Sub On,0.0
1712,123,772,ARG,Goal,51,Open Play,0.55
1713,123,761,ARG,YellowCard,19,Foul,0.0
1714,123,864,BEL,YellowCard,19,Foul,0.0
1715,123,854,BEL,YellowCard,2,Foul,0.0
1716,123,762,ARG,YellowCard,30,Foul,0.0
1717,123,778,ARG,Substitution,68,Sub On,0.0
1718,123,780,ARG,Substitution,47,Sub On,0.0
1719,123,781,ARG,Substitution,87,Sub On,0.0
1720,123,781,ARG,Substitution,52,Sub On,0.0
1721,123,862,BEL,Substitution,81,Sub On,0.0
1722,123,859,BEL,Substitution,59,Sub On,0.0
1723,123,869,BEL,Substitution,57,Sub On,0.0
1724,124,742,GER,Goal,12,Penalty,0.59
1725,124,753,GER,YellowCard,61,Foul,0.0
1726,124,885,FRA,YellowCard,64,Foul,0.0
1727,124,891,FRA,YellowCard,66,Foul,0.0
1728,124,892,FRA,Substitution,89,Sub On,0.0
1729,124,887,FRA,Substitution,64,Sub On,0.0
1730,124,875,FRA,Substitution,52,Sub On,0.0
1731,124,888,FRA,Substitution,80,Sub On,0.0
1732,124,897,FRA,Substitution,66,Sub On,0.0
1733,124,740,GER,Substitution,62,Sub On,0.0
1734,124,743,GER,Substitution,76,Sub On,0.0
1735,124,752,GER,Substitution,76,Sub On,0.0
1736,124,759,GER,Substitution,87,Sub On,0.0
1737,124,752,GER,Substitution,49,Sub On,0.0
1738,125,825,BRA,Goal,81,Open Play,0.15
1739,125,755,GER,Goal,53,Open Play,0.35
1740,125,744,GER,Goal,26,Open Play,0.42
1741,125,742,GER,Goal,19,Open Play,0.21
1742,125,745,GER,Goal,79,Open Play,0.07
1743,125,745,GER,Goal,64,Open Play,0.36
1744,125,755,GER,Goal,45,Open Play,0.12
1745,125,756,GER,Goal,31,Open Play,0.08
1746,125,740,GER,YellowCard,32,Foul,0.0
1747,125,742,GER,YellowCard,54,Foul,0.0
1748,125,809,BRA,YellowCard,87,Foul,0.0
1749,125,821,BRA,YellowCard,68,Foul,0.0
1750,125,737,GER,YellowCard,13,Foul,0.0
1751,125,811,BRA,YellowCard,43,Foul,0.0
1752,125,819,BRA,Substitution,89,Sub On,0.0
1753,125,815,BRA,Substitution,52,Sub On,0.0
1754,125,823,BRA,Substitution,76,Sub On,0.0
1755,125,814,BRA,Substitution,46,Sub On,0.0
1756,125,745,GER,Substitution,72,Sub On,0.0
1757,125,757,GER,Substitution,70,Sub On,0.0
1758,125,758,GER,Substitution,87,Sub On,0.0
1759,125,759,GER,Substitution,64,Sub On,0.0
1760,125,751,GER,Substitution,54,Sub On,0.0
1761,126,793,NED,YellowCard,12,Foul,0.0
1762,126,765,ARG,YellowCard,44,Foul,0.0
1763,126,766,ARG,YellowCard,41,Foul,0.0
1764,126,801,NED,YellowCard,48,Foul,0.0
1765,126,779,ARG,YellowCard,89,Foul,0.0
1766,126,787,NED,YellowCard,68,Foul,0.0
1767,126,788,NED,Substitution,54,Sub On,0.0
1768,126,792,NED,Substitution,74,Sub On,0.0
1769,126,805,NED,Substitution,55,Sub On,0.0
1770,126,789,NED,Substitution,52,Sub On,0.0
1771,126,762,ARG,Substitution,86,Sub On,0.0
1772,126,760,ARG,Substitution,67,Sub On,0.0
1773,126,768,ARG,Substitution,78,Sub On,0.0
1774,126,774,ARG,Substitution,66,Sub On,0.0
1775,126,782,ARG,Substitution,70,Sub On,0.0
1776,127,785,NED,Goal,79,Open Play,0.17
1777,127,785,NED,Goal,14,Open Play,0.35
1778,127,787,NED,Goal,16,Open Play,0.13
1779,127,795,NED,YellowCard,73,Foul,0.0
1780,127,805,NED,YellowCard,77,Foul,0.0
1781,127,812,BRA,Substitution,88,Sub On,0.0
1782,127,816,BRA,Substitution,58,Sub On,0.0
1783,127,823,BRA,Substitution,72,Sub On,0.0
1784,127,786,NED,Substitution,64,Sub On,0.0
1785,127,794,NED,Substitution,77,Sub On,0.0
1786,127,789,NED,Substitution,68,Sub On,0.0
1787,127,799,NED,Substitution,56,Sub On,0.0
1788,127,791,NED,Substitution,86,Sub On,0.0
1789,128,744,GER,Goal,34,Open Play,0.75
1790,128,750,GER,YellowCard,19,Foul,0.0
1791,128,749,GER,YellowCard,13,Foul,0.0
1792,128,758,GER,Substitution,75,Sub On,0.0
1793,128,740,GER,Substitution,60,Sub On,0.0
1794,128,748,GER,Substitution,54,Sub On,0.0
1795,128,773,ARG,Substitution,76,Sub On,0.0
1796,128,769,ARG,Substitution,66,Sub On,0.0
1797,128,771,ARG,Substitution,66,Sub On,0.0
1798,128,777,ARG,Substitution,55,Sub On,0.0
1799,128,771,ARG,Substitution,89,Sub On,0.0
1800,129,1647,RUS,Goal,92,Open Play,0.39
1801,129,1634,RUS,Goal,41,Penalty,0.64
1802,129,1652,RUS,Goal,13,Penalty,0.24
1803,129,1640,RUS,Goal,52,Own Goal,0.68
1804,129,1634,RUS,Goal,83,Open Play,0.11
1805,129,2154,SAU,YellowCard,53,Foul,0.0
1806,129,2148,SAU,YellowCard,5,Foul,0.0
1807,129,1652,RUS,Substitution,48,Sub On,0.0
1808,129,1642,RUS,Substitution,52,Sub On,0.0
1809,129,1641,RUS,Substitution,88,Sub On,0.0
1810,129,1644,RUS,Substitution,48,Sub On,0.0
1811,129,2141,SAU,Substitution,66,Sub On,0.0
1812,129,2144,SAU,Substitution,62,Sub On,0.0
1813,129,2144,SAU,Substitution,86,Sub On,0.0
1814,129,2147,SAU,Substitution,80,Sub On,0.0
1815,130,1582,URU,Goal,77,Penalty,0.33
1816,130,1918,EGY,YellowCard,77,Foul,0.0
1817,130,1576,URU,YellowCard,89,Foul,0.0
1818,130,1916,EGY,Substitution,55,Sub On,0.0
1819,130,1932,EGY,Substitution,54,Sub On,0.0
1820,130,1915,EGY,Substitution,52,Sub On,0.0
1821,130,1911,EGY,Substitution,80,Sub On,0.0
1822,130,1586,URU,Substitution,76,Sub On,0.0
1823,130,1566,URU,Substitution,84,Sub On,0.0
1824,130,1583,URU,Substitution,47,Sub On,0.0
1825,130,1570,URU,Substitution,74,Sub On,0.0
1826,131,1640,RUS,Goal,52,Open Play,0.06
1827,131,1651,RUS,Goal,6,Open Play,0.23
1828,131,1639,RUS,Goal,21,Open Play,0.17
1829,131,1917,EGY,Goal,53,Open Play,0.71
1830,131,1638,RUS,YellowCard,70,Foul,0.0
1831,131,1637,RUS,YellowCard,69,Foul,0.0
1832,131,1932,EGY,YellowCard,40,Foul,0.0
1833,131,1931,EGY,YellowCard,9,Foul,0.0
1834,131,1928,EGY,YellowCard,72,Foul,0.0
1835,131,1641,RUS,Substitution,71,Sub On,0.0
1836,131,1648,RUS,Substitution,74,Sub On,0.0
1837,131,1634,RUS,Substitution,56,Sub On,0.0
1838,131,1922,EGY,Substitution,74,Sub On,0.0
1839,131,1913,EGY,Substitution,88,Sub On,0.0
1840,131,1928,EGY,Substitution,62,Sub On,0.0
1841,131,1919,EGY,Substitution,78,Sub On,0.0
1842,132,2152,SAU,YellowCard,1,Foul,0.0
1843,132,2162,SAU,Substitution,59,Sub On,0.0
1844,132,2157,SAU,Substitution,73,Sub On,0.0
1845,132,2150,SAU,Substitution,72,Sub On,0.0
1846,132,2156,SAU,Substitution,60,Sub On,0.0
1847,133,1652,RUS,YellowCard,63,Foul,0.0
1848,133,1656,RUS,YellowCard,89,Foul,0.0
1849,133,1647,RUS,YellowCard,4,Foul,0.0
1850,133,1653,RUS,YellowCard,15,Foul,0.0
1851,133,1650,RUS,Substitution,61,Sub On,0.0
1852,133,1650,RUS,Substitution,54,Sub On,0.0
1853,133,1649,RUS,Substitution,59,Sub On,0.0
1854,133,1647,RUS,Substitution,58,Sub On,0.0
1855,133,1636,RUS,Substitution,52,Sub On,0.0
1856,134,2145,SAU,Goal,9,Open Play,0.9
1857,134,2154,SAU,Goal,58,Penalty,0.31
1858,134,1917,EGY,Goal,46,Penalty,0.8
1859,134,1917,EGY,YellowCard,84,Foul,0.0
1860,134,2159,SAU,YellowCard,67,Foul,0.0
1861,134,1914,EGY,YellowCard,80,Foul,0.0
1862,134,1922,EGY,YellowCard,19,Foul,0.0
1863,134,2156,SAU,YellowCard,53,Foul,0.0
1864,134,2150,SAU,YellowCard,28,Foul,0.0
1865,134,2156,SAU,Substitution,82,Sub On,0.0
1866,134,2143,SAU,Substitution,55,Sub On,0.0
1867,134,2144,SAU,Substitution,78,Sub On,0.0
1868,134,2151,SAU,Substitution,76,Sub On,0.0
1869,134,1930,EGY,Substitution,88,Sub On,0.0
1870,134,1927,EGY,Substitution,81,Sub On,0.0
1871,134,1916,EGY,Substitution,53,Sub On,0.0
1872,135,1772,POR,Goal,56,Open Play,0.57
1873,135,1773,POR,Goal,45,Open Play,0.57
1874,135,1783,POR,Goal,72,Open Play,0.63
1875,135,1765,ESP,Goal,93,Penalty,0.9
1876,135,1767,ESP,Goal,56,Open Play,0.73
1877,135,1767,ESP,Goal,57,Open Play,0.85
1878,135,1793,POR,YellowCard,59,Foul,0.0
1879,135,1755,ESP,YellowCard,19,Foul,0.0
1880,135,1763,ESP,YellowCard,8,Foul,0.0
1881,135,1752,ESP,YellowCard,9,Foul,0.0
1882,135,1776,POR,YellowCard,63,Foul,0.0
1883,135,1781,POR,Substitution,49,Sub On,0.0
1884,135,1779,POR,Substitution,70,Sub On,0.0
1885,135,1776,POR,Substitution,89,Sub On,0.0
1886,135,1753,ESP,Substitution,87,Sub On,0.0
1887,135,1755,ESP,Substitution,75,Sub On,0.0
1888,135,1767,ESP,Substitution,83,Sub On,0.0
1889,135,1760,ESP,Substitution,47,Sub On,0.0
1890,135,1768,ESP,Substitution,66,Sub On,0.0
1891,136,1937,IRN,Goal,48,Open Play,0.37
1892,136,1996,MAR,YellowCard,18,Foul,0.0
1893,136,1935,IRN,YellowCard,34,Foul,0.0
1894,136,1951,IRN,YellowCard,49,Foul,0.0
1895,136,1981,MAR,Substitution,84,Sub On,0.0
1896,136,1993,MAR,Substitution,65,Sub On,0.0
1897,136,1980,MAR,Substitution,68,Sub On,0.0
1898,136,1954,IRN,Substitution,66,Sub On,0.0
1899,136,1941,IRN,Substitution,77,Sub On,0.0
1900,136,1935,IRN,Substitution,57,Sub On,0.0
1901,136,1936,IRN,Substitution,81,Sub On,0.0
1902,136,1941,IRN,Substitution,55,Sub On,0.0
1903,137,1787,POR,Goal,65,Open Play,0.67
1904,137,1779,POR,YellowCard,59,Foul,0.0
1905,137,1794,POR,YellowCard,25,Foul,0.0
1906,137,1792,POR,YellowCard,9,Foul,0.0
1907,137,1996,MAR,YellowCard,13,Foul,0.0
1908,137,1791,POR,Substitution,57,Sub On,0.0
1909,137,1774,POR,Substitution,52,Sub On,0.0
1910,137,1792,POR,Substitution,47,Sub On,0.0
1911,137,1773,POR,Substitution,74,Sub On,0.0
1912,137,1790,POR,Substitution,72,Sub On,0.0
1913,137,1998,MAR,Substitution,55,Sub On,0.0
1914,137,1991,MAR,Substitution,71,Sub On,0.0
1915,137,1999,MAR,Substitution,81,Sub On,0.0
1916,137,1981,MAR,Substitution,50,Sub On,0.0
1917,137,1998,MAR,Substitution,51,Sub On,0.0
1918,138,1764,ESP,Goal,2,Open Play,0.88
1919,138,1933,IRN,YellowCard,89,Foul,0.0
1920,138,1750,ESP,YellowCard,33,Foul,0.0
1921,138,1767,ESP,YellowCard,38,Foul,0.0
1922,138,1768,ESP,YellowCard,83,Foul,0.0
1923,138,1935,IRN,Substitution,87,Sub On,0.0
1924,138,1942,IRN,Substitution,88,Sub On,0.0
1925,138,1952,IRN,Substitution,69,Sub On,0.0
1926,138,1945,IRN,Substitution,76,Sub On,0.0
1927,138,1756,ESP,Substitution,54,Sub On,0.0
1928,138,1766,ESP,Substitution,80,Sub On,0.0
1929,138,1760,ESP,Substitution,50,Sub On,0.0
1930,138,1756,ESP,Substitution,69,Sub On,0.0
1931,139,1949,IRN,Goal,92,Open Play,0.65
1932,139,1787,POR,Goal,41,Penalty,0.12
1933,139,1791,POR,YellowCard,91,Foul,0.0
1934,139,1947,IRN,YellowCard,72,Foul,0.0
1935,139,1792,POR,YellowCard,60,Foul,0.0
1936,139,1794,POR,YellowCard,62,Foul,0.0
1937,139,1952,IRN,YellowCard,74,Foul,0.0
1938,139,1944,IRN,YellowCard,6,Foul,0.0
1939,139,1953,IRN,Substitution,79,Sub On,0.0
1940,139,1936,IRN,Substitution,70,Sub On,0.0
1941,139,1943,IRN,Substitution,60,Sub On,0.0
1942,139,1942,IRN,Substitution,67,Sub On,0.0
1943,139,1782,POR,Substitution,78,Sub On,0.0
1944,139,1772,POR,Substitution,75,Sub On,0.0
1945,139,1791,POR,Substitution,62,Sub On,0.0
1946,140,1765,ESP,Goal,75,Open Play,0.29
1947,140,1761,ESP,Goal,1,Open Play,0.34
1948,140,1999,MAR,Goal,51,Open Play,0.58
1949,140,1994,MAR,Goal,11,Open Play,0.44
1950,140,1997,MAR,YellowCard,37,Foul,0.0
1951,140,1755,ESP,YellowCard,16,Foul,0.0
1952,140,1770,ESP,Substitution,66,Sub On,0.0
1953,140,1762,ESP,Substitution,47,Sub On,0.0
1954,140,1753,ESP,Substitution,88,Sub On,0.0
1955,140,1750,ESP,Substitution,75,Sub On,0.0
1956,140,1755,ESP,Substitution,53,Sub On,0.0
1957,140,1986,MAR,Substitution,64,Sub On,0.0
1958,140,2000,MAR,Substitution,69,Sub On,0.0
1959,140,1987,MAR,Substitution,57,Sub On,0.0
1960,141,1484,FRA,Goal,39,Open Play,0.33
1961,141,1481,FRA,Goal,72,Open Play,0.72
1962,141,2181,AUS,Goal,15,Open Play,0.27
1963,141,1491,FRA,YellowCard,84,Foul,0.0
1964,141,1478,FRA,YellowCard,37,Foul,0.0
1965,141,2181,AUS,YellowCard,25,Foul,0.0
1966,141,2169,AUS,YellowCard,47,Foul,0.0
1967,141,1493,FRA,Substitution,84,Sub On,0.0
1968,141,1488,FRA,Substitution,53,Sub On,0.0
1969,141,1489,FRA,Substitution,85,Sub On,0.0
1970,141,2182,AUS,Substitution,64,Sub On,0.0
1971,141,2168,AUS,Substitution,71,Sub On,0.0
1972,141,2176,AUS,Substitution,70,Sub On,0.0
1973,142,1682,DEN,Goal,72,Open Play,0.14
1974,142,1699,DEN,YellowCard,88,Foul,0.0
1975,142,1693,DEN,YellowCard,49,Foul,0.0
1976,142,2117,PER,Substitution,60,Sub On,0.0
1977,142,2126,PER,Substitution,63,Sub On,0.0
1978,142,2119,PER,Substitution,63,Sub On,0.0
1979,142,1685,DEN,Substitution,70,Sub On,0.0
1980,142,1684,DEN,Substitution,49,Sub On,0.0
1981,142,1689,DEN,Substitution,57,Sub On,0.0
1982,143,1474,FRA,Goal,73,Open Play,0.21
1983,143,1475,FRA,YellowCard,68,Foul,0.0
1984,143,1484,FRA,YellowCard,51,Foul,0.0
1985,143,1490,FRA,YellowCard,80,Foul,0.0
1986,143,1494,FRA,Substitution,64,Sub On,0.0
1987,143,1493,FRA,Substitution,71,Sub On,0.0
1988,143,1479,FRA,Substitution,47,Sub On,0.0
1989,143,1478,FRA,Substitution,57,Sub On,0.0
1990,143,1490,FRA,Substitution,56,Sub On,0.0
1991,143,2125,PER,Substitution,82,Sub On,0.0
1992,143,2135,PER,Substitution,88,Sub On,0.0
1993,143,2123,PER,Substitution,60,Sub On,0.0
1994,144,1681,DEN,Goal,30,Open Play,0.15
1995,144,2176,AUS,Goal,51,Open Play,0.1
1996,144,1692,DEN,YellowCard,28,Foul,0.0
1997,144,2166,AUS,YellowCard,20,Foul,0.0
1998,144,1698,DEN,Substitution,88,Sub On,0.0
1999,144,1702,DEN,Substitution,87,Sub On,0.0
2000,144,1696,DEN,Substitution,52,Sub On,0.0
2001,144,2183,AUS,Substitution,58,Sub On,0.0
2002,144,2171,AUS,Substitution,70,Sub On,0.0
2003,144,2179,AUS,Substitution,75,Sub On,0.0
2004,144,2165,AUS,Substitution,76,Sub On,0.0
2005,145,2137,PER,Goal,71,Open Play,0.25
2006,145,2119,PER,Goal,13,Open Play,0.84
2007,145,2120,PER,YellowCard,40,Foul,0.0
2008,145,2169,AUS,YellowCard,84,Foul,0.0
2009,145,2120,PER,YellowCard,44,Foul,0.0
2010,145,2175,AUS,Substitution,77,Sub On,0.0
2011,145,2182,AUS,Substitution,71,Sub On,0.0
2012,145,2170,AUS,Substitution,46,Sub On,0.0
2013,145,2119,PER,Substitution,74,Sub On,0.0
2014,145,2129,PER,Substitution,79,Sub On,0.0
2015,145,2135,PER,Substitution,87,Sub On,0.0
2016,145,2117,PER,Substitution,60,Sub On,0.0
2017,145,2121,PER,Substitution,85,Sub On,0.0
2018,146,1476,FRA,YellowCard,71,Foul,0.0
2019,146,1477,FRA,YellowCard,52,Foul,0.0
2020,146,1494,FRA,YellowCard,42,Foul,0.0
2021,146,1691,DEN,YellowCard,8,Foul,0.0
2022,146,1698,DEN,YellowCard,44,Foul,0.0
2023,146,1681,DEN,Substitution,53,Sub On,0.0
2024,146,1683,DEN,Substitution,72,Sub On,0.0
2025,146,1693,DEN,Substitution,68,Sub On,0.0
2026,146,1698,DEN,Substitution,73,Sub On,0.0
2027,146,1683,DEN,Substitution,49,Sub On,0.0
2028,146,1489,FRA,Substitution,62,Sub On,0.0
2029,146,1490,FRA,Substitution,59,Sub On,0.0
2030,146,1483,FRA,Substitution,60,Sub On,0.0
2031,146,1475,FRA,Substitution,62,Sub On,0.0
2032,147,1840,ARG,Goal,30,Open Play,0.32
2033,147,2098,ISL,Goal,38,Open Play,0.62
2034,147,2102,ISL,YellowCard,87,Foul,0.0
2035,147,2096,ISL,YellowCard,5,Foul,0.0
2036,147,2109,ISL,YellowCard,12,Foul,0.0
2037,147,2103,ISL,YellowCard,77,Foul,0.0
2038,147,1833,ARG,Substitution,88,Sub On,0.0
2039,147,1831,ARG,Substitution,66,Sub On,0.0
2040,147,1832,ARG,Substitution,68,Sub On,0.0
2041,147,1836,ARG,Substitution,52,Sub On,0.0
2042,147,1834,ARG,Substitution,87,Sub On,0.0
2043,147,2099,ISL,Substitution,52,Sub On,0.0
2044,147,2095,ISL,Substitution,46,Sub On,0.0
2045,147,2097,ISL,Substitution,47,Sub On,0.0
2046,148,1498,CRO,Goal,92,Open Play,0.44
2047,148,1514,CRO,Goal,16,Open Play,0.43
2048,148,2066,NGA,YellowCard,8,Foul,0.0
2049,148,2062,NGA,YellowCard,82,Foul,0.0
2050,148,2061,NGA,YellowCard,84,Foul,0.0
2051,148,2066,NGA,YellowCard,47,Foul,0.0
2052,148,2053,NGA,YellowCard,5,Foul,0.0
2053,148,1505,CRO,Substitution,88,Sub On,0.0
2054,148,1500,CRO,Substitution,88,Sub On,0.0
2055,148,1501,CRO,Substitution,51,Sub On,0.0
2056,148,1507,CRO,Substitution,63,Sub On,0.0
2057,148,1509,CRO,Substitution,67,Sub On,0.0
2058,148,2052,NGA,Substitution,63,Sub On,0.0
2059,148,2052,NGA,Substitution,81,Sub On,0.0
2060,148,2062,NGA,Substitution,72,Sub On,0.0
2061,148,2067,NGA,Substitution,49,Sub On,0.0
2062,148,2052,NGA,Substitution,61,Sub On,0.0
2063,149,1511,CRO,Goal,37,Open Play,0.07
2064,149,1515,CRO,Goal,48,Open Play,0.43
2065,149,1507,CRO,Goal,80,Open Play,0.44
2066,149,1511,CRO,YellowCard,83,Foul,0.0
2067,149,1501,CRO,YellowCard,91,Foul,0.0
2068,149,1824,ARG,Substitution,72,Sub On,0.0
2069,149,1838,ARG,Substitution,66,Sub On,0.0
2070,149,1838,ARG,Substitution,60,Sub On,0.0
2071,149,1499,CRO,Substitution,49,Sub On,0.0
2072,149,1518,CRO,Substitution,88,Sub On,0.0
2073,149,1513,CRO,Substitution,80,Sub On,0.0
2074,149,1508,CRO,Substitution,74,Sub On,0.0
2075,150,2062,NGA,Goal,83,Penalty,0.11
2076,150,2061,NGA,Goal,44,Open Play,0.83
2077,150,2115,ISL,YellowCard,47,Foul,0.0
2078,150,2095,ISL,YellowCard,48,Foul,0.0
2079,150,2066,NGA,YellowCard,77,Foul,0.0
2080,150,2051,NGA,Substitution,79,Sub On,0.0
2081,150,2050,NGA,Substitution,63,Sub On,0.0
2082,150,2060,NGA,Substitution,89,Sub On,0.0
2083,150,2111,ISL,Substitution,70,Sub On,0.0
2084,150,2105,ISL,Substitution,49,Sub On,0.0
2085,150,2109,ISL,Substitution,52,Sub On,0.0
2086,150,2108,ISL,Substitution,52,Sub On,0.0
2087,151,2061,NGA,Goal,65,Open Play,0.61
2088,151,1819,ARG,Goal,80,Own Goal,0.78
2089,151,1831,ARG,Goal,33,Open Play,0.53
2090,151,1832,ARG,YellowCard,61,Foul,0.0
2091,151,2053,NGA,YellowCard,58,Foul,0.0
2092,151,2061,NGA,Substitution,80,Sub On,0.0
2093,151,2066,NGA,Substitution,50,Sub On,0.0
2094,151,2055,NGA,Substitution,55,Sub On,0.0
2095,151,2060,NGA,Substitution,64,Sub On,0.0
2096,151,1825,ARG,Substitution,70,Sub On,0.0
2097,151,1825,ARG,Substitution,61,Sub On,0.0
2098,151,1840,ARG,Substitution,70,Sub On,0.0
2099,151,1821,ARG,Substitution,69,Sub On,0.0
2100,152,2114,ISL,Goal,81,Open Play,0.25
2101,152,1496,CRO,Goal,88,Open Play,0.17
2102,152,1503,CRO,Goal,91,Open Play,0.49
2103,152,1510,CRO,YellowCard,28,Foul,0.0
2104,152,1516,CRO,YellowCard,52,Foul,0.0
2105,152,2116,ISL,YellowCard,84,Foul,0.0
2106,152,2101,ISL,Substitution,76,Sub On,0.0
2107,152,2096,ISL,Substitution,58,Sub On,0.0
2108,152,2107,ISL,Substitution,66,Sub On,0.0
2109,152,2102,ISL,Substitution,84,Sub On,0.0
2110,152,2099,ISL,Substitution,58,Sub On,0.0
2111,152,1506,CRO,Substitution,84,Sub On,0.0
2112,152,1501,CRO,Substitution,89,Sub On,0.0
2113,152,1514,CRO,Substitution,59,Sub On,0.0
2114,152,1504,CRO,Substitution,77,Sub On,0.0
2115,153,1603,BRA,Goal,66,Open Play,0.39
2116,153,1798,SUI,Goal,85,Open Play,0.52
2117,153,1592,BRA,YellowCard,40,Foul,0.0
2118,153,1814,SUI,YellowCard,39,Foul,0.0
2119,153,1795,SUI,YellowCard,27,Foul,0.0
2120,153,1598,BRA,Substitution,69,Sub On,0.0
2121,153,1590,BRA,Substitution,47,Sub On,0.0
2122,153,1608,BRA,Substitution,52,Sub On,0.0
2123,153,1609,BRA,Substitution,62,Sub On,0.0
2124,153,1603,BRA,Substitution,49,Sub On,0.0
2125,153,1814,SUI,Substitution,84,Sub On,0.0
2126,153,1813,SUI,Substitution,73,Sub On,0.0
2127,153,1808,SUI,Substitution,84,Sub On,0.0
2128,153,1815,SUI,Substitution,87,Sub On,0.0
2129,154,2190,CRI,YellowCard,36,Foul,0.0
2130,154,2194,CRI,Substitution,76,Sub On,0.0
2131,154,2186,CRI,Substitution,67,Sub On,0.0
2132,154,2189,CRI,Substitution,77,Sub On,0.0
2133,155,1609,BRA,Goal,7,Open Play,0.14
2134,155,1609,BRA,Goal,41,Own Goal,0.13
2135,155,2198,CRI,YellowCard,76,Foul,0.0
2136,155,1588,BRA,YellowCard,70,Foul,0.0
2137,155,2193,CRI,YellowCard,48,Foul,0.0
2138,155,2195,CRI,YellowCard,9,Foul,0.0
2139,155,1602,BRA,RedCard,65,Serious Foul,0.0
2140,155,1599,BRA,Substitution,51,Sub On,0.0
2141,155,1609,BRA,Substitution,72,Sub On,0.0
2142,155,1590,BRA,Substitution,83,Sub On,0.0
2143,155,2195,CRI,Substitution,78,Sub On,0.0
2144,155,2189,CRI,Substitution,59,Sub On,0.0
2145,155,2189,CRI,Substitution,64,Sub On,0.0
2146,156,1797,SUI,Goal,33,Open Play,0.57
2147,156,1812,SUI,Goal,20,Open Play,0.21
2148,156,1814,SUI,YellowCard,60,Foul,0.0
2149,156,1817,SUI,Substitution,65,Sub On,0.0
2150,156,1808,SUI,Substitution,62,Sub On,0.0
2151,156,1798,SUI,Substitution,63,Sub On,0.0
2152,156,1803,SUI,Substitution,81,Sub On,0.0
2153,156,1796,SUI,Substitution,56,Sub On,0.0
2154,157,1609,BRA,Goal,18,Open Play,0.45
2155,157,1595,BRA,Goal,74,Open Play,0.84
2156,157,1608,BRA,YellowCard,25,Foul,0.0
2157,157,1610,BRA,Substitution,57,Sub On,0.0
2158,157,1603,BRA,Substitution,50,Sub On,0.0
2159,157,1605,BRA,Substitution,79,Sub On,0.0
2160,157,1596,BRA,Substitution,80,Sub On,0.0
2161,157,1598,BRA,Substitution,78,Sub On,0.0
2162,158,1797,SUI,Goal,16,Open Play,0.62
2163,158,1798,SUI,Goal,87,Open Play,0.79
2164,158,2187,CRI,Goal,53,Open Play,0.59
2165,158,2206,CRI,Goal,63,Open Play,0.39
2166,158,1810,SUI,YellowCard,54,Foul,0.0
2167,158,1795,SUI,YellowCard,3,Foul,0.0
2168,158,1795,SUI,Substitution,60,Sub On,0.0
2169,158,1814,SUI,Substitution,85,Sub On,0.0
2170,158,1803,SUI,Substitution,75,Sub On,0.0
2171,158,2196,CRI,Substitution,81,Sub On,0.0
2172,158,2188,CRI,Substitution,58,Sub On,0.0
2173,158,2198,CRI,Substitution,47,Sub On,0.0
2174,159,1708,MEX,Goal,74,Open Play,0.44
2175,159,1707,MEX,YellowCard,65,Foul,0.0
2176,159,1850,GER,YellowCard,21,Foul,0.0
2177,159,1843,GER,YellowCard,3,Foul,0.0
2178,159,1719,MEX,RedCard,16,Serious Foul,0.0
2179,159,1860,GER,Substitution,84,Sub On,0.0
2180,159,1863,GER,Substitution,56,Sub On,0.0
2181,159,1859,GER,Substitution,76,Sub On,0.0
2182,159,1862,GER,Substitution,68,Sub On,0.0
2183,159,1713,MEX,Substitution,86,Sub On,0.0
2184,159,1715,MEX,Substitution,63,Sub On,0.0
2185,159,1703,MEX,Substitution,50,Sub On,0.0
2186,160,1613,SWE,Goal,94,Open Play,0.31
2187,160,1632,SWE,YellowCard,4,Foul,0.0
2188,160,1620,SWE,YellowCard,65,Foul,0.0
2189,160,1615,SWE,YellowCard,82,Foul,0.0
2190,160,1632,SWE,YellowCard,30,Foul,0.0
2191,160,1617,SWE,YellowCard,59,Foul,0.0
2192,160,1612,SWE,Substitution,50,Sub On,0.0
2193,160,1626,SWE,Substitution,50,Sub On,0.0
2194,160,1613,SWE,Substitution,85,Sub On,0.0
2195,160,1966,KOR,Substitution,46,Sub On,0.0
2196,160,1956,KOR,Substitution,47,Sub On,0.0
2197,160,1969,KOR,Substitution,78,Sub On,0.0
2198,160,1969,KOR,Substitution,59,Sub On,0.0
2199,161,1844,GER,Goal,42,Open Play,0.57
2200,161,1856,GER,Goal,92,Open Play,0.2
2201,161,1626,SWE,Goal,5,Open Play,0.23
2202,161,1631,SWE,YellowCard,19,Foul,0.0
2203,161,1862,GER,YellowCard,24,Foul,0.0
2204,161,1624,SWE,YellowCard,16,Foul,0.0
2205,161,1848,GER,Substitution,50,Sub On,0.0
2206,161,1856,GER,Substitution,47,Sub On,0.0
2207,161,1852,GER,Substitution,68,Sub On,0.0
2208,161,1617,SWE,Substitution,86,Sub On,0.0
2209,161,1628,SWE,Substitution,87,Sub On,0.0
2210,161,1616,SWE,Substitution,84,Sub On,0.0
2211,161,1630,SWE,Substitution,60,Sub On,0.0
2212,161,1632,SWE,Substitution,75,Sub On,0.0
2213,162,1963,KOR,Goal,15,Open Play,0.58
2214,162,1708,MEX,Goal,24,Open Play,0.23
2215,162,1717,MEX,Goal,17,Open Play,0.25
2216,162,1708,MEX,YellowCard,4,Foul,0.0
2217,162,1956,KOR,YellowCard,9,Foul,0.0
2218,162,1971,KOR,Substitution,47,Sub On,0.0
2219,162,1968,KOR,Substitution,67,Sub On,0.0
2220,162,1966,KOR,Substitution,57,Sub On,0.0
2221,162,1723,MEX,Substitution,70,Sub On,0.0
2222,162,1713,MEX,Substitution,74,Sub On,0.0
2223,162,1719,MEX,Substitution,79,Sub On,0.0
2224,163,1969,KOR,Goal,93,Open Play,0.13
2225,163,1974,KOR,Goal,46,Open Play,0.54
2226,163,1862,GER,YellowCard,45,Foul,0.0
2227,163,1965,KOR,YellowCard,7,Foul,0.0
2228,163,1858,GER,YellowCard,28,Foul,0.0
2229,163,1958,KOR,YellowCard,33,Foul,0.0
2230,163,1857,GER,YellowCard,59,Foul,0.0
2231,163,1957,KOR,Substitution,54,Sub On,0.0
2232,163,1977,KOR,Substitution,63,Sub On,0.0
2233,163,1977,KOR,Substitution,86,Sub On,0.0
2234,163,1852,GER,Substitution,60,Sub On,0.0
2235,163,1860,GER,Substitution,48,Sub On,0.0
2236,163,1843,GER,Substitution,74,Sub On,0.0
2237,163,1859,GER,Substitution,63,Sub On,0.0
2238,163,1860,GER,Substitution,46,Sub On,0.0
2239,164,1626,SWE,Goal,44,Open Play,0.31
2240,164,1633,SWE,Goal,43,Open Play,0.06
2241,164,1631,SWE,Goal,59,Open Play,0.79
2242,164,1718,MEX,YellowCard,1,Foul,0.0
2243,164,1611,SWE,YellowCard,85,Foul,0.0
2244,164,1721,MEX,Substitution,88,Sub On,0.0
2245,164,1703,MEX,Substitution,69,Sub On,0.0
2246,164,1723,MEX,Substitution,82,Sub On,0.0
2247,164,1704,MEX,Substitution,60,Sub On,0.0
2248,164,1723,MEX,Substitution,74,Sub On,0.0
2249,164,1632,SWE,Substitution,49,Sub On,0.0
2250,164,1616,SWE,Substitution,50,Sub On,0.0
2251,164,1621,SWE,Substitution,86,Sub On,0.0
2252,164,1629,SWE,Substitution,55,Sub On,0.0
2253,165,1521,BEL,Goal,3,Open Play,0.2
2254,165,1540,BEL,Goal,52,Open Play,0.87
2255,165,1536,BEL,Goal,30,Open Play,0.29
2256,165,1537,BEL,Substitution,86,Sub On,0.0
2257,165,1521,BEL,Substitution,52,Sub On,0.0
2258,165,1524,BEL,Substitution,52,Sub On,0.0
2259,165,1541,BEL,Substitution,83,Sub On,0.0
2260,166,2012,TUN,Goal,53,Open Play,0.41
2261,166,1549,ENG,Goal,65,Open Play,0.78
2262,166,1560,ENG,Goal,60,Open Play,0.75
2263,166,1550,ENG,YellowCard,60,Foul,0.0
2264,166,1560,ENG,YellowCard,58,Foul,0.0
2265,166,1556,ENG,YellowCard,72,Foul,0.0
2266,166,2009,TUN,YellowCard,35,Foul,0.0
2267,166,2022,TUN,Substitution,53,Sub On,0.0
2268,166,2009,TUN,Substitution,69,Sub On,0.0
2269,166,2003,TUN,Substitution,50,Sub On,0.0
2270,166,1552,ENG,Substitution,83,Sub On,0.0
2271,166,1557,ENG,Substitution,86,Sub On,0.0
2272,166,1545,ENG,Substitution,48,Sub On,0.0
2273,166,1561,ENG,Substitution,66,Sub On,0.0
2274,166,1562,ENG,Substitution,52,Sub On,0.0
2275,167,1521,BEL,Goal,87,Open Play,0.08
2276,167,1536,BEL,Goal,1,Open Play,0.71
2277,167,1532,BEL,Goal,29,Open Play,0.68
2278,167,1519,BEL,Goal,19,Open Play,0.42
2279,167,1532,BEL,Goal,58,Open Play,0.83
2280,167,2017,TUN,Goal,35,Open Play,0.23
2281,167,2008,TUN,Goal,85,Open Play,0.18
2282,167,1520,BEL,YellowCard,89,Foul,0.0
2283,167,1531,BEL,YellowCard,13,Foul,0.0
2284,167,1527,BEL,YellowCard,91,Foul,0.0
2285,167,1540,BEL,YellowCard,9,Foul,0.0
2286,167,2016,TUN,YellowCard,80,Foul,0.0
2287,167,1520,BEL,Substitution,69,Sub On,0.0
2288,167,1535,BEL,Substitution,87,Sub On,0.0
2289,167,1535,BEL,Substitution,54,Sub On,0.0
2290,167,2017,TUN,Substitution,64,Sub On,0.0
2291,167,2007,TUN,Substitution,48,Sub On,0.0
2292,167,2018,TUN,Substitution,78,Sub On,0.0
2293,167,2006,TUN,Substitution,76,Sub On,0.0
2294,167,2012,TUN,Substitution,61,Sub On,0.0
2295,168,1557,ENG,Goal,16,Open Play,0.43
2296,168,1549,ENG,Goal,40,Open Play,0.42
2297,168,1564,ENG,Goal,56,Open Play,0.8
2298,168,1560,ENG,Goal,90,Open Play,0.46
2299,168,1544,ENG,Goal,2,Open Play,0.16
2300,168,1564,ENG,Goal,62,Open Play,0.79
2301,168,1553,ENG,YellowCard,79,Foul,0.0
2302,168,1543,ENG,Substitution,70,Sub On,0.0
2303,168,1545,ENG,Substitution,53,Sub On,0.0
2304,168,1547,ENG,Substitution,69,Sub On,0.0
2305,168,1563,ENG,Substitution,62,Sub On,0.0
2306,169,1536,BEL,Goal,76,Open Play,0.61
2307,169,1556,ENG,YellowCard,12,Foul,0.0
2308,169,1527,BEL,YellowCard,7,Foul,0.0
2309,169,1553,ENG,YellowCard,72,Foul,0.0
2310,169,1531,BEL,YellowCard,59,Foul,0.0
2311,169,1530,BEL,YellowCard,63,Foul,0.0
2312,169,1552,ENG,YellowCard,93,Foul,0.0
2313,169,1564,ENG,Substitution,84,Sub On,0.0
2314,169,1546,ENG,Substitution,68,Sub On,0.0
2315,169,1554,ENG,Substitution,76,Sub On,0.0
2316,169,1544,ENG,Substitution,61,Sub On,0.0
2317,169,1522,BEL,Substitution,51,Sub On,0.0
2318,169,1529,BEL,Substitution,69,Sub On,0.0
2319,169,1536,BEL,Substitution,51,Sub On,0.0
2320,169,1541,BEL,Substitution,46,Sub On,0.0
2321,170,2016,TUN,Goal,88,Open Play,0.66
2322,170,2013,TUN,Goal,51,Penalty,0.11
2323,170,2013,TUN,YellowCard,59,Foul,0.0
2324,170,2010,TUN,YellowCard,68,Foul,0.0
2325,170,2012,TUN,Substitution,58,Sub On,0.0
2326,170,2014,TUN,Substitution,76,Sub On,0.0
2327,170,2013,TUN,Substitution,64,Sub On,0.0
2328,170,2012,TUN,Substitution,82,Sub On,0.0
2329,171,1871,POL,Goal,81,Penalty,0.62
2330,171,1901,SEN,Goal,91,Open Play,0.39
2331,171,1899,SEN,Goal,93,Open Play,0.56
2332,171,1872,POL,YellowCard,38,Foul,0.0
2333,171,1899,SEN,YellowCard,15,Foul,0.0
2334,171,1888,SEN,YellowCard,19,Foul,0.0
2335,171,1905,SEN,YellowCard,14,Foul,0.0
2336,171,1890,SEN,YellowCard,19,Foul,0.0
2337,171,1889,SEN,YellowCard,18,Foul,0.0
2338,171,1888,SEN,RedCard,62,Serious Foul,0.0
2339,171,1876,POL,Substitution,69,Sub On,0.0
2340,171,1882,POL,Substitution,49,Sub On,0.0
2341,171,1876,POL,Substitution,65,Sub On,0.0
2342,171,1873,POL,Substitution,51,Sub On,0.0
2343,171,1873,POL,Substitution,73,Sub On,0.0
2344,171,1907,SEN,Substitution,62,Sub On,0.0
2345,171,1906,SEN,Substitution,53,Sub On,0.0
2346,171,1899,SEN,Substitution,58,Sub On,0.0
2347,171,1901,SEN,Substitution,86,Sub On,0.0
2348,171,1903,SEN,Substitution,73,Sub On,0.0
2349,172,1662,COL,Goal,27,Open Play,0.6
2350,172,1745,JPN,Goal,56,Open Play,0.09
2351,172,1732,JPN,Goal,44,Open Play,0.49
2352,172,1745,JPN,YellowCard,16,Foul,0.0
2353,172,1743,JPN,YellowCard,73,Foul,0.0
2354,172,1732,JPN,YellowCard,53,Foul,0.0
2355,172,1657,COL,YellowCard,54,Foul,0.0
2356,172,1657,COL,YellowCard,93,Foul,0.0
2357,172,1726,JPN,YellowCard,38,Foul,0.0
2358,172,1742,JPN,RedCard,30,Serious Foul,0.0
2359,172,1678,COL,Substitution,78,Sub On,0.0
2360,172,1666,COL,Substitution,52,Sub On,0.0
2361,172,1668,COL,Substitution,83,Sub On,0.0
2362,172,1743,JPN,Substitution,56,Sub On,0.0
2363,172,1732,JPN,Substitution,74,Sub On,0.0
2364,172,1733,JPN,Substitution,77,Sub On,0.0
2365,172,1734,JPN,Substitution,81,Sub On,0.0
2366,172,1744,JPN,Substitution,81,Sub On,0.0
2367,173,1662,COL,Goal,81,Open Play,0.07
2368,173,1672,COL,Goal,67,Open Play,0.27
2369,173,1673,COL,Goal,17,Open Play,0.74
2370,173,1679,COL,YellowCard,39,Foul,0.0
2371,173,1677,COL,YellowCard,72,Foul,0.0
2372,173,1667,COL,YellowCard,67,Foul,0.0
2373,173,1868,POL,YellowCard,2,Foul,0.0
2374,173,1672,COL,YellowCard,67,Foul,0.0
2375,173,1883,POL,Substitution,64,Sub On,0.0
2376,173,1864,POL,Substitution,53,Sub On,0.0
2377,173,1885,POL,Substitution,49,Sub On,0.0
2378,173,1870,POL,Substitution,69,Sub On,0.0
2379,173,1878,POL,Substitution,57,Sub On,0.0
2380,173,1658,COL,Substitution,83,Sub On,0.0
2381,173,1672,COL,Substitution,51,Sub On,0.0
2382,173,1664,COL,Substitution,79,Sub On,0.0
2383,174,1737,JPN,Goal,13,Open Play,0.53
2384,174,1741,JPN,Goal,42,Open Play,0.21
2385,174,1891,SEN,Goal,67,Open Play,0.06
2386,174,1899,SEN,Goal,73,Open Play,0.86
2387,174,1902,SEN,YellowCard,17,Foul,0.0
2388,174,1890,SEN,YellowCard,42,Foul,0.0
2389,174,1736,JPN,YellowCard,6,Foul,0.0
2390,174,1739,JPN,YellowCard,23,Foul,0.0
2391,174,1888,SEN,YellowCard,88,Foul,0.0
2392,174,1746,JPN,Substitution,76,Sub On,0.0
2393,174,1726,JPN,Substitution,70,Sub On,0.0
2394,174,1741,JPN,Substitution,57,Sub On,0.0
2395,174,1897,SEN,Substitution,52,Sub On,0.0
2396,174,1897,SEN,Substitution,70,Sub On,0.0
2397,174,1909,SEN,Substitution,65,Sub On,0.0
2398,174,1887,SEN,Substitution,52,Sub On,0.0
2399,175,1882,POL,Goal,49,Penalty,0.23
2400,175,1739,JPN,YellowCard,71,Foul,0.0
2401,175,1882,POL,YellowCard,41,Foul,0.0
2402,175,1728,JPN,YellowCard,89,Foul,0.0
2403,175,1734,JPN,Substitution,69,Sub On,0.0
2404,175,1745,JPN,Substitution,51,Sub On,0.0
2405,175,1736,JPN,Substitution,88,Sub On,0.0
2406,175,1868,POL,Substitution,81,Sub On,0.0
2407,175,1880,POL,Substitution,82,Sub On,0.0
2408,175,1874,POL,Substitution,52,Sub On,0.0
2409,176,1676,COL,Goal,20,Open Play,0.09
2410,176,1659,COL,YellowCard,5,Foul,0.0
2411,176,1662,COL,YellowCard,44,Foul,0.0
2412,176,1678,COL,YellowCard,91,Foul,0.0
2413,176,1893,SEN,YellowCard,38,Foul,0.0
2414,176,1889,SEN,YellowCard,37,Foul,0.0
2415,176,1890,SEN,Substitution,50,Sub On,0.0
2416,176,1895,SEN,Substitution,52,Sub On,0.0
2417,176,1909,SEN,Substitution,75,Sub On,0.0
2418,176,1895,SEN,Substitution,60,Sub On,0.0
2419,176,1901,SEN,Substitution,68,Sub On,0.0
2420,176,1673,COL,Substitution,62,Sub On,0.0
2421,176,1672,COL,Substitution,81,Sub On,0.0
2422,176,1677,COL,Substitution,61,Sub On,0.0
2423,176,1672,COL,Substitution,82,Sub On,0.0
2424,177,1788,POR,Goal,43,Open Play,0.3
2425,177,1784,POR,YellowCard,88,Foul,0.0
2426,177,1776,POR,Substitution,75,Sub On,0.0
2427,177,1777,POR,Substitution,64,Sub On,0.0
2428,177,1781,POR,Substitution,58,Sub On,0.0
2429,177,1786,POR,Substitution,75,Sub On,0.0
2430,178,1486,FRA,Goal,39,Open Play,0.26
2431,178,1489,FRA,Goal,39,Open Play,0.57
2432,178,1478,FRA,Goal,80,Open Play,0.46
2433,178,1481,FRA,Goal,30,Open Play,0.16
2434,178,1838,ARG,Goal,74,Open Play,0.65
2435,178,1831,ARG,Goal,50,Open Play,0.4
2436,178,1830,ARG,Goal,21,Open Play,0.56
2437,178,1475,FRA,YellowCard,49,Foul,0.0
2438,178,1838,ARG,YellowCard,76,Foul,0.0
2439,178,1474,FRA,YellowCard,33,Foul,0.0
2440,178,1839,ARG,YellowCard,49,Foul,0.0
2441,178,1830,ARG,YellowCard,43,Foul,0.0
2442,178,1481,FRA,Substitution,87,Sub On,0.0
2443,178,1489,FRA,Substitution,61,Sub On,0.0
2444,178,1482,FRA,Substitution,85,Sub On,0.0
2445,178,1473,FRA,Substitution,80,Sub On,0.0
2446,178,1485,FRA,Substitution,48,Sub On,0.0
2447,178,1824,ARG,Substitution,88,Sub On,0.0
2448,178,1821,ARG,Substitution,74,Sub On,0.0
2449,178,1840,ARG,Substitution,71,Sub On,0.0
2450,178,1833,ARG,Substitution,72,Sub On,0.0
2451,179,1610,BRA,Goal,46,Open Play,0.37
2452,179,1603,BRA,Goal,27,Open Play,0.88
2453,179,1598,BRA,YellowCard,20,Foul,0.0
2454,179,1705,MEX,YellowCard,76,Foul,0.0
2455,179,1606,BRA,YellowCard,56,Foul,0.0
2456,179,1708,MEX,YellowCard,50,Foul,0.0
2457,179,1597,BRA,YellowCard,74,Foul,0.0
2458,179,1609,BRA,RedCard,36,Serious Foul,0.0
2459,179,1605,BRA,Substitution,87,Sub On,0.0
2460,179,1594,BRA,Substitution,66,Sub On,0.0
2461,179,1591,BRA,Substitution,49,Sub On,0.0
2462,179,1704,MEX,Substitution,71,Sub On,0.0
2463,179,1716,MEX,Substitution,50,Sub On,0.0
2464,179,1724,MEX,Substitution,72,Sub On,0.0
2465,180,1536,BEL,Goal,39,Open Play,0.86
2466,180,1519,BEL,Goal,57,Open Play,0.14
2467,180,1519,BEL,Goal,41,Open Play,0.11
2468,180,1734,JPN,Goal,64,Open Play,0.16
2469,180,1726,JPN,Goal,40,Open Play,0.14
2470,180,1526,BEL,YellowCard,10,Foul,0.0
2471,180,1526,BEL,YellowCard,53,Foul,0.0
2472,180,1529,BEL,YellowCard,19,Foul,0.0
2473,180,1520,BEL,YellowCard,76,Foul,0.0
2474,180,1527,BEL,YellowCard,35,Foul,0.0
2475,180,1730,JPN,YellowCard,50,Foul,0.0
2476,180,1519,BEL,Substitution,80,Sub On,0.0
2477,180,1527,BEL,Substitution,86,Sub On,0.0
2478,180,1525,BEL,Substitution,68,Sub On,0.0
2479,180,1537,BEL,Substitution,79,Sub On,0.0
2480,180,1729,JPN,Substitution,77,Sub On,0.0
2481,180,1735,JPN,Substitution,88,Sub On,0.0
2482,180,1728,JPN,Substitution,70,Sub On,0.0
2483,181,1626,SWE,Goal,65,Open Play,0.21
2484,181,1623,SWE,YellowCard,68,Foul,0.0
2485,181,1799,SUI,YellowCard,76,Foul,0.0
2486,181,1806,SUI,YellowCard,7,Foul,0.0
2487,181,1616,SWE,YellowCard,76,Foul,0.0
2488,181,1629,SWE,Substitution,75,Sub On,0.0
2489,181,1629,SWE,Substitution,61,Sub On,0.0
2490,181,1628,SWE,Substitution,76,Sub On,0.0
2491,181,1611,SWE,Substitution,72,Sub On,0.0
2492,181,1626,SWE,Substitution,54,Sub On,0.0
2493,181,1814,SUI,Substitution,73,Sub On,0.0
2494,181,1816,SUI,Substitution,65,Sub On,0.0
2495,181,1799,SUI,Substitution,59,Sub On,0.0
2496,182,1507,CRO,Goal,15,Open Play,0.08
2497,182,1695,DEN,Goal,61,Open Play,0.45
2498,182,1682,DEN,YellowCard,80,Foul,0.0
2499,182,1508,CRO,YellowCard,29,Foul,0.0
2500,182,1511,CRO,YellowCard,5,Foul,0.0
2501,182,1502,CRO,YellowCard,44,Foul,0.0
2502,182,1509,CRO,YellowCard,26,Foul,0.0
2503,182,1689,DEN,YellowCard,79,Foul,0.0
2504,182,1514,CRO,Substitution,77,Sub On,0.0
2505,182,1502,CRO,Substitution,78,Sub On,0.0
2506,182,1506,CRO,Substitution,85,Sub On,0.0
2507,182,1697,DEN,Substitution,80,Sub On,0.0
2508,182,1702,DEN,Substitution,49,Sub On,0.0
2509,182,1693,DEN,Substitution,83,Sub On,0.0
2510,182,1681,DEN,Substitution,80,Sub On,0.0
2511,182,1690,DEN,Substitution,78,Sub On,0.0
2512,183,1672,COL,Goal,92,Open Play,0.84
2513,183,1544,ENG,Goal,85,Open Play,0.38
2514,183,1545,ENG,YellowCard,77,Foul,0.0
2515,183,1562,ENG,YellowCard,85,Foul,0.0
2516,183,1658,COL,YellowCard,19,Foul,0.0
2517,183,1665,COL,YellowCard,8,Foul,0.0
2518,183,1546,ENG,YellowCard,78,Foul,0.0
2519,183,1547,ENG,YellowCard,20,Foul,0.0
2520,183,1671,COL,Substitution,75,Sub On,0.0
2521,183,1672,COL,Substitution,78,Sub On,0.0
2522,183,1677,COL,Substitution,66,Sub On,0.0
2523,183,1677,COL,Substitution,60,Sub On,0.0
2524,183,1664,COL,Substitution,57,Sub On,0.0
2525,183,1560,ENG,Substitution,73,Sub On,0.0
2526,183,1561,ENG,Substitution,77,Sub On,0.0
2527,183,1547,ENG,Substitution,86,Sub On,0.0
2528,183,1553,ENG,Substitution,69,Sub On,0.0
2529,184,1767,ESP,Goal,82,Open Play,0.84
2530,184,1636,RUS,Goal,13,Open Play,0.72
2531,184,1761,ESP,YellowCard,81,Foul,0.0
2532,184,1643,RUS,YellowCard,66,Foul,0.0
2533,184,1652,RUS,YellowCard,58,Foul,0.0
2534,184,1651,RUS,YellowCard,78,Foul,0.0
2535,184,1765,ESP,YellowCard,22,Foul,0.0
2536,184,1647,RUS,YellowCard,3,Foul,0.0
2537,184,1752,ESP,Substitution,67,Sub On,0.0
2538,184,1759,ESP,Substitution,51,Sub On,0.0
2539,184,1750,ESP,Substitution,54,Sub On,0.0
2540,184,1769,ESP,Substitution,83,Sub On,0.0
2541,184,1643,RUS,Substitution,78,Sub On,0.0
2542,184,1641,RUS,Substitution,88,Sub On,0.0
2543,184,1648,RUS,Substitution,83,Sub On,0.0
2544,185,1476,FRA,Goal,7,Open Play,0.47
2545,185,1488,FRA,Goal,65,Open Play,0.61
2546,185,1488,FRA,Substitution,85,Sub On,0.0
2547,185,1490,FRA,Substitution,73,Sub On,0.0
2548,185,1482,FRA,Substitution,67,Sub On,0.0
2549,185,1480,FRA,Substitution,74,Sub On,0.0
2550,186,1608,BRA,Goal,43,Open Play,0.12
2551,186,1519,BEL,Goal,60,Open Play,0.47
2552,186,1540,BEL,Goal,11,Open Play,0.39
2553,186,1609,BRA,YellowCard,14,Foul,0.0
2554,186,1594,BRA,YellowCard,39,Foul,0.0
2555,186,1529,BEL,YellowCard,77,Foul,0.0
2556,186,1593,BRA,Substitution,86,Sub On,0.0
2557,186,1608,BRA,Substitution,61,Sub On,0.0
2558,186,1593,BRA,Substitution,57,Sub On,0.0
2559,186,1609,BRA,Substitution,76,Sub On,0.0
2560,186,1521,BEL,Substitution,79,Sub On,0.0
2561,186,1540,BEL,Substitution,81,Sub On,0.0
2562,186,1527,BEL,Substitution,87,Sub On,0.0
2563,187,1503,CRO,Goal,22,Open Play,0.6
2564,187,1514,CRO,Goal,9,Open Play,0.39
2565,187,1651,RUS,Goal,68,Open Play,0.45
2566,187,1640,RUS,Goal,57,Open Play,0.69
2567,187,1501,CRO,YellowCard,13,Foul,0.0
2568,187,1517,CRO,YellowCard,54,Foul,0.0
2569,187,1643,RUS,YellowCard,53,Foul,0.0
2570,187,1507,CRO,Substitution,82,Sub On,0.0
2571,187,1518,CRO,Substitution,71,Sub On,0.0
2572,187,1501,CRO,Substitution,83,Sub On,0.0
2573,187,1635,RUS,Substitution,49,Sub On,0.0
2574,187,1655,RUS,Substitution,66,Sub On,0.0
2575,187,1648,RUS,Substitution,74,Sub On,0.0
2576,188,1543,ENG,Goal,6,Open Play,0.82
2577,188,1555,ENG,Goal,22,Open Play,0.11
2578,188,1623,SWE,YellowCard,13,Foul,0.0
2579,188,1625,SWE,YellowCard,32,Foul,0.0
2580,188,1560,ENG,YellowCard,5,Foul,0.0
2581,188,1561,ENG,Substitution,67,Sub On,0.0
2582,188,1545,ENG,Substitution,84,Sub On,0.0
2583,188,1548,ENG,Substitution,78,Sub On,0.0
2584,188,1615,SWE,Substitution,81,Sub On,0.0
2585,188,1618,SWE,Substitution,65,Sub On,0.0
2586,188,1611,SWE,Substitution,89,Sub On,0.0
2587,188,1621,SWE,Substitution,53,Sub On,0.0
2588,188,1628,SWE,Substitution,60,Sub On,0.0
2589,189,1488,FRA,Goal,59,Open Play,0.31
2590,189,1524,BEL,YellowCard,38,Foul,0.0
2591,189,1540,BEL,YellowCard,16,Foul,0.0
2592,189,1521,BEL,YellowCard,14,Foul,0.0
2593,189,1478,FRA,Substitution,49,Sub On,0.0
2594,189,1477,FRA,Substitution,66,Sub On,0.0
2595,189,1473,FRA,Substitution,61,Sub On,0.0
2596,189,1490,FRA,Substitution,56,Sub On,0.0
2597,189,1494,FRA,Substitution,70,Sub On,0.0
2598,189,1520,BEL,Substitution,59,Sub On,0.0
2599,189,1520,BEL,Substitution,53,Sub On,0.0
2600,189,1521,BEL,Substitution,54,Sub On,0.0
2601,189,1520,BEL,Substitution,50,Sub On,0.0
2602,190,1498,CRO,Goal,61,Open Play,0.68
2603,190,1499,CRO,Goal,25,Open Play,0.45
2604,190,1544,ENG,Goal,76,Open Play,0.07
2605,190,1510,CRO,YellowCard,58,Foul,0.0
2606,190,1543,ENG,YellowCard,93,Foul,0.0
2607,190,1513,CRO,RedCard,90,Serious Foul,0.0
2608,190,1502,CRO,Substitution,50,Sub On,0.0
2609,190,1510,CRO,Substitution,65,Sub On,0.0
2610,190,1507,CRO,Substitution,82,Sub On,0.0
2611,190,1517,CRO,Substitution,79,Sub On,0.0
2612,190,1516,CRO,Substitution,56,Sub On,0.0
2613,190,1547,ENG,Substitution,48,Sub On,0.0
2614,190,1543,ENG,Substitution,83,Sub On,0.0
2615,190,1542,ENG,Substitution,82,Sub On,0.0
2616,190,1560,ENG,Substitution,59,Sub On,0.0
2617,191,1522,BEL,Goal,86,Open Play,0.83
2618,191,1521,BEL,Goal,42,Open Play,0.73
2619,191,1530,BEL,YellowCard,2,Foul,0.0
2620,191,1552,ENG,YellowCard,92,Foul,0.0
2621,191,1532,BEL,YellowCard,62,Foul,0.0
2622,191,1559,ENG,YellowCard,6,Foul,0.0
2623,191,1519,BEL,Substitution,89,Sub On,0.0
2624,191,1527,BEL,Substitution,78,Sub On,0.0
2625,191,1541,BEL,Substitution,80,Sub On,0.0
2626,191,1521,BEL,Substitution,80,Sub On,0.0
2627,191,1533,BEL,Substitution,82,Sub On,0.0
2628,191,1543,ENG,Substitution,74,Sub On,0.0
2629,191,1551,ENG,Substitution,68,Sub On,0.0
2630,191,1546,ENG,Substitution,51,Sub On,0.0
2631,191,1557,ENG,Substitution,77,Sub On,0.0
2632,191,1564,ENG,Substitution,51,Sub On,0.0
2633,192,1488,FRA,Goal,90,Open Play,0.68
2634,192,1477,FRA,Goal,49,Open Play,0.79
2635,192,1476,FRA,Goal,58,Open Play,0.37
2636,192,1476,FRA,Goal,34,Open Play,0.74
2637,192,1511,CRO,Goal,63,Open Play,0.62
2638,192,1498,CRO,Goal,28,Penalty,0.12
2639,192,1506,CRO,YellowCard,31,Foul,0.0
2640,192,1501,CRO,YellowCard,45,Foul,0.0
2641,192,1486,FRA,YellowCard,47,Foul,0.0
2642,192,1495,FRA,YellowCard,69,Foul,0.0
2643,192,1502,CRO,YellowCard,91,Foul,0.0
2644,192,1494,FRA,YellowCard,35,Foul,0.0
2645,192,1486,FRA,Substitution,73,Sub On,0.0
2646,192,1478,FRA,Substitution,51,Sub On,0.0
2647,192,1489,FRA,Substitution,76,Sub On,0.0
2648,192,1495,FRA,Substitution,54,Sub On,0.0
2649,192,1500,CRO,Substitution,61,Sub On,0.0
2650,192,1497,CRO,Substitution,70,Sub On,0.0
2651,192,1510,CRO,Substitution,52,Sub On,0.0
2652,192,1502,CRO,Substitution,73,Sub On,0.0
2653,193,2751,ECU,Goal,46,Open Play,0.17
2654,193,2743,ECU,Goal,90,Open Play,0.16
2655,193,2751,ECU,YellowCard,82,Foul,0.0
2656,193,2816,QAT,YellowCard,17,Foul,0.0
2657,193,2809,QAT,YellowCard,37,Foul,0.0
2658,193,2742,ECU,YellowCard,65,Foul,0.0
2659,193,2750,ECU,YellowCard,4,Foul,0.0
2660,193,2828,QAT,YellowCard,50,Foul,0.0
2661,193,2826,QAT,Substitution,87,Sub On,0.0
2662,193,2814,QAT,Substitution,54,Sub On,0.0
2663,193,2823,QAT,Substitution,86,Sub On,0.0
2664,193,2825,QAT,Substitution,60,Sub On,0.0
2665,193,2814,QAT,Substitution,66,Sub On,0.0
2666,193,2749,ECU,Substitution,51,Sub On,0.0
2667,193,2756,ECU,Substitution,66,Sub On,0.0
2668,193,2743,ECU,Substitution,75,Sub On,0.0
2669,194,2307,NED,Goal,81,Open Play,0.12
2670,194,2302,NED,Goal,15,Open Play,0.38
2671,194,2429,SEN,YellowCard,65,Foul,0.0
2672,194,2418,SEN,YellowCard,69,Foul,0.0
2673,194,2301,NED,YellowCard,38,Foul,0.0
2674,194,2431,SEN,YellowCard,23,Foul,0.0
2675,194,2306,NED,RedCard,49,Serious Foul,0.0
2676,194,2424,SEN,Substitution,54,Sub On,0.0
2677,194,2429,SEN,Substitution,82,Sub On,0.0
2678,194,2434,SEN,Substitution,55,Sub On,0.0
2679,194,2425,SEN,Substitution,88,Sub On,0.0
2680,194,2317,NED,Substitution,74,Sub On,0.0
2681,194,2305,NED,Substitution,74,Sub On,0.0
2682,194,2315,NED,Substitution,73,Sub On,0.0
2683,194,2323,NED,Substitution,67,Sub On,0.0
2684,195,2824,QAT,Goal,81,Open Play,0.43
2685,195,2429,SEN,Goal,19,Open Play,0.74
2686,195,2434,SEN,Goal,46,Own Goal,0.61
2687,195,2418,SEN,Goal,78,Open Play,0.15
2688,195,2824,QAT,YellowCard,40,Foul,0.0
2689,195,2429,SEN,YellowCard,31,Foul,0.0
2690,195,2810,QAT,YellowCard,20,Foul,0.0
2691,195,2816,QAT,RedCard,84,Serious Foul,0.0
2692,195,2810,QAT,Substitution,62,Sub On,0.0
2693,195,2824,QAT,Substitution,86,Sub On,0.0
2694,195,2822,QAT,Substitution,54,Sub On,0.0
2695,195,2819,QAT,Substitution,67,Sub On,0.0
2696,195,2422,SEN,Substitution,79,Sub On,0.0
2697,195,2435,SEN,Substitution,63,Sub On,0.0
2698,195,2435,SEN,Substitution,85,Sub On,0.0
2699,196,2302,NED,Goal,12,Open Play,0.6
2700,196,2751,ECU,Goal,11,Open Play,0.84
2701,196,2316,NED,YellowCard,12,Foul,0.0
2702,196,2758,ECU,YellowCard,76,Foul,0.0
2703,196,2304,NED,Substitution,47,Sub On,0.0
2704,196,2321,NED,Substitution,67,Sub On,0.0
2705,196,2316,NED,Substitution,86,Sub On,0.0
2706,196,2319,NED,Substitution,63,Sub On,0.0
2707,196,2750,ECU,Substitution,48,Sub On,0.0
2708,196,2749,ECU,Substitution,84,Sub On,0.0
2709,196,2746,ECU,Substitution,80,Sub On,0.0
2710,197,2742,ECU,Goal,45,Open Play,0.7
2711,197,2434,SEN,Goal,86,Open Play,0.06
2712,197,2431,SEN,Goal,79,Open Play,0.37
2713,197,2759,ECU,YellowCard,49,Foul,0.0
2714,197,2425,SEN,YellowCard,30,Foul,0.0
2715,197,2423,SEN,YellowCard,72,Foul,0.0
2716,197,2754,ECU,YellowCard,93,Foul,0.0
2717,197,2755,ECU,Substitution,53,Sub On,0.0
2718,197,2747,ECU,Substitution,47,Sub On,0.0
2719,197,2754,ECU,Substitution,71,Sub On,0.0
2720,197,2438,SEN,Substitution,76,Sub On,0.0
2721,197,2433,SEN,Substitution,88,Sub On,0.0
2722,197,2433,SEN,Substitution,79,Sub On,0.0
2723,197,2434,SEN,Substitution,73,Sub On,0.0
2724,197,2419,SEN,Substitution,48,Sub On,0.0
2725,198,2315,NED,Goal,29,Open Play,0.45
2726,198,2315,NED,Goal,49,Penalty,0.15
2727,198,2827,QAT,YellowCard,18,Foul,0.0
2728,198,2809,QAT,YellowCard,65,Foul,0.0
2729,198,2816,QAT,YellowCard,64,Foul,0.0
2730,198,2313,NED,Substitution,60,Sub On,0.0
2731,198,2314,NED,Substitution,50,Sub On,0.0
2732,198,2320,NED,Substitution,53,Sub On,0.0
2733,198,2306,NED,Substitution,74,Sub On,0.0
2734,198,2304,NED,Substitution,83,Sub On,0.0
2735,198,2827,QAT,Substitution,71,Sub On,0.0
2736,198,2811,QAT,Substitution,55,Sub On,0.0
2737,198,2825,QAT,Substitution,46,Sub On,0.0
2738,199,2324,ENG,Goal,65,Open Play,0.53
2739,199,2332,ENG,Goal,3,Open Play,0.78
2740,199,2345,ENG,Goal,56,Open Play,0.8
2741,199,2336,ENG,Goal,85,Open Play,0.06
2742,199,2337,ENG,Goal,5,Open Play,0.56
2743,199,2336,ENG,Goal,56,Penalty,0.53
2744,199,2780,IRN,Goal,84,Open Play,0.59
2745,199,2780,IRN,Goal,47,Open Play,0.75
2746,199,2781,IRN,YellowCard,6,Foul,0.0
2747,199,2772,IRN,YellowCard,81,Foul,0.0
2748,199,2783,IRN,YellowCard,75,Foul,0.0
2749,199,2336,ENG,YellowCard,62,Foul,0.0
2750,199,2782,IRN,YellowCard,87,Foul,0.0
2751,199,2333,ENG,YellowCard,59,Foul,0.0
2752,199,2341,ENG,Substitution,62,Sub On,0.0
2753,199,2328,ENG,Substitution,63,Sub On,0.0
2754,199,2335,ENG,Substitution,82,Sub On,0.0
2755,199,2331,ENG,Substitution,88,Sub On,0.0
2756,199,2345,ENG,Substitution,71,Sub On,0.0
2757,199,2775,IRN,Substitution,85,Sub On,0.0
2758,199,2779,IRN,Substitution,81,Sub On,0.0
2759,199,2780,IRN,Substitution,80,Sub On,0.0
2760,199,2762,IRN,Substitution,55,Sub On,0.0
2761,199,2780,IRN,Substitution,59,Sub On,0.0
2762,200,2453,USA,Goal,93,Open Play,0.05
2763,200,2805,WAL,Goal,52,Open Play,0.86
2764,200,2443,USA,YellowCard,1,Foul,0.0
2765,200,2796,WAL,YellowCard,42,Foul,0.0
2766,200,2458,USA,Substitution,54,Sub On,0.0
2767,200,2454,USA,Substitution,61,Sub On,0.0
2768,200,2439,USA,Substitution,61,Sub On,0.0
2769,200,2443,USA,Substitution,49,Sub On,0.0
2770,200,2791,WAL,Substitution,51,Sub On,0.0
2771,200,2804,WAL,Substitution,86,Sub On,0.0
2772,200,2791,WAL,Substitution,80,Sub On,0.0
2773,200,2799,WAL,Substitution,60,Sub On,0.0
2774,201,2762,IRN,Goal,74,Open Play,0.75
2775,201,2781,IRN,Goal,4,Penalty,0.17
2776,201,2789,WAL,YellowCard,6,Foul,0.0
2777,201,2786,WAL,YellowCard,78,Foul,0.0
2778,201,2802,WAL,YellowCard,62,Foul,0.0
2779,201,2792,WAL,YellowCard,4,Foul,0.0
2780,201,2785,WAL,Substitution,58,Sub On,0.0
2781,201,2787,WAL,Substitution,49,Sub On,0.0
2782,201,2797,WAL,Substitution,85,Sub On,0.0
2783,201,2788,WAL,Substitution,72,Sub On,0.0
2784,201,2769,IRN,Substitution,76,Sub On,0.0
2785,201,2774,IRN,Substitution,69,Sub On,0.0
2786,201,2763,IRN,Substitution,48,Sub On,0.0
2787,201,2762,IRN,Substitution,50,Sub On,0.0
2788,202,2443,USA,YellowCard,67,Foul,0.0
2789,202,2341,ENG,YellowCard,78,Foul,0.0
2790,202,2456,USA,YellowCard,6,Foul,0.0
2791,202,2340,ENG,Substitution,58,Sub On,0.0
2792,202,2343,ENG,Substitution,87,Sub On,0.0
2793,202,2337,ENG,Substitution,65,Sub On,0.0
2794,202,2441,USA,Substitution,89,Sub On,0.0
2795,202,2448,USA,Substitution,88,Sub On,0.0
2796,202,2453,USA,Substitution,56,Sub On,0.0
2797,202,2445,USA,Substitution,53,Sub On,0.0
2798,202,2450,USA,Substitution,61,Sub On,0.0
2799,203,2327,ENG,Goal,68,Penalty,0.32
2800,203,2332,ENG,Goal,21,Open Play,0.8
2801,203,2324,ENG,Goal,53,Open Play,0.29
2802,203,2331,ENG,YellowCard,26,Foul,0.0
2803,203,2325,ENG,YellowCard,46,Foul,0.0
2804,203,2331,ENG,YellowCard,89,Foul,0.0
2805,203,2330,ENG,YellowCard,68,Foul,0.0
2806,203,2327,ENG,YellowCard,56,Foul,0.0
2807,203,2796,WAL,Substitution,85,Sub On,0.0
2808,203,2795,WAL,Substitution,67,Sub On,0.0
2809,203,2785,WAL,Substitution,47,Sub On,0.0
2810,203,2330,ENG,Substitution,79,Sub On,0.0
2811,203,2343,ENG,Substitution,89,Sub On,0.0
2812,203,2346,ENG,Substitution,49,Sub On,0.0
2813,203,2329,ENG,Substitution,67,Sub On,0.0
2814,204,2446,USA,Goal,44,Open Play,0.26
2815,204,2439,USA,YellowCard,68,Foul,0.0
2816,204,2457,USA,YellowCard,21,Foul,0.0
2817,204,2767,IRN,YellowCard,7,Foul,0.0
2818,204,2761,IRN,YellowCard,36,Foul,0.0
2819,204,2453,USA,YellowCard,64,Foul,0.0
2820,204,2779,IRN,Substitution,70,Sub On,0.0
2821,204,2779,IRN,Substitution,54,Sub On,0.0
2822,204,2776,IRN,Substitution,83,Sub On,0.0
2823,204,2762,IRN,Substitution,75,Sub On,0.0
2824,204,2448,USA,Substitution,69,Sub On,0.0
2825,204,2454,USA,Substitution,76,Sub On,0.0
2826,204,2442,USA,Substitution,65,Sub On,0.0
2827,204,2460,USA,Substitution,50,Sub On,0.0
2828,204,2444,USA,Substitution,48,Sub On,0.0
2829,205,2227,ARG,Goal,41,Open Play,0.9
2830,205,2901,KSA,Goal,39,Open Play,0.45
2831,205,2918,KSA,Goal,46,Open Play,0.74
2832,205,2901,KSA,YellowCard,88,Foul,0.0
2833,205,2912,KSA,YellowCard,51,Foul,0.0
2834,205,2225,ARG,RedCard,36,Serious Foul,0.0
2835,205,2220,ARG,Substitution,66,Sub On,0.0
2836,205,2223,ARG,Substitution,52,Sub On,0.0
2837,205,2212,ARG,Substitution,81,Sub On,0.0
2838,205,2225,ARG,Substitution,69,Sub On,0.0
2839,205,2905,KSA,Substitution,75,Sub On,0.0
2840,205,2914,KSA,Substitution,83,Sub On,0.0
2841,205,2902,KSA,Substitution,61,Sub On,0.0
2842,205,2901,KSA,Substitution,80,Sub On,0.0
2843,206,2600,MEX,YellowCard,74,Foul,0.0
2844,206,2466,POL,YellowCard,42,Foul,0.0
2845,206,2611,MEX,YellowCard,30,Foul,0.0
2846,206,2470,POL,YellowCard,35,Foul,0.0
2847,206,2614,MEX,RedCard,35,Serious Foul,0.0
2848,206,2600,MEX,Substitution,47,Sub On,0.0
2849,206,2621,MEX,Substitution,89,Sub On,0.0
2850,206,2607,MEX,Substitution,71,Sub On,0.0
2851,206,2621,MEX,Substitution,75,Sub On,0.0
2852,206,2616,MEX,Substitution,82,Sub On,0.0
2853,206,2475,POL,Substitution,87,Sub On,0.0
2854,206,2467,POL,Substitution,75,Sub On,0.0
2855,206,2462,POL,Substitution,67,Sub On,0.0
2856,207,2478,POL,Goal,53,Open Play,0.11
2857,207,2467,POL,Goal,83,Open Play,0.31
2858,207,2914,KSA,YellowCard,12,Foul,0.0
2859,207,2465,POL,YellowCard,46,Foul,0.0
2860,207,2463,POL,Substitution,54,Sub On,0.0
2861,207,2479,POL,Substitution,49,Sub On,0.0
2862,207,2467,POL,Substitution,72,Sub On,0.0
2863,207,2472,POL,Substitution,66,Sub On,0.0
2864,207,2920,KSA,Substitution,77,Sub On,0.0
2865,207,2902,KSA,Substitution,46,Sub On,0.0
2866,207,2908,KSA,Substitution,58,Sub On,0.0
2867,208,2230,ARG,Goal,61,Open Play,0.21
2868,208,2227,ARG,Goal,40,Open Play,0.74
2869,208,2613,MEX,YellowCard,84,Foul,0.0
2870,208,2227,ARG,YellowCard,92,Foul,0.0
2871,208,2600,MEX,YellowCard,48,Foul,0.0
2872,208,2231,ARG,YellowCard,57,Foul,0.0
2873,208,2609,MEX,YellowCard,81,Foul,0.0
2874,208,2214,ARG,YellowCard,59,Foul,0.0
2875,208,2223,ARG,Substitution,77,Sub On,0.0
2876,208,2214,ARG,Substitution,88,Sub On,0.0
2877,208,2221,ARG,Substitution,86,Sub On,0.0
2878,208,2228,ARG,Substitution,83,Sub On,0.0
2879,208,2607,MEX,Substitution,86,Sub On,0.0
2880,208,2600,MEX,Substitution,65,Sub On,0.0
2881,208,2619,MEX,Substitution,79,Sub On,0.0
2882,208,2606,MEX,Substitution,77,Sub On,0.0
2883,208,2603,MEX,Substitution,68,Sub On,0.0
2884,209,2230,ARG,Goal,53,Open Play,0.42
2885,209,2231,ARG,Goal,92,Penalty,0.85
2886,209,2462,POL,YellowCard,29,Foul,0.0
2887,209,2482,POL,YellowCard,18,Foul,0.0
2888,209,2211,ARG,YellowCard,84,Foul,0.0
2889,209,2480,POL,YellowCard,51,Foul,0.0
2890,209,2484,POL,Substitution,66,Sub On,0.0
2891,209,2478,POL,Substitution,83,Sub On,0.0
2892,209,2464,POL,Substitution,74,Sub On,0.0
2893,209,2470,POL,Substitution,81,Sub On,0.0
2894,209,2221,ARG,Substitution,62,Sub On,0.0
2895,209,2213,ARG,Substitution,66,Sub On,0.0
2896,209,2230,ARG,Substitution,85,Sub On,0.0
2897,209,2228,ARG,Substitution,48,Sub On,0.0
2898,209,2216,ARG,Substitution,87,Sub On,0.0
2899,210,2913,KSA,Goal,28,Open Play,0.48
2900,210,2611,MEX,Goal,11,Own Goal,0.1
2901,210,2617,MEX,Goal,86,Open Play,0.12
2902,210,2905,KSA,YellowCard,85,Foul,0.0
2903,210,2902,KSA,YellowCard,23,Foul,0.0
2904,210,2616,MEX,YellowCard,83,Foul,0.0
2905,210,2906,KSA,Substitution,51,Sub On,0.0
2906,210,2900,KSA,Substitution,81,Sub On,0.0
2907,210,2905,KSA,Substitution,46,Sub On,0.0
2908,210,2912,KSA,Substitution,75,Sub On,0.0
2909,210,2921,KSA,Substitution,51,Sub On,0.0
2910,210,2601,MEX,Substitution,53,Sub On,0.0
2911,210,2619,MEX,Substitution,82,Sub On,0.0
2912,210,2605,MEX,Substitution,53,Sub On,0.0
2913,210,2607,MEX,Substitution,86,Sub On,0.0
2914,210,2604,MEX,Substitution,63,Sub On,0.0
2915,211,2238,FRA,Goal,67,Open Play,0.69
2916,211,2242,FRA,Goal,43,Open Play,0.55
2917,211,2252,FRA,Goal,92,Open Play,0.61
2918,211,2236,FRA,Goal,10,Penalty,0.79
2919,211,2520,AUS,Goal,72,Open Play,0.54
2920,211,2509,AUS,YellowCard,54,Foul,0.0
2921,211,2246,FRA,YellowCard,21,Foul,0.0
2922,211,2236,FRA,Substitution,53,Sub On,0.0
2923,211,2244,FRA,Substitution,55,Sub On,0.0
2924,211,2249,FRA,Substitution,71,Sub On,0.0
2925,211,2253,FRA,Substitution,74,Sub On,0.0
2926,211,2251,FRA,Substitution,60,Sub On,0.0
2927,211,2511,AUS,Substitution,51,Sub On,0.0
2928,211,2508,AUS,Substitution,46,Sub On,0.0
2929,211,2523,AUS,Substitution,50,Sub On,0.0
2930,212,2864,DEN,YellowCard,63,Foul,0.0
2931,212,2884,TUN,YellowCard,39,Foul,0.0
2932,212,2893,TUN,YellowCard,6,Foul,0.0
2933,212,2867,DEN,YellowCard,36,Foul,0.0
2934,212,2863,DEN,YellowCard,6,Foul,0.0
2935,212,2872,DEN,Substitution,46,Sub On,0.0
2936,212,2869,DEN,Substitution,87,Sub On,0.0
2937,212,2875,DEN,Substitution,89,Sub On,0.0
2938,212,2853,DEN,Substitution,75,Sub On,0.0
2939,212,2893,TUN,Substitution,78,Sub On,0.0
2940,212,2895,TUN,Substitution,72,Sub On,0.0
2941,212,2887,TUN,Substitution,68,Sub On,0.0
2942,212,2892,TUN,Substitution,50,Sub On,0.0
2943,213,2241,FRA,Goal,66,Open Play,0.63
2944,213,2241,FRA,Goal,71,Open Play,0.6
2945,213,2874,DEN,Goal,68,Open Play,0.53
2946,213,2243,FRA,YellowCard,17,Foul,0.0
2947,213,2241,FRA,YellowCard,6,Foul,0.0
2948,213,2234,FRA,YellowCard,35,Foul,0.0
2949,213,2245,FRA,YellowCard,64,Foul,0.0
2950,213,2236,FRA,YellowCard,90,Foul,0.0
2951,213,2243,FRA,Substitution,69,Sub On,0.0
2952,213,2246,FRA,Substitution,55,Sub On,0.0
2953,213,2243,FRA,Substitution,64,Sub On,0.0
2954,213,2237,FRA,Substitution,54,Sub On,0.0
2955,213,2857,DEN,Substitution,63,Sub On,0.0
2956,213,2873,DEN,Substitution,87,Sub On,0.0
2957,213,2867,DEN,Substitution,52,Sub On,0.0
2958,213,2865,DEN,Substitution,79,Sub On,0.0
2959,214,2520,AUS,Goal,32,Open Play,0.57
2960,214,2887,TUN,YellowCard,10,Foul,0.0
2961,214,2511,AUS,YellowCard,81,Foul,0.0
2962,214,2879,TUN,YellowCard,53,Foul,0.0
2963,214,2883,TUN,Substitution,85,Sub On,0.0
2964,214,2884,TUN,Substitution,52,Sub On,0.0
2965,214,2890,TUN,Substitution,58,Sub On,0.0
2966,214,2898,TUN,Substitution,87,Sub On,0.0
2967,214,2878,TUN,Substitution,52,Sub On,0.0
2968,214,2525,AUS,Substitution,87,Sub On,0.0
2969,214,2523,AUS,Substitution,48,Sub On,0.0
2970,214,2519,AUS,Substitution,53,Sub On,0.0
2971,214,2529,AUS,Substitution,87,Sub On,0.0
2972,215,2517,AUS,Goal,94,Open Play,0.24
2973,215,2520,AUS,YellowCard,64,Foul,0.0
2974,215,2519,AUS,YellowCard,58,Foul,0.0
2975,215,2859,DEN,YellowCard,90,Foul,0.0
2976,215,2528,AUS,YellowCard,44,Foul,0.0
2977,215,2524,AUS,YellowCard,1,Foul,0.0
2978,215,2870,DEN,RedCard,67,Serious Foul,0.0
2979,215,2524,AUS,Substitution,63,Sub On,0.0
2980,215,2508,AUS,Substitution,88,Sub On,0.0
2981,215,2521,AUS,Substitution,78,Sub On,0.0
2982,215,2518,AUS,Substitution,51,Sub On,0.0
2983,215,2858,DEN,Substitution,80,Sub On,0.0
2984,215,2867,DEN,Substitution,50,Sub On,0.0
2985,215,2861,DEN,Substitution,47,Sub On,0.0
2986,216,2888,TUN,Goal,36,Penalty,0.83
2987,216,2250,FRA,YellowCard,42,Foul,0.0
2988,216,2243,FRA,YellowCard,61,Foul,0.0
2989,216,2240,FRA,RedCard,84,Serious Foul,0.0
2990,216,2898,TUN,Substitution,73,Sub On,0.0
2991,216,2895,TUN,Substitution,54,Sub On,0.0
2992,216,2886,TUN,Substitution,54,Sub On,0.0
2993,216,2241,FRA,Substitution,72,Sub On,0.0
2994,216,2233,FRA,Substitution,51,Sub On,0.0
2995,216,2240,FRA,Substitution,46,Sub On,0.0
2996,216,2248,FRA,Substitution,89,Sub On,0.0
2997,217,2566,ESP,Goal,15,Penalty,0.77
2998,217,2562,ESP,Goal,73,Open Play,0.05
2999,217,2562,ESP,Goal,58,Open Play,0.5
3000,217,2571,ESP,Goal,88,Open Play,0.45
3001,217,2564,ESP,Goal,57,Penalty,0.62
3002,217,2562,ESP,Goal,8,Open Play,0.43
3003,217,2564,ESP,Goal,62,Open Play,0.44
3004,217,2565,ESP,YellowCard,19,Foul,0.0
3005,217,2558,ESP,YellowCard,25,Foul,0.0
3006,217,2582,CRC,YellowCard,93,Foul,0.0
3007,217,2565,ESP,YellowCard,29,Foul,0.0
3008,217,2575,ESP,YellowCard,37,Foul,0.0
3009,217,2565,ESP,Substitution,82,Sub On,0.0
3010,217,2567,ESP,Substitution,78,Sub On,0.0
3011,217,2567,ESP,Substitution,71,Sub On,0.0
3012,217,2587,CRC,Substitution,79,Sub On,0.0
3013,217,2580,CRC,Substitution,89,Sub On,0.0
3014,217,2585,CRC,Substitution,69,Sub On,0.0
3015,218,2714,GER,Goal,53,Open Play,0.09
3016,218,2411,JPN,Goal,94,Open Play,0.29
3017,218,2393,JPN,Goal,61,Open Play,0.84
3018,218,2393,JPN,YellowCard,60,Foul,0.0
3019,218,2409,JPN,YellowCard,25,Foul,0.0
3020,218,2412,JPN,YellowCard,61,Foul,0.0
3021,218,2705,GER,YellowCard,9,Foul,0.0
3022,218,2394,JPN,YellowCard,87,Foul,0.0
3023,218,2702,GER,Substitution,79,Sub On,0.0
3024,218,2709,GER,Substitution,86,Sub On,0.0
3025,218,2712,GER,Substitution,67,Sub On,0.0
3026,218,2707,GER,Substitution,64,Sub On,0.0
3027,218,2696,GER,Substitution,88,Sub On,0.0
3028,218,2408,JPN,Substitution,62,Sub On,0.0
3029,218,2407,JPN,Substitution,81,Sub On,0.0
3030,218,2398,JPN,Substitution,49,Sub On,0.0
3031,219,2591,CRC,Goal,54,Open Play,0.62
3032,219,2406,JPN,YellowCard,4,Foul,0.0
3033,219,2394,JPN,YellowCard,88,Foul,0.0
3034,219,2405,JPN,YellowCard,37,Foul,0.0
3035,219,2413,JPN,YellowCard,35,Foul,0.0
3036,219,2597,CRC,YellowCard,36,Foul,0.0
3037,219,2404,JPN,Substitution,56,Sub On,0.0
3038,219,2399,JPN,Substitution,48,Sub On,0.0
3039,219,2403,JPN,Substitution,74,Sub On,0.0
3040,219,2407,JPN,Substitution,68,Sub On,0.0
3041,219,2582,CRC,Substitution,78,Sub On,0.0
3042,219,2583,CRC,Substitution,78,Sub On,0.0
3043,219,2585,CRC,Substitution,69,Sub On,0.0
3044,219,2593,CRC,Substitution,66,Sub On,0.0
3045,219,2592,CRC,Substitution,74,Sub On,0.0
3046,220,2564,ESP,Goal,23,Open Play,0.17
3047,220,2693,GER,Goal,15,Penalty,0.64
3048,220,2712,GER,YellowCard,79,Foul,0.0
3049,220,2694,GER,YellowCard,27,Foul,0.0
3050,220,2575,ESP,YellowCard,87,Foul,0.0
3051,220,2701,GER,YellowCard,87,Foul,0.0
3052,220,2570,ESP,YellowCard,48,Foul,0.0
3053,220,2569,ESP,YellowCard,84,Foul,0.0
3054,220,2567,ESP,Substitution,65,Sub On,0.0
3055,220,2573,ESP,Substitution,56,Sub On,0.0
3056,220,2557,ESP,Substitution,72,Sub On,0.0
3057,220,2564,ESP,Substitution,70,Sub On,0.0
3058,220,2556,ESP,Substitution,62,Sub On,0.0
3059,220,2710,GER,Substitution,80,Sub On,0.0
3060,220,2692,GER,Substitution,69,Sub On,0.0
3061,220,2700,GER,Substitution,63,Sub On,0.0
3062,221,2405,JPN,Goal,75,Open Play,0.56
3063,221,2407,JPN,Goal,33,Open Play,0.05
3064,221,2561,ESP,Goal,86,Open Play,0.07
3065,221,2405,JPN,YellowCard,20,Foul,0.0
3066,221,2556,ESP,YellowCard,87,Foul,0.0
3067,221,2412,JPN,YellowCard,91,Foul,0.0
3068,221,2409,JPN,YellowCard,13,Foul,0.0
3069,221,2575,ESP,YellowCard,1,Foul,0.0
3070,221,2556,ESP,YellowCard,49,Foul,0.0
3071,221,2403,JPN,Substitution,69,Sub On,0.0
3072,221,2414,JPN,Substitution,78,Sub On,0.0
3073,221,2399,JPN,Substitution,75,Sub On,0.0
3074,221,2402,JPN,Substitution,76,Sub On,0.0
3075,221,2415,JPN,Substitution,49,Sub On,0.0
3076,221,2565,ESP,Substitution,55,Sub On,0.0
3077,221,2567,ESP,Substitution,86,Sub On,0.0
3078,221,2571,ESP,Substitution,51,Sub On,0.0
3079,221,2561,ESP,Substitution,76,Sub On,0.0
3080,221,2564,ESP,Substitution,87,Sub On,0.0
3081,222,2579,CRC,Goal,73,Open Play,0.79
3082,222,2591,CRC,Goal,38,Open Play,0.06
3083,222,2701,GER,Goal,88,Open Play,0.89
3084,222,2702,GER,Goal,66,Open Play,0.43
3085,222,2708,GER,Goal,32,Open Play,0.45
3086,222,2708,GER,Goal,43,Penalty,0.75
3087,222,2713,GER,YellowCard,26,Foul,0.0
3088,222,2595,CRC,YellowCard,2,Foul,0.0
3089,222,2580,CRC,YellowCard,29,Foul,0.0
3090,222,2581,CRC,YellowCard,42,Foul,0.0
3091,222,2695,GER,YellowCard,35,Foul,0.0
3092,222,2706,GER,YellowCard,50,Foul,0.0
3093,222,2597,CRC,Substitution,76,Sub On,0.0
3094,222,2599,CRC,Substitution,80,Sub On,0.0
3095,222,2593,CRC,Substitution,58,Sub On,0.0
3096,222,2577,CRC,Substitution,57,Sub On,0.0
3097,222,2591,CRC,Substitution,48,Sub On,0.0
3098,222,2711,GER,Substitution,47,Sub On,0.0
3099,222,2696,GER,Substitution,80,Sub On,0.0
3100,222,2705,GER,Substitution,53,Sub On,0.0
3101,223,2672,BEL,Goal,86,Open Play,0.83
3102,223,2835,CAN,YellowCard,54,Foul,0.0
3103,223,2677,BEL,YellowCard,78,Foul,0.0
3104,223,2681,BEL,YellowCard,92,Foul,0.0
3105,223,2682,BEL,Substitution,82,Sub On,0.0
3106,223,2682,BEL,Substitution,76,Sub On,0.0
3107,223,2677,BEL,Substitution,64,Sub On,0.0
3108,223,2673,BEL,Substitution,68,Sub On,0.0
3109,223,2679,BEL,Substitution,74,Sub On,0.0
3110,223,2845,CAN,Substitution,73,Sub On,0.0
3111,223,2835,CAN,Substitution,56,Sub On,0.0
3112,223,2845,CAN,Substitution,89,Sub On,0.0
3113,223,2835,CAN,Substitution,59,Sub On,0.0
3114,224,2290,MAR,YellowCard,3,Foul,0.0
3115,224,2281,MAR,YellowCard,62,Foul,0.0
3116,224,2284,MAR,Substitution,75,Sub On,0.0
3117,224,2280,MAR,Substitution,68,Sub On,0.0
3118,224,2297,MAR,Substitution,73,Sub On,0.0
3119,224,2272,CRO,Substitution,49,Sub On,0.0
3120,224,2271,CRO,Substitution,48,Sub On,0.0
3121,224,2276,CRO,Substitution,65,Sub On,0.0
3122,224,2263,CRO,Substitution,62,Sub On,0.0
3123,225,2287,MAR,Goal,64,Open Play,0.57
3124,225,2282,MAR,Goal,51,Open Play,0.24
3125,225,2683,BEL,YellowCard,33,Foul,0.0
3126,225,2683,BEL,YellowCard,89,Foul,0.0
3127,225,2675,BEL,YellowCard,13,Foul,0.0
3128,225,2690,BEL,Substitution,83,Sub On,0.0
3129,225,2680,BEL,Substitution,55,Sub On,0.0
3130,225,2673,BEL,Substitution,70,Sub On,0.0
3131,225,2677,BEL,Substitution,73,Sub On,0.0
3132,225,2675,BEL,Substitution,50,Sub On,0.0
3133,225,2279,MAR,Substitution,86,Sub On,0.0
3134,225,2294,MAR,Substitution,86,Sub On,0.0
3135,225,2300,MAR,Substitution,81,Sub On,0.0
3136,225,2288,MAR,Substitution,87,Sub On,0.0
3137,225,2294,MAR,Substitution,76,Sub On,0.0
3138,226,2267,CRO,Goal,1,Open Play,0.66
3139,226,2265,CRO,Goal,36,Open Play,0.74
3140,226,2272,CRO,Goal,69,Open Play,0.63
3141,226,2273,CRO,Goal,74,Open Play,0.47
3142,226,2838,CAN,Goal,12,Open Play,0.76
3143,226,2832,CAN,YellowCard,92,Foul,0.0
3144,226,2271,CRO,YellowCard,27,Foul,0.0
3145,226,2263,CRO,Substitution,46,Sub On,0.0
3146,226,2274,CRO,Substitution,79,Sub On,0.0
3147,226,2267,CRO,Substitution,80,Sub On,0.0
3148,226,2848,CAN,Substitution,85,Sub On,0.0
3149,226,2844,CAN,Substitution,58,Sub On,0.0
3150,226,2848,CAN,Substitution,64,Sub On,0.0
3151,227,2268,CRO,YellowCard,14,Foul,0.0
3152,227,2671,BEL,YellowCard,3,Foul,0.0
3153,227,2677,BEL,YellowCard,82,Foul,0.0
3154,227,2256,CRO,YellowCard,63,Foul,0.0
3155,227,2669,BEL,YellowCard,83,Foul,0.0
3156,227,2262,CRO,Substitution,75,Sub On,0.0
3157,227,2276,CRO,Substitution,78,Sub On,0.0
3158,227,2271,CRO,Substitution,85,Sub On,0.0
3159,227,2267,CRO,Substitution,54,Sub On,0.0
3160,227,2256,CRO,Substitution,68,Sub On,0.0
3161,227,2679,BEL,Substitution,77,Sub On,0.0
3162,227,2669,BEL,Substitution,75,Sub On,0.0
3163,227,2687,BEL,Substitution,67,Sub On,0.0
3164,228,2834,CAN,Goal,16,Open Play,0.32
3165,228,2299,MAR,Goal,58,Open Play,0.32
3166,228,2278,MAR,Goal,62,Open Play,0.39
3167,228,2835,CAN,YellowCard,81,Foul,0.0
3168,228,2278,MAR,YellowCard,90,Foul,0.0
3169,228,2832,CAN,YellowCard,47,Foul,0.0
3170,228,2835,CAN,YellowCard,59,Foul,0.0
3171,228,2845,CAN,YellowCard,86,Foul,0.0
3172,228,2852,CAN,Substitution,81,Sub On,0.0
3173,228,2833,CAN,Substitution,51,Sub On,0.0
3174,228,2844,CAN,Substitution,70,Sub On,0.0
3175,228,2844,CAN,Substitution,81,Sub On,0.0
3176,228,2300,MAR,Substitution,78,Sub On,0.0
3177,228,2285,MAR,Substitution,82,Sub On,0.0
3178,228,2295,MAR,Substitution,77,Sub On,0.0
3179,229,2357,BRA,Goal,33,Open Play,0.13
3180,229,2367,BRA,Goal,1,Open Play,0.48
3181,229,2364,BRA,YellowCard,68,Foul,0.0
3182,229,2944,SRB,YellowCard,76,Foul,0.0
3183,229,2934,SRB,YellowCard,30,Foul,0.0
3184,229,2941,SRB,RedCard,14,Serious Foul,0.0
3185,229,2357,BRA,Substitution,66,Sub On,0.0
3186,229,2360,BRA,Substitution,60,Sub On,0.0
3187,229,2360,BRA,Substitution,77,Sub On,0.0
3188,229,2365,BRA,Substitution,53,Sub On,0.0
3189,229,2944,SRB,Substitution,82,Sub On,0.0
3190,229,2931,SRB,Substitution,50,Sub On,0.0
3191,229,2930,SRB,Substitution,63,Sub On,0.0
3192,229,2926,SRB,Substitution,46,Sub On,0.0
3193,229,2929,SRB,Substitution,54,Sub On,0.0
3194,230,2546,SUI,Goal,15,Open Play,0.19
3195,230,2539,SUI,YellowCard,92,Foul,0.0
3196,230,2664,CMR,YellowCard,25,Foul,0.0
3197,230,2649,CMR,YellowCard,39,Foul,0.0
3198,230,2654,CMR,YellowCard,29,Foul,0.0
3199,230,2547,SUI,Substitution,72,Sub On,0.0
3200,230,2551,SUI,Substitution,84,Sub On,0.0
3201,230,2532,SUI,Substitution,66,Sub On,0.0
3202,230,2533,SUI,Substitution,88,Sub On,0.0
3203,230,2544,SUI,Substitution,48,Sub On,0.0
3204,230,2652,CMR,Substitution,49,Sub On,0.0
3205,230,2665,CMR,Substitution,77,Sub On,0.0
3206,230,2659,CMR,Substitution,87,Sub On,0.0
3207,230,2654,CMR,Substitution,83,Sub On,0.0
3208,230,2664,CMR,Substitution,69,Sub On,0.0
3209,231,2357,BRA,Goal,20,Open Play,0.08
3210,231,2543,SUI,YellowCard,75,Foul,0.0
3211,231,2533,SUI,YellowCard,55,Foul,0.0
3212,231,2368,BRA,YellowCard,37,Foul,0.0
3213,231,2348,BRA,Substitution,89,Sub On,0.0
3214,231,2350,BRA,Substitution,51,Sub On,0.0
3215,231,2363,BRA,Substitution,50,Sub On,0.0
3216,231,2368,BRA,Substitution,76,Sub On,0.0
3217,231,2350,BRA,Substitution,85,Sub On,0.0
3218,231,2546,SUI,Substitution,62,Sub On,0.0
3219,231,2546,SUI,Substitution,55,Sub On,0.0
3220,231,2542,SUI,Substitution,66,Sub On,0.0
3221,232,2660,CMR,Goal,46,Open Play,0.66
3222,232,2660,CMR,Goal,15,Penalty,0.58
3223,232,2658,CMR,Goal,81,Open Play,0.19
3224,232,2937,SRB,Goal,94,Own Goal,0.78
3225,232,2929,SRB,Goal,60,Open Play,0.75
3226,232,2922,SRB,Goal,35,Open Play,0.84
3227,232,2658,CMR,YellowCard,46,Foul,0.0
3228,232,2647,CMR,YellowCard,8,Foul,0.0
3229,232,2940,SRB,YellowCard,73,Foul,0.0
3230,232,2655,CMR,RedCard,60,Serious Foul,0.0
3231,232,2667,CMR,Substitution,66,Sub On,0.0
3232,232,2651,CMR,Substitution,89,Sub On,0.0
3233,232,2668,CMR,Substitution,66,Sub On,0.0
3234,232,2647,CMR,Substitution,49,Sub On,0.0
3235,232,2651,CMR,Substitution,78,Sub On,0.0
3236,232,2937,SRB,Substitution,64,Sub On,0.0
3237,232,2942,SRB,Substitution,55,Sub On,0.0
3238,232,2944,SRB,Substitution,53,Sub On,0.0
3239,232,2942,SRB,Substitution,87,Sub On,0.0
3240,232,2933,SRB,Substitution,88,Sub On,0.0
3241,233,2646,CMR,Goal,52,Open Play,0.62
3242,233,2647,CMR,YellowCard,80,Foul,0.0
3243,233,2353,BRA,YellowCard,72,Foul,0.0
3244,233,2651,CMR,Substitution,81,Sub On,0.0
3245,233,2656,CMR,Substitution,76,Sub On,0.0
3246,233,2653,CMR,Substitution,86,Sub On,0.0
3247,233,2667,CMR,Substitution,52,Sub On,0.0
3248,233,2367,BRA,Substitution,74,Sub On,0.0
3249,233,2348,BRA,Substitution,63,Sub On,0.0
3250,233,2356,BRA,Substitution,81,Sub On,0.0
3251,234,2923,SRB,Goal,80,Open Play,0.62
3252,234,2934,SRB,Goal,89,Open Play,0.8
3253,234,2550,SUI,Goal,21,Open Play,0.33
3254,234,2552,SUI,Goal,40,Penalty,0.19
3255,234,2532,SUI,Goal,21,Open Play,0.67
3256,234,2553,SUI,YellowCard,88,Foul,0.0
3257,234,2537,SUI,YellowCard,71,Foul,0.0
3258,234,2544,SUI,YellowCard,71,Foul,0.0
3259,234,2550,SUI,YellowCard,42,Foul,0.0
3260,234,2926,SRB,Substitution,47,Sub On,0.0
3261,234,2930,SRB,Substitution,67,Sub On,0.0
3262,234,2942,SRB,Substitution,50,Sub On,0.0
3263,234,2543,SUI,Substitution,77,Sub On,0.0
3264,234,2547,SUI,Substitution,50,Sub On,0.0
3265,234,2549,SUI,Substitution,51,Sub On,0.0
3266,234,2534,SUI,Substitution,85,Sub On,0.0
3267,235,2391,POR,Goal,29,Open Play,0.56
3268,235,2387,POR,Goal,92,Open Play,0.15
3269,235,2380,POR,Goal,70,Open Play,0.48
3270,235,2637,GHA,Goal,20,Open Play,0.48
3271,235,2634,GHA,Goal,19,Open Play,0.15
3272,235,2644,GHA,YellowCard,10,Foul,0.0
3273,235,2635,GHA,YellowCard,42,Foul,0.0
3274,235,2633,GHA,YellowCard,20,Foul,0.0
3275,235,2386,POR,Substitution,84,Sub On,0.0
3276,235,2371,POR,Substitution,74,Sub On,0.0
3277,235,2376,POR,Substitution,65,Sub On,0.0
3278,235,2636,GHA,Substitution,66,Sub On,0.0
3279,235,2627,GHA,Substitution,61,Sub On,0.0
3280,235,2635,GHA,Substitution,88,Sub On,0.0
3281,235,2634,GHA,Substitution,49,Sub On,0.0
3282,235,2626,GHA,Substitution,89,Sub On,0.0
3283,236,2497,KOR,YellowCard,11,Foul,0.0
3284,236,2494,KOR,YellowCard,10,Foul,0.0
3285,236,2507,KOR,Substitution,65,Sub On,0.0
3286,236,2496,KOR,Substitution,55,Sub On,0.0
3287,236,2497,KOR,Substitution,73,Sub On,0.0
3288,236,2503,KOR,Substitution,77,Sub On,0.0
3289,237,2387,POR,Goal,58,Open Play,0.56
3290,237,2381,POR,Goal,60,Open Play,0.56
3291,237,2383,POR,YellowCard,54,Foul,0.0
3292,237,2391,POR,YellowCard,71,Foul,0.0
3293,237,2387,POR,Substitution,54,Sub On,0.0
3294,237,2371,POR,Substitution,84,Sub On,0.0
3295,237,2391,POR,Substitution,54,Sub On,0.0
3296,238,2505,KOR,Goal,65,Open Play,0.63
3297,238,2502,KOR,Goal,74,Open Play,0.5
3298,238,2623,GHA,Goal,52,Open Play,0.43
3299,238,2631,GHA,Goal,16,Open Play,0.08
3300,238,2641,GHA,Goal,61,Open Play,0.49
3301,238,2500,KOR,YellowCard,50,Foul,0.0
3302,238,2635,GHA,YellowCard,78,Foul,0.0
3303,238,2499,KOR,YellowCard,30,Foul,0.0
3304,238,2634,GHA,YellowCard,6,Foul,0.0
3305,238,2496,KOR,Substitution,63,Sub On,0.0
3306,238,2506,KOR,Substitution,89,Sub On,0.0
3307,238,2487,KOR,Substitution,64,Sub On,0.0
3308,238,2636,GHA,Substitution,66,Sub On,0.0
3309,238,2633,GHA,Substitution,86,Sub On,0.0
3310,238,2644,GHA,Substitution,53,Sub On,0.0
3311,238,2638,GHA,Substitution,51,Sub On,0.0
3312,239,2502,KOR,Goal,48,Open Play,0.1
3313,239,2494,KOR,Goal,38,Open Play,0.41
3314,239,2391,POR,Goal,73,Open Play,0.51
3315,239,2492,KOR,YellowCard,39,Foul,0.0
3316,239,2392,POR,YellowCard,27,Foul,0.0
3317,239,2389,POR,YellowCard,19,Foul,0.0
3318,239,2486,KOR,YellowCard,75,Foul,0.0
3319,239,2497,KOR,YellowCard,51,Foul,0.0
3320,239,2503,KOR,Substitution,68,Sub On,0.0
3321,239,2500,KOR,Substitution,47,Sub On,0.0
3322,239,2505,KOR,Substitution,77,Sub On,0.0
3323,239,2493,KOR,Substitution,58,Sub On,0.0
3324,239,2500,KOR,Substitution,58,Sub On,0.0
3325,239,2380,POR,Substitution,65,Sub On,0.0
3326,239,2375,POR,Substitution,46,Sub On,0.0
3327,239,2377,POR,Substitution,64,Sub On,0.0
3328,240,2626,GHA,YellowCard,32,Foul,0.0
3329,240,2634,GHA,Substitution,83,Sub On,0.0
3330,240,2644,GHA,Substitution,76,Sub On,0.0
3331,240,2636,GHA,Substitution,48,Sub On,0.0
3332,241,2315,NED,Goal,23,Open Play,0.79
3333,241,2302,NED,Goal,1,Open Play,0.84
3334,241,2323,NED,Goal,21,Open Play,0.77
3335,241,2446,USA,Goal,92,Open Play,0.21
3336,241,2452,USA,YellowCard,39,Foul,0.0
3337,241,2451,USA,YellowCard,21,Foul,0.0
3338,241,2455,USA,YellowCard,53,Foul,0.0
3339,241,2307,NED,Substitution,75,Sub On,0.0
3340,241,2304,NED,Substitution,83,Sub On,0.0
3341,241,2316,NED,Substitution,65,Sub On,0.0
3342,241,2319,NED,Substitution,85,Sub On,0.0
3343,241,2461,USA,Substitution,73,Sub On,0.0
3344,241,2449,USA,Substitution,58,Sub On,0.0
3345,241,2443,USA,Substitution,52,Sub On,0.0
3346,242,2231,ARG,Goal,80,Open Play,0.47
3347,242,2227,ARG,Goal,51,Penalty,0.53
3348,242,2520,AUS,Goal,17,Penalty,0.29
3349,242,2227,ARG,YellowCard,12,Foul,0.0
3350,242,2509,AUS,YellowCard,21,Foul,0.0
3351,242,2218,ARG,Substitution,53,Sub On,0.0
3352,242,2226,ARG,Substitution,80,Sub On,0.0
3353,242,2222,ARG,Substitution,85,Sub On,0.0
3354,242,2510,AUS,Substitution,47,Sub On,0.0
3355,242,2516,AUS,Substitution,47,Sub On,0.0
3356,242,2527,AUS,Substitution,68,Sub On,0.0
3357,242,2512,AUS,Substitution,73,Sub On,0.0
3358,243,2245,FRA,Goal,60,Open Play,0.46
3359,243,2252,FRA,Goal,60,Open Play,0.6
3360,243,2244,FRA,Goal,29,Open Play,0.16
3361,243,2469,POL,Goal,21,Open Play,0.9
3362,243,2482,POL,YellowCard,8,Foul,0.0
3363,243,2237,FRA,YellowCard,70,Foul,0.0
3364,243,2479,POL,YellowCard,85,Foul,0.0
3365,243,2253,FRA,RedCard,2,Serious Foul,0.0
3366,243,2236,FRA,Substitution,80,Sub On,0.0
3367,243,2242,FRA,Substitution,46,Sub On,0.0
3368,243,2250,FRA,Substitution,69,Sub On,0.0
3369,243,2478,POL,Substitution,47,Sub On,0.0
3370,243,2465,POL,Substitution,53,Sub On,0.0
3371,243,2467,POL,Substitution,65,Sub On,0.0
3372,243,2472,POL,Substitution,75,Sub On,0.0
3373,244,2339,ENG,Goal,15,Open Play,0.55
3374,244,2332,ENG,Goal,28,Open Play,0.34
3375,244,2339,ENG,Goal,37,Open Play,0.64
3376,244,2342,ENG,YellowCard,75,Foul,0.0
3377,244,2330,ENG,YellowCard,38,Foul,0.0
3378,244,2343,ENG,Substitution,78,Sub On,0.0
3379,244,2329,ENG,Substitution,80,Sub On,0.0
3380,244,2334,ENG,Substitution,61,Sub On,0.0
3381,244,2325,ENG,Substitution,54,Sub On,0.0
3382,244,2332,ENG,Substitution,83,Sub On,0.0
3383,244,2420,SEN,Substitution,68,Sub On,0.0
3384,244,2418,SEN,Substitution,60,Sub On,0.0
3385,244,2416,SEN,Substitution,57,Sub On,0.0
3386,244,2436,SEN,Substitution,78,Sub On,0.0
3387,244,2423,SEN,Substitution,71,Sub On,0.0
3388,245,2393,JPN,Goal,94,Open Play,0.86
3389,245,2268,CRO,Goal,78,Open Play,0.28
3390,245,2399,JPN,YellowCard,19,Foul,0.0
3391,245,2266,CRO,YellowCard,87,Foul,0.0
3392,245,2406,JPN,Substitution,71,Sub On,0.0
3393,245,2414,JPN,Substitution,48,Sub On,0.0
3394,245,2396,JPN,Substitution,65,Sub On,0.0
3395,245,2401,JPN,Substitution,65,Sub On,0.0
3396,245,2261,CRO,Substitution,85,Sub On,0.0
3397,245,2266,CRO,Substitution,87,Sub On,0.0
3398,245,2275,CRO,Substitution,51,Sub On,0.0
3399,246,2351,BRA,Goal,79,Open Play,0.84
3400,246,2361,BRA,Goal,91,Open Play,0.18
3401,246,2366,BRA,Goal,77,Open Play,0.89
3402,246,2356,BRA,Goal,68,Open Play,0.78
3403,246,2488,KOR,Goal,16,Open Play,0.09
3404,246,2486,KOR,YellowCard,28,Foul,0.0
3405,246,2504,KOR,YellowCard,46,Foul,0.0
3406,246,2362,BRA,Substitution,68,Sub On,0.0
3407,246,2351,BRA,Substitution,51,Sub On,0.0
3408,246,2352,BRA,Substitution,82,Sub On,0.0
3409,246,2505,KOR,Substitution,58,Sub On,0.0
3410,246,2494,KOR,Substitution,64,Sub On,0.0
3411,246,2494,KOR,Substitution,79,Sub On,0.0
3412,247,2559,ESP,YellowCard,40,Foul,0.0
3413,247,2287,MAR,YellowCard,49,Foul,0.0
3414,247,2297,MAR,YellowCard,90,Foul,0.0
3415,247,2279,MAR,YellowCard,34,Foul,0.0
3416,247,2568,ESP,YellowCard,13,Foul,0.0
3417,247,2293,MAR,YellowCard,22,Foul,0.0
3418,247,2290,MAR,Substitution,65,Sub On,0.0
3419,247,2297,MAR,Substitution,56,Sub On,0.0
3420,247,2299,MAR,Substitution,78,Sub On,0.0
3421,247,2556,ESP,Substitution,78,Sub On,0.0
3422,247,2571,ESP,Substitution,88,Sub On,0.0
3423,247,2568,ESP,Substitution,73,Sub On,0.0
3424,247,2559,ESP,Substitution,47,Sub On,0.0
3425,248,2379,POR,Goal,22,Penalty,0.87
3426,248,2387,POR,Goal,41,Open Play,0.25
3427,248,2379,POR,Goal,17,Open Play,0.89
3428,248,2381,POR,Goal,61,Open Play,0.15
3429,248,2391,POR,Goal,48,Open Play,0.39
3430,248,2380,POR,Goal,55,Open Play,0.56
3431,248,2542,SUI,Goal,52,Open Play,0.38
3432,248,2385,POR,YellowCard,85,Foul,0.0
3433,248,2391,POR,YellowCard,76,Foul,0.0
3434,248,2375,POR,YellowCard,68,Foul,0.0
3435,248,2379,POR,YellowCard,21,Foul,0.0
3436,248,2392,POR,Substitution,59,Sub On,0.0
3437,248,2387,POR,Substitution,81,Sub On,0.0
3438,248,2381,POR,Substitution,80,Sub On,0.0
3439,248,2373,POR,Substitution,46,Sub On,0.0
3440,248,2541,SUI,Substitution,76,Sub On,0.0
3441,248,2537,SUI,Substitution,81,Sub On,0.0
3442,248,2545,SUI,Substitution,80,Sub On,0.0
3443,249,2264,CRO,Goal,70,Open Play,0.63
3444,249,2353,BRA,Goal,82,Open Play,0.07
3445,249,2263,CRO,YellowCard,84,Foul,0.0
3446,249,2355,BRA,YellowCard,11,Foul,0.0
3447,249,2270,CRO,YellowCard,16,Foul,0.0
3448,249,2359,BRA,YellowCard,40,Foul,0.0
3449,249,2265,CRO,YellowCard,26,Foul,0.0
3450,249,2260,CRO,Substitution,58,Sub On,0.0
3451,249,2276,CRO,Substitution,59,Sub On,0.0
3452,249,2265,CRO,Substitution,78,Sub On,0.0
3453,249,2352,BRA,Substitution,89,Sub On,0.0
3454,249,2356,BRA,Substitution,71,Sub On,0.0
3455,249,2354,BRA,Substitution,74,Sub On,0.0
3456,249,2359,BRA,Substitution,68,Sub On,0.0
3457,250,2304,NED,Goal,84,Open Play,0.56
3458,250,2307,NED,Goal,67,Open Play,0.62
3459,250,2219,ARG,Goal,23,Open Play,0.13
3460,250,2227,ARG,Goal,52,Open Play,0.38
3461,250,2323,NED,YellowCard,43,Foul,0.0
3462,250,2308,NED,YellowCard,37,Foul,0.0
3463,250,2313,NED,YellowCard,47,Foul,0.0
3464,250,2231,ARG,YellowCard,31,Foul,0.0
3465,250,2320,NED,Substitution,70,Sub On,0.0
3466,250,2305,NED,Substitution,46,Sub On,0.0
3467,250,2314,NED,Substitution,64,Sub On,0.0
3468,250,2211,ARG,Substitution,59,Sub On,0.0
3469,250,2226,ARG,Substitution,86,Sub On,0.0
3470,250,2215,ARG,Substitution,84,Sub On,0.0
3471,251,2299,MAR,Goal,66,Open Play,0.21
3472,251,2288,MAR,YellowCard,67,Foul,0.0
3473,251,2389,POR,YellowCard,76,Foul,0.0
3474,251,2374,POR,YellowCard,66,Foul,0.0
3475,251,2285,MAR,RedCard,2,Serious Foul,0.0
3476,251,2292,MAR,Substitution,87,Sub On,0.0
3477,251,2292,MAR,Substitution,54,Sub On,0.0
3478,251,2283,MAR,Substitution,60,Sub On,0.0
3479,251,2386,POR,Substitution,53,Sub On,0.0
3480,251,2381,POR,Substitution,75,Sub On,0.0
3481,251,2382,POR,Substitution,46,Sub On,0.0
3482,251,2381,POR,Substitution,74,Sub On,0.0
3483,251,2384,POR,Substitution,55,Sub On,0.0
3484,252,2344,ENG,Goal,47,Open Play,0.26
3485,252,2253,FRA,Goal,63,Open Play,0.31
3486,252,2245,FRA,Goal,73,Open Play,0.32
3487,252,2327,ENG,YellowCard,90,Foul,0.0
3488,252,2234,FRA,YellowCard,85,Foul,0.0
3489,252,2241,FRA,YellowCard,37,Foul,0.0
3490,252,2246,FRA,YellowCard,82,Foul,0.0
3491,252,2250,FRA,YellowCard,4,Foul,0.0
3492,252,2340,ENG,YellowCard,76,Foul,0.0
3493,252,2335,ENG,Substitution,73,Sub On,0.0
3494,252,2333,ENG,Substitution,46,Sub On,0.0
3495,252,2333,ENG,Substitution,66,Sub On,0.0
3496,252,2339,ENG,Substitution,86,Sub On,0.0
3497,252,2341,ENG,Substitution,70,Sub On,0.0
3498,252,2244,FRA,Substitution,65,Sub On,0.0
3499,252,2254,FRA,Substitution,49,Sub On,0.0
3500,252,2236,FRA,Substitution,69,Sub On,0.0
3501,252,2253,FRA,Substitution,58,Sub On,0.0
3502,252,2250,FRA,Substitution,51,Sub On,0.0
3503,253,2214,ARG,Goal,64,Open Play,0.57
3504,253,2219,ARG,Goal,50,Open Play,0.65
3505,253,2222,ARG,Goal,9,Open Play,0.84
3506,253,2221,ARG,YellowCard,41,Foul,0.0
3507,253,2211,ARG,YellowCard,54,Foul,0.0
3508,253,2258,CRO,YellowCard,72,Foul,0.0
3509,253,2276,CRO,YellowCard,86,Foul,0.0
3510,253,2257,CRO,YellowCard,6,Foul,0.0
3511,253,2219,ARG,YellowCard,84,Foul,0.0
3512,253,2226,ARG,Substitution,53,Sub On,0.0
3513,253,2220,ARG,Substitution,86,Sub On,0.0
3514,253,2223,ARG,Substitution,83,Sub On,0.0
3515,253,2220,ARG,Substitution,56,Sub On,0.0
3516,253,2210,ARG,Substitution,88,Sub On,0.0
3517,253,2264,CRO,Substitution,50,Sub On,0.0
3518,253,2277,CRO,Substitution,68,Sub On,0.0
3519,253,2277,CRO,Substitution,63,Sub On,0.0
3520,253,2276,CRO,Substitution,81,Sub On,0.0
3521,253,2277,CRO,Substitution,71,Sub On,0.0
3522,254,2240,FRA,Goal,1,Open Play,0.09
3523,254,2233,FRA,Goal,65,Open Play,0.8
3524,254,2249,FRA,YellowCard,67,Foul,0.0
3525,254,2239,FRA,YellowCard,17,Foul,0.0
3526,254,2248,FRA,YellowCard,24,Foul,0.0
3527,254,2238,FRA,YellowCard,40,Foul,0.0
3528,254,2238,FRA,Substitution,47,Sub On,0.0
3529,254,2241,FRA,Substitution,84,Sub On,0.0
3530,254,2240,FRA,Substitution,58,Sub On,0.0
3531,254,2298,MAR,Substitution,79,Sub On,0.0
3532,254,2284,MAR,Substitution,75,Sub On,0.0
3533,254,2280,MAR,Substitution,87,Sub On,0.0
3534,254,2298,MAR,Substitution,61,Sub On,0.0
3535,254,2287,MAR,Substitution,60,Sub On,0.0
3536,255,2272,CRO,Goal,73,Open Play,0.24
3537,255,2271,CRO,Goal,80,Open Play,0.4
3538,255,2288,MAR,Goal,4,Open Play,0.44
3539,255,2291,MAR,YellowCard,76,Foul,0.0
3540,255,2277,CRO,YellowCard,82,Foul,0.0
3541,255,2276,CRO,YellowCard,90,Foul,0.0
3542,255,2288,MAR,YellowCard,80,Foul,0.0
3543,255,2283,MAR,YellowCard,87,Foul,0.0
3544,255,2281,MAR,YellowCard,14,Foul,0.0
3545,255,2259,CRO,Substitution,76,Sub On,0.0
3546,255,2272,CRO,Substitution,73,Sub On,0.0
3547,255,2268,CRO,Substitution,89,Sub On,0.0
3548,255,2258,CRO,Substitution,70,Sub On,0.0
3549,255,2288,MAR,Substitution,57,Sub On,0.0
3550,255,2294,MAR,Substitution,69,Sub On,0.0
3551,255,2292,MAR,Substitution,83,Sub On,0.0
3552,255,2278,MAR,Substitution,66,Sub On,0.0
3553,256,2219,ARG,Goal,28,Open Play,0.67
3554,256,2230,ARG,Goal,78,Open Play,0.67
3555,256,2230,ARG,Goal,35,Open Play,0.66
3556,256,2245,FRA,Goal,51,Own Goal,0.74
3557,256,2248,FRA,Goal,2,Open Play,0.51
3558,256,2240,FRA,Goal,15,Open Play,0.17
3559,256,2238,FRA,YellowCard,51,Foul,0.0
3560,256,2246,FRA,YellowCard,42,Foul,0.0
3561,256,2212,ARG,YellowCard,21,Foul,0.0
3562,256,2220,ARG,YellowCard,24,Foul,0.0
3563,256,2246,FRA,YellowCard,17,Foul,0.0
3564,256,2229,ARG,YellowCard,34,Foul,0.0
3565,256,2209,ARG,Substitution,76,Sub On,0.0
3566,256,2221,ARG,Substitution,65,Sub On,0.0
3567,256,2221,ARG,Substitution,77,Sub On,0.0
3568,256,2217,ARG,Substitution,82,Sub On,0.0
3569,256,2254,FRA,Substitution,82,Sub On,0.0
3570,256,2240,FRA,Substitution,70,Sub On,0.0
3571,256,2236,FRA,Substitution,65,Sub On,0.0
3572,256,2234,FRA,Substitution,61,Sub On,0.0
3573,257,2976,BRA,Goal,30,Open Play,0.33
3574,257,2988,BRA,Goal,81,Open Play,0.59
3575,257,2977,BRA,Goal,65,Open Play,0.47
3576,257,2988,BRA,Goal,47,Open Play,0.3
3577,257,2984,BRA,YellowCard,94,Foul,0.0
3578,257,2951,ARG,YellowCard,40,Foul,0.0
3579,257,2946,ARG,YellowCard,20,Foul,0.0
3580,257,2945,ARG,Substitution,84,Sub On,0.0
3581,257,2954,ARG,Substitution,81,Sub On,0.0
3582,257,2964,ARG,Substitution,54,Sub On,0.0
3583,257,2956,ARG,Substitution,66,Sub On,0.0
3584,257,2974,BRA,Substitution,69,Sub On,0.0
3585,257,2973,BRA,Substitution,56,Sub On,0.0
3586,257,2985,BRA,Substitution,54,Sub On,0.0
3587,258,2967,ARG,Goal,10,Open Play,0.84
3588,258,3010,FRA,Goal,52,Open Play,0.07
3589,258,3013,FRA,Goal,81,Penalty,0.2
3590,258,3003,FRA,YellowCard,29,Foul,0.0
3591,258,2959,ARG,YellowCard,5,Foul,0.0
3592,258,3012,FRA,YellowCard,47,Foul,0.0
3593,258,2955,ARG,Substitution,46,Sub On,0.0
3594,258,2963,ARG,Substitution,82,Sub On,0.0
3595,258,2950,ARG,Substitution,54,Sub On,0.0
3596,258,3001,FRA,Substitution,62,Sub On,0.0
3597,258,2994,FRA,Substitution,85,Sub On,0.0
3598,258,2993,FRA,Substitution,81,Sub On,0.0
3599,258,2993,FRA,Substitution,59,Sub On,0.0
3600,259,3024,ESP,Goal,8,Open Play,0.63
3601,259,3035,ESP,Goal,35,Open Play,0.6
3602,259,2962,ARG,YellowCard,68,Foul,0.0
3603,259,2964,ARG,YellowCard,63,Foul,0.0
3604,259,2958,ARG,YellowCard,89,Foul,0.0
3605,259,2960,ARG,Substitution,59,Sub On,0.0
3606,259,2966,ARG,Substitution,59,Sub On,0.0
3607,259,2951,ARG,Substitution,70,Sub On,0.0
3608,259,2962,ARG,Substitution,69,Sub On,0.0
3609,259,3029,ESP,Substitution,81,Sub On,0.0
3610,259,3033,ESP,Substitution,48,Sub On,0.0
3611,259,3032,ESP,Substitution,49,Sub On,0.0
3612,260,2976,BRA,Goal,85,Open Play,0.88
3613,260,2987,BRA,Goal,9,Open Play,0.35
3614,260,3010,FRA,Goal,19,Open Play,0.12
3615,260,3009,FRA,YellowCard,26,Foul,0.0
3616,260,3006,FRA,YellowCard,16,Foul,0.0
3617,260,3003,FRA,YellowCard,28,Foul,0.0
3618,260,2980,BRA,YellowCard,60,Foul,0.0
3619,260,2982,BRA,Substitution,51,Sub On,0.0
3620,260,2970,BRA,Substitution,79,Sub On,0.0
3621,260,2977,BRA,Substitution,72,Sub On,0.0
3622,260,2978,BRA,Substitution,50,Sub On,0.0
3623,260,3009,FRA,Substitution,73,Sub On,0.0
3624,260,3011,FRA,Substitution,57,Sub On,0.0
3625,260,3005,FRA,Substitution,51,Sub On,0.0
3626,260,2991,FRA,Substitution,72,Sub On,0.0
3627,260,3012,FRA,Substitution,67,Sub On,0.0
3628,261,2972,BRA,Goal,60,Open Play,0.89
3629,261,2977,BRA,Goal,79,Open Play,0.5
3630,261,2976,BRA,Goal,61,Open Play,0.59
3631,261,2973,BRA,Goal,7,Open Play,0.81
3632,261,3036,ESP,Goal,80,Open Play,0.34
3633,261,3027,ESP,YellowCard,16,Foul,0.0
3634,261,2986,BRA,YellowCard,11,Foul,0.0
3635,261,2989,BRA,YellowCard,90,Foul,0.0
3636,261,2985,BRA,Substitution,65,Sub On,0.0
3637,261,2978,BRA,Substitution,61,Sub On,0.0
3638,261,2971,BRA,Substitution,88,Sub On,0.0
3639,261,3036,ESP,Substitution,84,Sub On,0.0
3640,261,3027,ESP,Substitution,61,Sub On,0.0
3641,261,3034,ESP,Substitution,82,Sub On,0.0
3642,261,3036,ESP,Substitution,50,Sub On,0.0
3643,262,3001,FRA,Goal,34,Open Play,0.61
3644,262,3035,ESP,Goal,23,Open Play,0.24
3645,262,2996,FRA,YellowCard,34,Foul,0.0
3646,262,3001,FRA,YellowCard,14,Foul,0.0
3647,262,3030,ESP,YellowCard,80,Foul,0.0
3648,262,2991,FRA,YellowCard,37,Foul,0.0
3649,262,2996,FRA,YellowCard,43,Foul,0.0
3650,262,3002,FRA,Substitution,84,Sub On,0.0
3651,262,3005,FRA,Substitution,79,Sub On,0.0
3652,262,2998,FRA,Substitution,57,Sub On,0.0
3653,262,3023,ESP,Substitution,62,Sub On,0.0
3654,262,3016,ESP,Substitution,72,Sub On,0.0
3655,262,3019,ESP,Substitution,50,Sub On,0.0
3656,263,3052,ENG,YellowCard,78,Foul,0.0
3657,263,3053,ENG,YellowCard,11,Foul,0.0
3658,263,3066,GER,YellowCard,90,Foul,0.0
3659,263,3077,GER,YellowCard,47,Foul,0.0
3660,263,3075,GER,YellowCard,19,Foul,0.0
3661,263,3054,ENG,Substitution,76,Sub On,0.0
3662,263,3057,ENG,Substitution,88,Sub On,0.0
3663,263,3046,ENG,Substitution,70,Sub On,0.0
3664,263,3071,GER,Substitution,80,Sub On,0.0
3665,263,3060,GER,Substitution,56,Sub On,0.0
3666,263,3064,GER,Substitution,74,Sub On,0.0
3667,263,3069,GER,Substitution,61,Sub On,0.0
3668,264,3055,ENG,Goal,39,Open Play,0.32
3669,264,3050,ENG,Goal,13,Open Play,0.3
3670,264,3051,ENG,YellowCard,57,Foul,0.0
3671,264,3087,POR,YellowCard,38,Foul,0.0
3672,264,3085,POR,YellowCard,38,Foul,0.0
3673,264,3102,POR,YellowCard,22,Foul,0.0
3674,264,3054,ENG,Substitution,62,Sub On,0.0
3675,264,3042,ENG,Substitution,52,Sub On,0.0
3676,264,3043,ENG,Substitution,79,Sub On,0.0
3677,264,3053,ENG,Substitution,54,Sub On,0.0
3678,264,3050,ENG,Substitution,88,Sub On,0.0
3679,264,3099,POR,Substitution,72,Sub On,0.0
3680,264,3102,POR,Substitution,83,Sub On,0.0
3681,264,3095,POR,Substitution,52,Sub On,0.0
3682,264,3103,POR,Substitution,89,Sub On,0.0
3683,264,3085,POR,Substitution,89,Sub On,0.0
3684,265,3058,ENG,Goal,57,Open Play,0.55
3685,265,3053,ENG,Goal,77,Open Play,0.11
3686,265,3115,NED,Goal,57,Open Play,0.45
3687,265,3126,NED,YellowCard,55,Foul,0.0
3688,265,3037,ENG,YellowCard,10,Foul,0.0
3689,265,3044,ENG,Substitution,68,Sub On,0.0
3690,265,3055,ENG,Substitution,67,Sub On,0.0
3691,265,3042,ENG,Substitution,79,Sub On,0.0
3692,265,3127,NED,Substitution,79,Sub On,0.0
3693,265,3114,NED,Substitution,70,Sub On,0.0
3694,265,3123,NED,Substitution,86,Sub On,0.0
3695,265,3117,NED,Substitution,68,Sub On,0.0
3696,266,3079,GER,Goal,69,Open Play,0.89
3697,266,3083,POR,Goal,52,Open Play,0.66
3698,266,3097,POR,Goal,33,Open Play,0.24
3699,266,3069,GER,YellowCard,62,Foul,0.0
3700,266,3071,GER,YellowCard,83,Foul,0.0
3701,266,3061,GER,Substitution,57,Sub On,0.0
3702,266,3079,GER,Substitution,89,Sub On,0.0
3703,266,3077,GER,Substitution,78,Sub On,0.0
3704,266,3089,POR,Substitution,68,Sub On,0.0
3705,266,3091,POR,Substitution,52,Sub On,0.0
3706,266,3102,POR,Substitution,53,Sub On,0.0
3707,266,3088,POR,Substitution,48,Sub On,0.0
3708,266,3084,POR,Substitution,78,Sub On,0.0
3709,267,3076,GER,Goal,41,Open Play,0.59
3710,267,3107,NED,Goal,68,Penalty,0.2
3711,267,3113,NED,Goal,29,Penalty,0.28
3712,267,3114,NED,YellowCard,28,Foul,0.0
3713,267,3115,NED,YellowCard,86,Foul,0.0
3714,267,3062,GER,YellowCard,73,Foul,0.0
3715,267,3064,GER,YellowCard,78,Foul,0.0
3716,267,3068,GER,Substitution,50,Sub On,0.0
3717,267,3073,GER,Substitution,49,Sub On,0.0
3718,267,3061,GER,Substitution,56,Sub On,0.0
3719,267,3074,GER,Substitution,82,Sub On,0.0
3720,267,3064,GER,Substitution,51,Sub On,0.0
3721,267,3122,NED,Substitution,53,Sub On,0.0
3722,267,3107,NED,Substitution,54,Sub On,0.0
3723,267,3107,NED,Substitution,53,Sub On,0.0
3724,267,3106,NED,Substitution,46,Sub On,0.0
3725,268,3105,POR,Goal,76,Open Play,0.24
3726,268,3090,POR,Goal,84,Open Play,0.29
3727,268,3095,POR,Goal,14,Penalty,0.24
3728,268,3093,POR,YellowCard,13,Foul,0.0
3729,268,3123,NED,YellowCard,74,Foul,0.0
3730,268,3099,POR,YellowCard,29,Foul,0.0
3731,268,3091,POR,Substitution,71,Sub On,0.0
3732,268,3085,POR,Substitution,46,Sub On,0.0
3733,268,3088,POR,Substitution,48,Sub On,0.0
3734,268,3097,POR,Substitution,63,Sub On,0.0
3735,268,3100,POR,Substitution,89,Sub On,0.0
3736,268,3114,NED,Substitution,53,Sub On,0.0
3737,268,3114,NED,Substitution,59,Sub On,0.0
3738,268,3117,NED,Substitution,60,Sub On,0.0
3739,268,3115,NED,Substitution,50,Sub On,0.0
3740,269,3145,ITA,Goal,45,Open Play,0.47
3741,269,3170,BEL,YellowCard,47,Foul,0.0
3742,269,3171,BEL,YellowCard,13,Foul,0.0
3743,269,3172,BEL,YellowCard,14,Foul,0.0
3744,269,3151,ITA,YellowCard,52,Foul,0.0
3745,269,3158,BEL,YellowCard,89,Foul,0.0
3746,269,3145,ITA,YellowCard,15,Foul,0.0
3747,269,3140,ITA,Substitution,48,Sub On,0.0
3748,269,3132,ITA,Substitution,63,Sub On,0.0
3749,269,3146,ITA,Substitution,78,Sub On,0.0
3750,269,3160,BEL,Substitution,47,Sub On,0.0
3751,269,3156,BEL,Substitution,82,Sub On,0.0
3752,269,3165,BEL,Substitution,88,Sub On,0.0
3753,270,3138,ITA,Goal,30,Open Play,0.17
3754,270,3150,ITA,YellowCard,2,Foul,0.0
3755,270,3143,ITA,YellowCard,15,Foul,0.0
3756,270,3146,ITA,Substitution,84,Sub On,0.0
3757,270,3149,ITA,Substitution,75,Sub On,0.0
3758,270,3141,ITA,Substitution,50,Sub On,0.0
3759,270,3147,ITA,Substitution,52,Sub On,0.0
3760,270,3151,ITA,Substitution,65,Sub On,0.0
3761,270,3197,URU,Substitution,89,Sub On,0.0
3762,270,3185,URU,Substitution,53,Sub On,0.0
3763,270,3179,URU,Substitution,80,Sub On,0.0
3764,271,3211,CRO,Goal,11,Open Play,0.53
3765,271,3216,CRO,Goal,54,Open Play,0.1
3766,271,3214,CRO,YellowCard,34,Foul,0.0
3767,271,3214,CRO,YellowCard,53,Foul,0.0
3768,271,3213,CRO,YellowCard,40,Foul,0.0
3769,271,3204,CRO,YellowCard,7,Foul,0.0
3770,271,3206,CRO,YellowCard,38,Foul,0.0
3771,271,3139,ITA,Substitution,51,Sub On,0.0
3772,271,3151,ITA,Substitution,84,Sub On,0.0
3773,271,3143,ITA,Substitution,68,Sub On,0.0
3774,271,3206,CRO,Substitution,50,Sub On,0.0
3775,271,3214,CRO,Substitution,80,Sub On,0.0
3776,271,3218,CRO,Substitution,48,Sub On,0.0
3777,272,3161,BEL,YellowCard,24,Foul,0.0
3778,272,3178,URU,YellowCard,75,Foul,0.0
3779,272,3174,BEL,YellowCard,6,Foul,0.0
3780,272,3185,URU,YellowCard,62,Foul,0.0
3781,272,3166,BEL,YellowCard,54,Foul,0.0
3782,272,3167,BEL,Substitution,59,Sub On,0.0
3783,272,3152,BEL,Substitution,67,Sub On,0.0
3784,272,3165,BEL,Substitution,61,Sub On,0.0
3785,272,3161,BEL,Substitution,58,Sub On,0.0
3786,272,3178,URU,Substitution,49,Sub On,0.0
3787,272,3177,URU,Substitution,60,Sub On,0.0
3788,272,3194,URU,Substitution,79,Sub On,0.0
3789,272,3189,URU,Substitution,80,Sub On,0.0
3790,273,3170,BEL,Goal,49,Open Play,0.88
3791,273,3201,CRO,YellowCard,14,Foul,0.0
3792,273,3174,BEL,YellowCard,68,Foul,0.0
3793,273,3162,BEL,Substitution,59,Sub On,0.0
3794,273,3152,BEL,Substitution,47,Sub On,0.0
3795,273,3160,BEL,Substitution,60,Sub On,0.0
3796,273,3156,BEL,Substitution,72,Sub On,0.0
3797,273,3171,BEL,Substitution,55,Sub On,0.0
3798,273,3216,CRO,Substitution,49,Sub On,0.0
3799,273,3200,CRO,Substitution,67,Sub On,0.0
3800,273,3216,CRO,Substitution,58,Sub On,0.0
3801,274,3211,CRO,Goal,42,Open Play,0.58
3802,274,3211,CRO,Goal,50,Open Play,0.59
3803,274,3219,CRO,YellowCard,40,Foul,0.0
3804,274,3215,CRO,YellowCard,33,Foul,0.0
3805,274,3178,URU,YellowCard,60,Foul,0.0
3806,274,3214,CRO,YellowCard,93,Foul,0.0
3807,274,3206,CRO,YellowCard,21,Foul,0.0
3808,274,3187,URU,YellowCard,62,Foul,0.0
3809,274,3178,URU,Substitution,49,Sub On,0.0
3810,274,3197,URU,Substitution,53,Sub On,0.0
3811,274,3193,URU,Substitution,80,Sub On,0.0
3812,274,3195,URU,Substitution,87,Sub On,0.0
3813,274,3216,CRO,Substitution,71,Sub On,0.0
3814,274,3203,CRO,Substitution,53,Sub On,0.0
3815,274,3200,CRO,Substitution,54,Sub On,0.0
3816,275,3221,COL,YellowCard,35,Foul,0.0
3817,275,3257,MEX,YellowCard,2,Foul,0.0
3818,275,3241,COL,YellowCard,81,Foul,0.0
3819,275,3237,COL,YellowCard,58,Foul,0.0
3820,275,3222,COL,YellowCard,33,Foul,0.0
3821,275,3261,MEX,YellowCard,77,Foul,0.0
3822,275,3230,COL,Substitution,80,Sub On,0.0
3823,275,3225,COL,Substitution,77,Sub On,0.0
3824,275,3228,COL,Substitution,47,Sub On,0.0
3825,275,3232,COL,Substitution,89,Sub On,0.0
3826,275,3240,COL,Substitution,88,Sub On,0.0
3827,275,3256,MEX,Substitution,69,Sub On,0.0
3828,275,3246,MEX,Substitution,47,Sub On,0.0
3829,275,3252,MEX,Substitution,62,Sub On,0.0
3830,275,3252,MEX,Substitution,56,Sub On,0.0
3831,276,3230,COL,YellowCard,1,Foul,0.0
3832,276,3243,COL,YellowCard,93,Foul,0.0
3833,276,3269,USA,YellowCard,31,Foul,0.0
3834,276,3277,USA,YellowCard,76,Foul,0.0
3835,276,3239,COL,Substitution,88,Sub On,0.0
3836,276,3228,COL,Substitution,55,Sub On,0.0
3837,276,3241,COL,Substitution,46,Sub On,0.0
3838,276,3288,USA,Substitution,52,Sub On,0.0
3839,276,3281,USA,Substitution,51,Sub On,0.0
3840,276,3277,USA,Substitution,54,Sub On,0.0
3841,277,3233,COL,Goal,38,Open Play,0.6
3842,277,3242,COL,Goal,11,Open Play,0.17
3843,277,3242,COL,Goal,84,Open Play,0.73
3844,277,3238,COL,Goal,90,Open Play,0.63
3845,277,3233,COL,Goal,86,Open Play,0.52
3846,277,3311,JPN,Goal,49,Penalty,0.07
3847,277,3229,COL,YellowCard,64,Foul,0.0
3848,277,3234,COL,YellowCard,92,Foul,0.0
3849,277,3232,COL,Substitution,48,Sub On,0.0
3850,277,3221,COL,Substitution,53,Sub On,0.0
3851,277,3234,COL,Substitution,84,Sub On,0.0
3852,277,3303,JPN,Substitution,55,Sub On,0.0
3853,277,3307,JPN,Substitution,86,Sub On,0.0
3854,277,3296,JPN,Substitution,87,Sub On,0.0
3855,277,3291,JPN,Substitution,65,Sub On,0.0
3856,277,3291,JPN,Substitution,74,Sub On,0.0
3857,278,3263,MEX,Goal,87,Open Play,0.16
3858,278,3288,USA,Goal,29,Open Play,0.48
3859,278,3247,MEX,YellowCard,32,Foul,0.0
3860,278,3287,USA,YellowCard,67,Foul,0.0
3861,278,3287,USA,YellowCard,88,Foul,0.0
3862,278,3269,USA,YellowCard,31,Foul,0.0
3863,278,3258,MEX,YellowCard,55,Foul,0.0
3864,278,3252,MEX,Substitution,87,Sub On,0.0
3865,278,3250,MEX,Substitution,48,Sub On,0.0
3866,278,3245,MEX,Substitution,75,Sub On,0.0
3867,278,3256,MEX,Substitution,74,Sub On,0.0
3868,278,3279,USA,Substitution,69,Sub On,0.0
3869,278,3288,USA,Substitution,79,Sub On,0.0
3870,278,3287,USA,Substitution,70,Sub On,0.0
3871,279,3260,MEX,Goal,55,Open Play,0.69
3872,279,3248,MEX,YellowCard,80,Foul,0.0
3873,279,3244,MEX,YellowCard,82,Foul,0.0
3874,279,3265,MEX,Substitution,73,Sub On,0.0
3875,279,3245,MEX,Substitution,77,Sub On,0.0
3876,279,3261,MEX,Substitution,50,Sub On,0.0
3877,279,3301,JPN,Substitution,57,Sub On,0.0
3878,279,3300,JPN,Substitution,46,Sub On,0.0
3879,279,3309,JPN,Substitution,80,Sub On,0.0
3880,279,3309,JPN,Substitution,75,Sub On,0.0
3881,279,3298,JPN,Substitution,60,Sub On,0.0
3882,280,3269,USA,Goal,62,Open Play,0.81
3883,280,3284,USA,Goal,52,Open Play,0.52
3884,280,3288,USA,Goal,36,Open Play,0.55
3885,280,3303,JPN,Goal,66,Open Play,0.07
3886,280,3292,JPN,Goal,85,Open Play,0.1
3887,280,3291,JPN,Goal,75,Open Play,0.12
3888,280,3309,JPN,Goal,35,Open Play,0.43
3889,280,3297,JPN,YellowCard,58,Foul,0.0
3890,280,3303,JPN,YellowCard,94,Foul,0.0
3891,280,3300,JPN,YellowCard,67,Foul,0.0
3892,280,3275,USA,YellowCard,6,Foul,0.0
3893,280,3305,JPN,YellowCard,47,Foul,0.0
3894,280,3294,JPN,YellowCard,55,Foul,0.0
3895,280,3280,USA,Substitution,57,Sub On,0.0
3896,280,3273,USA,Substitution,66,Sub On,0.0
3897,280,3280,USA,Substitution,75,Sub On,0.0
3898,280,3277,USA,Substitution,77,Sub On,0.0
3899,280,3312,JPN,Substitution,60,Sub On,0.0
3900,280,3306,JPN,Substitution,80,Sub On,0.0
3901,280,3307,JPN,Substitution,56,Sub On,0.0
3902,281,3339,SEN,Goal,82,Open Play,0.5
3903,281,3356,SEN,Goal,14,Open Play,0.75
3904,281,3355,SEN,YellowCard,49,Foul,0.0
3905,281,3333,KOR,YellowCard,62,Foul,0.0
3906,281,3352,SEN,YellowCard,15,Foul,0.0
3907,281,3318,KOR,Substitution,78,Sub On,0.0
3908,281,3324,KOR,Substitution,77,Sub On,0.0
3909,281,3322,KOR,Substitution,76,Sub On,0.0
3910,281,3318,KOR,Substitution,86,Sub On,0.0
3911,281,3327,KOR,Substitution,73,Sub On,0.0
3912,281,3355,SEN,Substitution,68,Sub On,0.0
3913,281,3350,SEN,Substitution,78,Sub On,0.0
3914,281,3351,SEN,Substitution,72,Sub On,0.0
3915,281,3340,SEN,Substitution,59,Sub On,0.0
3916,281,3344,SEN,Substitution,57,Sub On,0.0
3917,282,3328,KOR,Goal,60,Open Play,0.46
3918,282,3325,KOR,YellowCard,76,Foul,0.0
3919,282,3378,MAR,YellowCard,14,Foul,0.0
3920,282,3364,MAR,YellowCard,72,Foul,0.0
3921,282,3318,KOR,YellowCard,52,Foul,0.0
3922,282,3368,MAR,YellowCard,94,Foul,0.0
3923,282,3322,KOR,YellowCard,12,Foul,0.0
3924,282,3322,KOR,Substitution,54,Sub On,0.0
3925,282,3328,KOR,Substitution,48,Sub On,0.0
3926,282,3332,KOR,Substitution,81,Sub On,0.0
3927,282,3374,MAR,Substitution,49,Sub On,0.0
3928,282,3379,MAR,Substitution,54,Sub On,0.0
3929,282,3375,MAR,Substitution,84,Sub On,0.0
3930,282,3367,MAR,Substitution,67,Sub On,0.0
3931,282,3367,MAR,Substitution,77,Sub On,0.0
3932,283,3328,KOR,Goal,71,Open Play,0.07
3933,283,3324,KOR,YellowCard,46,Foul,0.0
3934,283,3399,IRN,YellowCard,14,Foul,0.0
3935,283,3315,KOR,YellowCard,18,Foul,0.0
3936,283,3395,IRN,YellowCard,74,Foul,0.0
3937,283,3389,IRN,YellowCard,85,Foul,0.0
3938,283,3324,KOR,Substitution,81,Sub On,0.0
3939,283,3322,KOR,Substitution,76,Sub On,0.0
3940,283,3318,KOR,Substitution,61,Sub On,0.0
3941,283,3313,KOR,Substitution,80,Sub On,0.0
3942,283,3394,IRN,Substitution,48,Sub On,0.0
3943,283,3399,IRN,Substitution,85,Sub On,0.0
3944,283,3394,IRN,Substitution,65,Sub On,0.0
3945,283,3399,IRN,Substitution,66,Sub On,0.0
3946,283,3392,IRN,Substitution,52,Sub On,0.0
3947,284,3337,SEN,Goal,12,Open Play,0.22
3948,284,3366,MAR,Goal,64,Open Play,0.22
3949,284,3369,MAR,YellowCard,87,Foul,0.0
3950,284,3348,SEN,YellowCard,72,Foul,0.0
3951,284,3362,MAR,YellowCard,4,Foul,0.0
3952,284,3347,SEN,YellowCard,72,Foul,0.0
3953,284,3350,SEN,YellowCard,33,Foul,0.0
3954,284,3338,SEN,Substitution,54,Sub On,0.0
3955,284,3349,SEN,Substitution,69,Sub On,0.0
3956,284,3352,SEN,Substitution,80,Sub On,0.0
3957,284,3365,MAR,Substitution,64,Sub On,0.0
3958,284,3363,MAR,Substitution,73,Sub On,0.0
3959,284,3375,MAR,Substitution,58,Sub On,0.0
3960,285,3349,SEN,Goal,16,Open Play,0.31
3961,285,3339,SEN,Goal,5,Open Play,0.4
3962,285,3382,IRN,Goal,25,Open Play,0.84
3963,285,3343,SEN,YellowCard,36,Foul,0.0
3964,285,3399,IRN,YellowCard,19,Foul,0.0
3965,285,3393,IRN,YellowCard,74,Foul,0.0
3966,285,3386,IRN,YellowCard,52,Foul,0.0
3967,285,3383,IRN,YellowCard,59,Foul,0.0
3968,285,3343,SEN,Substitution,62,Sub On,0.0
3969,285,3358,SEN,Substitution,62,Sub On,0.0
3970,285,3338,SEN,Substitution,87,Sub On,0.0
3971,285,3384,IRN,Substitution,85,Sub On,0.0
3972,285,3386,IRN,Substitution,74,Sub On,0.0
3973,285,3384,IRN,Substitution,67,Sub On,0.0
3974,285,3399,IRN,Substitution,62,Sub On,0.0
3975,285,3396,IRN,Substitution,62,Sub On,0.0
3976,286,3374,MAR,Goal,69,Open Play,0.66
3977,286,3367,MAR,Goal,23,Open Play,0.37
3978,286,3366,MAR,Goal,50,Open Play,0.52
3979,286,3385,IRN,Goal,47,Open Play,0.66
3980,286,3402,IRN,Goal,73,Open Play,0.57
3981,286,3400,IRN,YellowCard,53,Foul,0.0
3982,286,3377,MAR,YellowCard,90,Foul,0.0
3983,286,3401,IRN,YellowCard,67,Foul,0.0
3984,286,3393,IRN,YellowCard,66,Foul,0.0
3985,286,3370,MAR,YellowCard,61,Foul,0.0
3986,286,3368,MAR,Substitution,62,Sub On,0.0
3987,286,3375,MAR,Substitution,82,Sub On,0.0
3988,286,3360,MAR,Substitution,87,Sub On,0.0
3989,286,3370,MAR,Substitution,59,Sub On,0.0
3990,286,3378,MAR,Substitution,83,Sub On,0.0
3991,286,3396,IRN,Substitution,68,Sub On,0.0
3992,286,3392,IRN,Substitution,84,Sub On,0.0
3993,286,3402,IRN,Substitution,87,Sub On,0.0
3994,287,3437,CAN,Goal,3,Open Play,0.19
3995,287,3419,AUS,YellowCard,10,Foul,0.0
3996,287,3438,CAN,YellowCard,41,Foul,0.0
3997,287,3424,AUS,Substitution,86,Sub On,0.0
3998,287,3414,AUS,Substitution,64,Sub On,0.0
3999,287,3415,AUS,Substitution,46,Sub On,0.0
4000,287,3437,CAN,Substitution,79,Sub On,0.0
4001,287,3442,CAN,Substitution,49,Sub On,0.0
4002,287,3438,CAN,Substitution,64,Sub On,0.0
4003,287,3446,CAN,Substitution,84,Sub On,0.0
4004,288,3424,AUS,Goal,42,Open Play,0.9
4005,288,3418,AUS,Goal,68,Open Play,0.41
4006,288,3418,AUS,Goal,32,Penalty,0.51
4007,288,3472,ECU,Goal,59,Open Play,0.06
4008,288,3454,ECU,Goal,46,Open Play,0.29
4009,288,3412,AUS,YellowCard,50,Foul,0.0
4010,288,3410,AUS,YellowCard,42,Foul,0.0
4011,288,3409,AUS,YellowCard,21,Foul,0.0
4012,288,3415,AUS,Substitution,76,Sub On,0.0
4013,288,3405,AUS,Substitution,52,Sub On,0.0
4014,288,3405,AUS,Substitution,69,Sub On,0.0
4015,288,3406,AUS,Substitution,72,Sub On,0.0
4016,288,3423,AUS,Substitution,88,Sub On,0.0
4017,288,3472,ECU,Substitution,77,Sub On,0.0
4018,288,3466,ECU,Substitution,74,Sub On,0.0
4019,288,3454,ECU,Substitution,82,Sub On,0.0
4020,288,3458,ECU,Substitution,56,Sub On,0.0
4021,289,3494,PER,Goal,33,Open Play,0.47
4022,289,3480,PER,Goal,21,Open Play,0.44
4023,289,3489,PER,Goal,91,Penalty,0.72
4024,289,3420,AUS,YellowCard,86,Foul,0.0
4025,289,3477,PER,YellowCard,91,Foul,0.0
4026,289,3421,AUS,YellowCard,1,Foul,0.0
4027,289,3493,PER,YellowCard,5,Foul,0.0
4028,289,3414,AUS,Substitution,78,Sub On,0.0
4029,289,3421,AUS,Substitution,85,Sub On,0.0
4030,289,3414,AUS,Substitution,46,Sub On,0.0
4031,289,3486,PER,Substitution,72,Sub On,0.0
4032,289,3474,PER,Substitution,53,Sub On,0.0
4033,289,3491,PER,Substitution,48,Sub On,0.0
4034,290,3437,CAN,Goal,9,Open Play,0.59
4035,290,3438,CAN,Goal,28,Open Play,0.82
4036,290,3450,CAN,Goal,54,Open Play,0.67
4037,290,3460,ECU,Goal,91,Open Play,0.88
4038,290,3432,CAN,YellowCard,69,Foul,0.0
4039,290,3454,ECU,YellowCard,66,Foul,0.0
4040,290,3450,CAN,YellowCard,4,Foul,0.0
4041,290,3447,CAN,YellowCard,59,Foul,0.0
4042,290,3442,CAN,YellowCard,47,Foul,0.0
4043,290,3433,CAN,Substitution,46,Sub On,0.0
4044,290,3448,CAN,Substitution,55,Sub On,0.0
4045,290,3450,CAN,Substitution,54,Sub On,0.0
4046,290,3437,CAN,Substitution,60,Sub On,0.0
4047,290,3439,CAN,Substitution,56,Sub On,0.0
4048,290,3451,ECU,Substitution,61,Sub On,0.0
4049,290,3467,ECU,Substitution,63,Sub On,0.0
4050,290,3463,ECU,Substitution,80,Sub On,0.0
4051,290,3462,ECU,Substitution,77,Sub On,0.0
4052,290,3458,ECU,Substitution,80,Sub On,0.0
4053,291,3433,CAN,Goal,61,Open Play,0.89
4054,291,3438,CAN,Goal,59,Open Play,0.44
4055,291,3434,CAN,Goal,80,Open Play,0.66
4056,291,3494,PER,Goal,64,Open Play,0.58
4057,291,3491,PER,Goal,75,Open Play,0.22
4058,291,3485,PER,Goal,59,Open Play,0.78
4059,291,3491,PER,YellowCard,85,Foul,0.0
4060,291,3440,CAN,YellowCard,39,Foul,0.0
4061,291,3483,PER,YellowCard,69,Foul,0.0
4062,291,3483,PER,YellowCard,74,Foul,0.0
4063,291,3438,CAN,Substitution,46,Sub On,0.0
4064,291,3447,CAN,Substitution,52,Sub On,0.0
4065,291,3447,CAN,Substitution,72,Sub On,0.0
4066,291,3495,PER,Substitution,82,Sub On,0.0
4067,291,3495,PER,Substitution,48,Sub On,0.0
4068,291,3488,PER,Substitution,66,Sub On,0.0
4069,291,3484,PER,Substitution,63,Sub On,0.0
4070,292,3494,PER,Goal,93,Open Play,0.54
4071,292,3467,ECU,YellowCard,9,Foul,0.0
4072,292,3464,ECU,YellowCard,17,Foul,0.0
4073,292,3457,ECU,Substitution,73,Sub On,0.0
4074,292,3455,ECU,Substitution,63,Sub On,0.0
4075,292,3456,ECU,Substitution,86,Sub On,0.0
4076,292,3455,ECU,Substitution,73,Sub On,0.0
4077,292,3471,ECU,Substitution,78,Sub On,0.0
4078,292,3482,PER,Substitution,54,Sub On,0.0
4079,292,3481,PER,Substitution,56,Sub On,0.0
4080,292,3494,PER,Substitution,61,Sub On,0.0
4081,292,3489,PER,Substitution,47,Sub On,0.0
4082,292,3485,PER,Substitution,51,Sub On,0.0
4083,293,3515,CHI,Goal,32,Open Play,0.2
4084,293,3519,CHI,Goal,27,Open Play,0.75
4085,293,3499,CHI,Goal,69,Penalty,0.71
4086,293,3518,CHI,Goal,58,Open Play,0.25
4087,293,3510,CHI,Goal,59,Penalty,0.9
4088,293,3529,PAR,Goal,85,Open Play,0.4
4089,293,3524,PAR,YellowCard,65,Foul,0.0
4090,293,3507,CHI,YellowCard,37,Foul,0.0
4091,293,3517,CHI,YellowCard,56,Foul,0.0
4092,293,3505,CHI,Substitution,71,Sub On,0.0
4093,293,3501,CHI,Substitution,75,Sub On,0.0
4094,293,3507,CHI,Substitution,62,Sub On,0.0
4095,293,3533,PAR,Substitution,76,Sub On,0.0
4096,293,3541,PAR,Substitution,47,Sub On,0.0
4097,293,3531,PAR,Substitution,88,Sub On,0.0
4098,293,3533,PAR,Substitution,64,Sub On,0.0
4099,294,3499,CHI,Goal,40,Open Play,0.86
4100,294,3502,CHI,Goal,56,Penalty,0.76
4101,294,3543,GHA,Goal,50,Open Play,0.13
4102,294,3560,GHA,YellowCard,21,Foul,0.0
4103,294,3560,GHA,YellowCard,46,Foul,0.0
4104,294,3546,GHA,YellowCard,75,Foul,0.0
4105,294,3503,CHI,Substitution,84,Sub On,0.0
4106,294,3517,CHI,Substitution,75,Sub On,0.0
4107,294,3517,CHI,Substitution,68,Sub On,0.0
4108,294,3498,CHI,Substitution,72,Sub On,0.0
4109,294,3548,GHA,Substitution,57,Sub On,0.0
4110,294,3550,GHA,Substitution,55,Sub On,0.0
4111,294,3561,GHA,Substitution,51,Sub On,0.0
4112,294,3562,GHA,Substitution,48,Sub On,0.0
4113,295,3507,CHI,Goal,59,Open Play,0.56
4114,295,3577,CMR,Goal,10,Open Play,0.09
4115,295,3567,CMR,Goal,37,Penalty,0.45
4116,295,3499,CHI,YellowCard,38,Foul,0.0
4117,295,3511,CHI,YellowCard,68,Foul,0.0
4118,295,3576,CMR,YellowCard,7,Foul,0.0
4119,295,3506,CHI,YellowCard,41,Foul,0.0
4120,295,3512,CHI,YellowCard,9,Foul,0.0
4121,295,3572,CMR,YellowCard,78,Foul,0.0
4122,295,3508,CHI,Substitution,50,Sub On,0.0
4123,295,3513,CHI,Substitution,84,Sub On,0.0
4124,295,3500,CHI,Substitution,80,Sub On,0.0
4125,295,3507,CHI,Substitution,68,Sub On,0.0
4126,295,3518,CHI,Substitution,87,Sub On,0.0
4127,295,3581,CMR,Substitution,86,Sub On,0.0
4128,295,3566,CMR,Substitution,67,Sub On,0.0
4129,295,3585,CMR,Substitution,59,Sub On,0.0
4130,295,3582,CMR,Substitution,72,Sub On,0.0
4131,295,3570,CMR,Substitution,49,Sub On,0.0
4132,296,3529,PAR,Goal,26,Open Play,0.14
4133,296,3539,PAR,Goal,36,Open Play,0.43
4134,296,3549,GHA,YellowCard,19,Foul,0.0
4135,296,3536,PAR,YellowCard,22,Foul,0.0
4136,296,3557,GHA,YellowCard,9,Foul,0.0
4137,296,3556,GHA,YellowCard,33,Foul,0.0
4138,296,3541,PAR,Substitution,62,Sub On,0.0
4139,296,3529,PAR,Substitution,67,Sub On,0.0
4140,296,3533,PAR,Substitution,72,Sub On,0.0
4141,296,3560,GHA,Substitution,52,Sub On,0.0
4142,296,3545,GHA,Substitution,78,Sub On,0.0
4143,296,3560,GHA,Substitution,87,Sub On,0.0
4144,296,3565,GHA,Substitution,80,Sub On,0.0
4145,296,3546,GHA,Substitution,67,Sub On,0.0
4146,297,3537,PAR,Goal,2,Open Play,0.38
4147,297,3529,PAR,Goal,15,Penalty,0.74
4148,297,3521,PAR,Goal,46,Open Play,0.66
4149,297,3578,CMR,Goal,40,Open Play,0.48
4150,297,3567,CMR,Goal,78,Open Play,0.36
4151,297,3571,CMR,YellowCard,73,Foul,0.0
4152,297,3522,PAR,YellowCard,30,Foul,0.0
4153,297,3520,PAR,YellowCard,54,Foul,0.0
4154,297,3528,PAR,YellowCard,91,Foul,0.0
4155,297,3522,PAR,Substitution,55,Sub On,0.0
4156,297,3536,PAR,Substitution,49,Sub On,0.0
4157,297,3528,PAR,Substitution,65,Sub On,0.0
4158,297,3541,PAR,Substitution,59,Sub On,0.0
4159,297,3579,CMR,Substitution,83,Sub On,0.0
4160,297,3569,CMR,Substitution,81,Sub On,0.0
4161,297,3581,CMR,Substitution,63,Sub On,0.0
4162,297,3584,CMR,Substitution,89,Sub On,0.0
4163,298,3561,GHA,Goal,90,Penalty,0.16
4164,298,3561,GHA,Goal,65,Open Play,0.35
4165,298,3578,CMR,Goal,48,Penalty,0.3
4166,298,3559,GHA,YellowCard,40,Foul,0.0
4167,298,3562,GHA,YellowCard,59,Foul,0.0
4168,298,3553,GHA,Substitution,79,Sub On,0.0
4169,298,3549,GHA,Substitution,65,Sub On,0.0
4170,298,3560,GHA,Substitution,68,Sub On,0.0
4171,298,3561,GHA,Substitution,70,Sub On,0.0
4172,298,3549,GHA,Substitution,63,Sub On,0.0
4173,298,3574,CMR,Substitution,85,Sub On,0.0
4174,298,3577,CMR,Substitution,51,Sub On,0.0
4175,298,3581,CMR,Substitution,67,Sub On,0.0
4176,298,3580,CMR,Substitution,62,Sub On,0.0
4177,298,3584,CMR,Substitution,81,Sub On,0.0
4178,299,3626,EGY,Goal,76,Open Play,0.43
4179,299,3616,EGY,YellowCard,83,Foul,0.0
4180,299,3589,TUN,YellowCard,14,Foul,0.0
4181,299,3591,TUN,YellowCard,67,Foul,0.0
4182,299,3597,TUN,Substitution,84,Sub On,0.0
4183,299,3589,TUN,Substitution,72,Sub On,0.0
4184,299,3596,TUN,Substitution,89,Sub On,0.0
4185,299,3624,EGY,Substitution,53,Sub On,0.0
4186,299,3612,EGY,Substitution,56,Sub On,0.0
4187,299,3618,EGY,Substitution,57,Sub On,0.0
4188,300,3594,TUN,Goal,58,Open Play,0.57
4189,300,3594,TUN,Goal,93,Open Play,0.86
4190,300,3656,ALG,Goal,17,Open Play,0.16
4191,300,3592,TUN,YellowCard,78,Foul,0.0
4192,300,3600,TUN,YellowCard,54,Foul,0.0
4193,300,3611,TUN,Substitution,67,Sub On,0.0
4194,300,3589,TUN,Substitution,78,Sub On,0.0
4195,300,3599,TUN,Substitution,48,Sub On,0.0
4196,300,3597,TUN,Substitution,64,Sub On,0.0
4197,300,3636,ALG,Substitution,87,Sub On,0.0
4198,300,3639,ALG,Substitution,62,Sub On,0.0
4199,300,3637,ALG,Substitution,55,Sub On,0.0
4200,300,3645,ALG,Substitution,80,Sub On,0.0
4201,300,3656,ALG,Substitution,88,Sub On,0.0
4202,301,3603,TUN,Goal,2,Open Play,0.89
4203,301,3594,TUN,Goal,15,Open Play,0.71
4204,301,3673,NGA,Goal,51,Open Play,0.12
4205,301,3593,TUN,YellowCard,30,Foul,0.0
4206,301,3611,TUN,YellowCard,53,Foul,0.0
4207,301,3596,TUN,YellowCard,20,Foul,0.0
4208,301,3597,TUN,Substitution,74,Sub On,0.0
4209,301,3606,TUN,Substitution,67,Sub On,0.0
4210,301,3596,TUN,Substitution,70,Sub On,0.0
4211,301,3665,NGA,Substitution,66,Sub On,0.0
4212,301,3666,NGA,Substitution,63,Sub On,0.0
4213,301,3664,NGA,Substitution,60,Sub On,0.0
4214,301,3670,NGA,Substitution,83,Sub On,0.0
4215,301,3661,NGA,Substitution,48,Sub On,0.0
4216,302,3623,EGY,Goal,6,Open Play,0.11
4217,302,3656,ALG,Goal,61,Open Play,0.19
4218,302,3638,ALG,YellowCard,58,Foul,0.0
4219,302,3626,EGY,YellowCard,13,Foul,0.0
4220,302,3648,ALG,YellowCard,88,Foul,0.0
4221,302,3651,ALG,YellowCard,38,Foul,0.0
4222,302,3638,ALG,YellowCard,85,Foul,0.0
4223,302,3612,EGY,Substitution,89,Sub On,0.0
4224,302,3621,EGY,Substitution,81,Sub On,0.0
4225,302,3631,EGY,Substitution,83,Sub On,0.0
4226,302,3614,EGY,Substitution,77,Sub On,0.0
4227,302,3626,EGY,Substitution,74,Sub On,0.0
4228,302,3639,ALG,Substitution,88,Sub On,0.0
4229,302,3647,ALG,Substitution,55,Sub On,0.0
4230,302,3640,ALG,Substitution,75,Sub On,0.0
4231,302,3641,ALG,Substitution,61,Sub On,0.0
4232,303,3629,EGY,Goal,86,Open Play,0.86
4233,303,3621,EGY,Goal,34,Open Play,0.65
4234,303,3626,EGY,Goal,36,Open Play,0.14
4235,303,3673,NGA,Goal,90,Open Play,0.13
4236,303,3675,NGA,Goal,51,Open Play,0.39
4237,303,3632,EGY,YellowCard,37,Foul,0.0
4238,303,3662,NGA,YellowCard,21,Foul,0.0
4239,303,3632,EGY,YellowCard,35,Foul,0.0
4240,303,3678,NGA,YellowCard,67,Foul,0.0
4241,303,3634,EGY,Substitution,80,Sub On,0.0
4242,303,3615,EGY,Substitution,59,Sub On,0.0
4243,303,3629,EGY,Substitution,84,Sub On,0.0
4244,303,3632,EGY,Substitution,46,Sub On,0.0
4245,303,3617,EGY,Substitution,51,Sub On,0.0
4246,303,3673,NGA,Substitution,65,Sub On,0.0
4247,303,3663,NGA,Substitution,49,Sub On,0.0
4248,303,3678,NGA,Substitution,65,Sub On,0.0
4249,303,3664,NGA,Substitution,76,Sub On,0.0
4250,304,3637,ALG,Goal,57,Open Play,0.43
4251,304,3678,NGA,Goal,50,Penalty,0.35
4252,304,3665,NGA,YellowCard,47,Foul,0.0
4253,304,3660,NGA,YellowCard,92,Foul,0.0
4254,304,3668,NGA,YellowCard,70,Foul,0.0
4255,304,3680,NGA,YellowCard,23,Foul,0.0
4256,304,3679,NGA,YellowCard,78,Foul,0.0
4257,304,3640,ALG,YellowCard,91,Foul,0.0
4258,304,3655,ALG,Substitution,74,Sub On,0.0
4259,304,3642,ALG,Substitution,71,Sub On,0.0
4260,304,3641,ALG,Substitution,71,Sub On,0.0
4261,304,3663,NGA,Substitution,57,Sub On,0.0
4262,304,3664,NGA,Substitution,52,Sub On,0.0
4263,304,3678,NGA,Substitution,77,Sub On,0.0
4264,305,3691,CIV,Goal,17,Open Play,0.87
4265,305,3686,CIV,Goal,3,Open Play,0.32
4266,305,3726,MLI,Goal,52,Open Play,0.23
4267,305,3712,MLI,YellowCard,76,Foul,0.0
4268,305,3726,MLI,YellowCard,32,Foul,0.0
4269,305,3685,CIV,Substitution,61,Sub On,0.0
4270,305,3687,CIV,Substitution,66,Sub On,0.0
4271,305,3686,CIV,Substitution,46,Sub On,0.0
4272,305,3713,MLI,Substitution,75,Sub On,0.0
4273,305,3726,MLI,Substitution,47,Sub On,0.0
4274,305,3706,MLI,Substitution,48,Sub On,0.0
4275,306,3740,BFA,YellowCard,27,Foul,0.0
4276,306,3748,BFA,YellowCard,38,Foul,0.0
4277,306,3691,CIV,YellowCard,32,Foul,0.0
4278,306,3737,BFA,YellowCard,44,Foul,0.0
4279,306,3685,CIV,Substitution,56,Sub On,0.0
4280,306,3701,CIV,Substitution,80,Sub On,0.0
4281,306,3694,CIV,Substitution,58,Sub On,0.0
4282,306,3692,CIV,Substitution,53,Sub On,0.0
4283,306,3745,BFA,Substitution,61,Sub On,0.0
4284,306,3748,BFA,Substitution,81,Sub On,0.0
4285,306,3745,BFA,Substitution,70,Sub On,0.0
4286,306,3742,BFA,Substitution,86,Sub On,0.0
4287,307,3685,CIV,Goal,14,Open Play,0.15
4288,307,3771,DRC,Goal,39,Open Play,0.29
4289,307,3690,CIV,YellowCard,51,Foul,0.0
4290,307,3703,CIV,YellowCard,9,Foul,0.0
4291,307,3766,DRC,YellowCard,43,Foul,0.0
4292,307,3702,CIV,Substitution,72,Sub On,0.0
4293,307,3694,CIV,Substitution,56,Sub On,0.0
4294,307,3686,CIV,Substitution,79,Sub On,0.0
4295,307,3765,DRC,Substitution,88,Sub On,0.0
4296,307,3752,DRC,Substitution,84,Sub On,0.0
4297,307,3760,DRC,Substitution,88,Sub On,0.0
4298,307,3766,DRC,Substitution,69,Sub On,0.0
4299,308,3732,BFA,Goal,69,Open Play,0.75
4300,308,3706,MLI,YellowCard,34,Foul,0.0
4301,308,3736,BFA,YellowCard,5,Foul,0.0
4302,308,3724,MLI,YellowCard,14,Foul,0.0
4303,308,3746,BFA,YellowCard,47,Foul,0.0
4304,308,3723,MLI,YellowCard,3,Foul,0.0
4305,308,3723,MLI,YellowCard,18,Foul,0.0
4306,308,3719,MLI,Substitution,48,Sub On,0.0
4307,308,3712,MLI,Substitution,65,Sub On,0.0
4308,308,3712,MLI,Substitution,89,Sub On,0.0
4309,308,3713,MLI,Substitution,68,Sub On,0.0
4310,308,3715,MLI,Substitution,81,Sub On,0.0
4311,308,3746,BFA,Substitution,74,Sub On,0.0
4312,308,3740,BFA,Substitution,75,Sub On,0.0
4313,308,3733,BFA,Substitution,55,Sub On,0.0
4314,308,3741,BFA,Substitution,82,Sub On,0.0
4315,308,3747,BFA,Substitution,84,Sub On,0.0
4316,309,3715,MLI,Goal,67,Open Play,0.85
4317,309,3726,MLI,Goal,72,Open Play,0.62
4318,309,3767,DRC,Goal,88,Open Play,0.24
4319,309,3772,DRC,YellowCard,24,Foul,0.0
4320,309,3771,DRC,YellowCard,88,Foul,0.0
4321,309,3759,DRC,YellowCard,84,Foul,0.0
4322,309,3706,MLI,YellowCard,51,Foul,0.0
4323,309,3708,MLI,RedCard,44,Serious Foul,0.0
4324,309,3721,MLI,Substitution,53,Sub On,0.0
4325,309,3712,MLI,Substitution,74,Sub On,0.0
4326,309,3712,MLI,Substitution,61,Sub On,0.0
4327,309,3724,MLI,Substitution,68,Sub On,0.0
4328,309,3752,DRC,Substitution,68,Sub On,0.0
4329,309,3765,DRC,Substitution,64,Sub On,0.0
4330,309,3771,DRC,Substitution,70,Sub On,0.0
4331,310,3733,BFA,Goal,39,Open Play,0.6
4332,310,3771,DRC,Goal,19,Open Play,0.09
4333,310,3742,BFA,YellowCard,71,Foul,0.0
4334,310,3738,BFA,YellowCard,41,Foul,0.0
4335,310,3737,BFA,YellowCard,21,Foul,0.0
4336,310,3768,DRC,YellowCard,63,Foul,0.0
4337,310,3740,BFA,Substitution,60,Sub On,0.0
4338,310,3732,BFA,Substitution,86,Sub On,0.0
4339,310,3735,BFA,Substitution,67,Sub On,0.0
4340,310,3749,BFA,Substitution,68,Sub On,0.0
4341,310,3737,BFA,Substitution,83,Sub On,0.0
4342,310,3768,DRC,Substitution,89,Sub On,0.0
4343,310,3758,DRC,Substitution,63,Sub On,0.0
4344,310,3758,DRC,Substitution,88,Sub On,0.0
4345,311,3777,ZAM,Goal,59,Open Play,0.23
4346,311,3814,CPV,Goal,25,Open Play,0.5
4347,311,3811,CPV,Goal,51,Open Play,0.87
4348,311,3815,CPV,YellowCard,25,Foul,0.0
4349,311,3785,ZAM,YellowCard,34,Foul,0.0
4350,311,3779,ZAM,YellowCard,38,Foul,0.0
4351,311,3776,ZAM,Substitution,60,Sub On,0.0
4352,311,3778,ZAM,Substitution,76,Sub On,0.0
4353,311,3792,ZAM,Substitution,87,Sub On,0.0
4354,311,3775,ZAM,Substitution,66,Sub On,0.0
4355,311,3808,CPV,Substitution,54,Sub On,0.0
4356,311,3803,CPV,Substitution,75,Sub On,0.0
4357,311,3810,CPV,Substitution,67,Sub On,0.0
4358,311,3806,CPV,Substitution,60,Sub On,0.0
4359,311,3805,CPV,Substitution,57,Sub On,0.0
4360,312,3795,ZAM,Goal,8,Open Play,0.12
4361,312,3840,NZL,Goal,5,Open Play,0.28
4362,312,3822,NZL,Goal,6,Open Play,0.37
4363,312,3790,ZAM,YellowCard,74,Foul,0.0
4364,312,3831,NZL,YellowCard,62,Foul,0.0
4365,312,3827,NZL,YellowCard,92,Foul,0.0
4366,312,3792,ZAM,YellowCard,5,Foul,0.0
4367,312,3782,ZAM,Substitution,64,Sub On,0.0
4368,312,3790,ZAM,Substitution,47,Sub On,0.0
4369,312,3775,ZAM,Substitution,64,Sub On,0.0
4370,312,3777,ZAM,Substitution,49,Sub On,0.0
4371,312,3828,NZL,Substitution,69,Sub On,0.0
4372,312,3838,NZL,Substitution,48,Sub On,0.0
4373,312,3835,NZL,Substitution,57,Sub On,0.0
4374,312,3827,NZL,Substitution,65,Sub On,0.0
4375,312,3837,NZL,Substitution,78,Sub On,0.0
4376,313,3787,ZAM,Goal,78,Open Play,0.05
4377,313,3857,QAT,YellowCard,72,Foul,0.0
4378,313,3844,QAT,YellowCard,61,Foul,0.0
4379,313,3773,ZAM,Substitution,70,Sub On,0.0
4380,313,3773,ZAM,Substitution,49,Sub On,0.0
4381,313,3785,ZAM,Substitution,73,Sub On,0.0
4382,313,3785,ZAM,Substitution,49,Sub On,0.0
4383,313,3790,ZAM,Substitution,85,Sub On,0.0
4384,313,3846,QAT,Substitution,84,Sub On,0.0
4385,313,3855,QAT,Substitution,66,Sub On,0.0
4386,313,3858,QAT,Substitution,86,Sub On,0.0
4387,313,3857,QAT,Substitution,55,Sub On,0.0
4388,314,3808,CPV,Goal,47,Open Play,0.87
4389,314,3814,CPV,Goal,31,Open Play,0.35
4390,314,3808,CPV,Goal,62,Open Play,0.42
4391,314,3832,NZL,Goal,2,Open Play,0.56
4392,314,3838,NZL,Goal,36,Open Play,0.78
4393,314,3799,CPV,YellowCard,82,Foul,0.0
4394,314,3803,CPV,YellowCard,47,Foul,0.0
4395,314,3814,CPV,YellowCard,50,Foul,0.0
4396,314,3805,CPV,YellowCard,22,Foul,0.0
4397,314,3810,CPV,YellowCard,89,Foul,0.0
4398,314,3813,CPV,YellowCard,26,Foul,0.0
4399,314,3811,CPV,Substitution,63,Sub On,0.0
4400,314,3800,CPV,Substitution,71,Sub On,0.0
4401,314,3797,CPV,Substitution,65,Sub On,0.0
4402,314,3831,NZL,Substitution,86,Sub On,0.0
4403,314,3823,NZL,Substitution,87,Sub On,0.0
4404,314,3836,NZL,Substitution,64,Sub On,0.0
4405,314,3831,NZL,Substitution,51,Sub On,0.0
4406,315,3797,CPV,Goal,14,Open Play,0.66
4407,315,3811,CPV,Goal,13,Open Play,0.85
4408,315,3862,QAT,Goal,94,Penalty,0.31
4409,315,3855,QAT,Goal,33,Open Play,0.63
4410,315,3846,QAT,Goal,71,Open Play,0.34
4411,315,3797,CPV,YellowCard,32,Foul,0.0
4412,315,3804,CPV,YellowCard,81,Foul,0.0
4413,315,3858,QAT,YellowCard,51,Foul,0.0
4414,315,3804,CPV,Substitution,55,Sub On,0.0
4415,315,3800,CPV,Substitution,81,Sub On,0.0
4416,315,3811,CPV,Substitution,77,Sub On,0.0
4417,315,3806,CPV,Substitution,87,Sub On,0.0
4418,315,3845,QAT,Substitution,52,Sub On,0.0
4419,315,3842,QAT,Substitution,71,Sub On,0.0
4420,315,3849,QAT,Substitution,81,Sub On,0.0
4421,315,3855,QAT,Substitution,68,Sub On,0.0
4422,316,3825,NZL,Goal,68,Open Play,0.13
4423,316,3862,QAT,Goal,60,Open Play,0.64
4424,316,3840,NZL,YellowCard,46,Foul,0.0
4425,316,3824,NZL,YellowCard,81,Foul,0.0
4426,316,3819,NZL,YellowCard,4,Foul,0.0
4427,316,3839,NZL,YellowCard,48,Foul,0.0
4428,316,3833,NZL,YellowCard,92,Foul,0.0
4429,316,3860,QAT,RedCard,26,Serious Foul,0.0
4430,316,3841,NZL,Substitution,53,Sub On,0.0
4431,316,3831,NZL,Substitution,52,Sub On,0.0
4432,316,3822,NZL,Substitution,67,Sub On,0.0
4433,316,3824,NZL,Substitution,81,Sub On,0.0
4434,316,3834,NZL,Substitution,49,Sub On,0.0
4435,316,3853,QAT,Substitution,68,Sub On,0.0
4436,316,3852,QAT,Substitution,74,Sub On,0.0
4437,316,3848,QAT,Substitution,63,Sub On,0.0
4438,316,3842,QAT,Substitution,62,Sub On,0.0
4439,316,3855,QAT,Substitution,78,Sub On,0.0
4440,317,3870,IRQ,Goal,92,Penalty,0.41
4441,317,3889,UZB,Goal,64,Open Play,0.48
4442,317,3869,IRQ,YellowCard,47,Foul,0.0
4443,317,3866,IRQ,YellowCard,1,Foul,0.0
4444,317,3909,UZB,YellowCard,10,Foul,0.0
4445,317,3872,IRQ,YellowCard,57,Foul,0.0
4446,317,3878,IRQ,YellowCard,66,Foul,0.0
4447,317,3867,IRQ,YellowCard,38,Foul,0.0
4448,317,3873,IRQ,Substitution,72,Sub On,0.0
4449,317,3866,IRQ,Substitution,66,Sub On,0.0
4450,317,3887,IRQ,Substitution,62,Sub On,0.0
4451,317,3900,UZB,Substitution,59,Sub On,0.0
4452,317,3895,UZB,Substitution,67,Sub On,0.0
4453,317,3889,UZB,Substitution,81,Sub On,0.0
4454,317,3903,UZB,Substitution,81,Sub On,0.0
4455,317,3898,UZB,Substitution,64,Sub On,0.0
4456,318,3874,IRQ,Goal,70,Open Play,0.33
4457,318,3933,JOR,Goal,53,Open Play,0.73
4458,318,3916,JOR,Goal,21,Open Play,0.31
4459,318,3878,IRQ,YellowCard,62,Foul,0.0
4460,318,3871,IRQ,YellowCard,53,Foul,0.0
4461,318,3921,JOR,YellowCard,33,Foul,0.0
4462,318,3924,JOR,RedCard,9,Serious Foul,0.0
4463,318,3885,IRQ,Substitution,47,Sub On,0.0
4464,318,3887,IRQ,Substitution,47,Sub On,0.0
4465,318,3886,IRQ,Substitution,72,Sub On,0.0
4466,318,3875,IRQ,Substitution,52,Sub On,0.0
4467,318,3933,JOR,Substitution,54,Sub On,0.0
4468,318,3931,JOR,Substitution,55,Sub On,0.0
4469,318,3932,JOR,Substitution,63,Sub On,0.0
4470,318,3924,JOR,Substitution,56,Sub On,0.0
4471,318,3924,JOR,Substitution,53,Sub On,0.0
4472,319,3865,IRQ,Goal,42,Open Play,0.11
4473,319,3877,IRQ,Goal,44,Open Play,0.54
4474,319,3867,IRQ,Goal,72,Open Play,0.67
4475,319,3955,OMA,Goal,85,Open Play,0.09
4476,319,3880,IRQ,YellowCard,34,Foul,0.0
4477,319,3873,IRQ,YellowCard,80,Foul,0.0
4478,319,3874,IRQ,YellowCard,40,Foul,0.0
4479,319,3880,IRQ,YellowCard,67,Foul,0.0
4480,319,3882,IRQ,YellowCard,19,Foul,0.0
4481,319,3887,IRQ,Substitution,58,Sub On,0.0
4482,319,3885,IRQ,Substitution,72,Sub On,0.0
4483,319,3865,IRQ,Substitution,77,Sub On,0.0
4484,319,3886,IRQ,Substitution,77,Sub On,0.0
4485,319,3869,IRQ,Substitution,67,Sub On,0.0
4486,319,3934,OMA,Substitution,63,Sub On,0.0
4487,319,3951,OMA,Substitution,50,Sub On,0.0
4488,319,3945,OMA,Substitution,77,Sub On,0.0
4489,320,3910,UZB,Goal,81,Open Play,0.24
4490,320,3933,JOR,Goal,12,Open Play,0.76
4491,320,3911,JOR,Goal,88,Open Play,0.3
4492,320,3928,JOR,YellowCard,73,Foul,0.0
4493,320,3929,JOR,YellowCard,19,Foul,0.0
4494,320,3896,UZB,YellowCard,30,Foul,0.0
4495,320,3900,UZB,YellowCard,89,Foul,0.0
4496,320,3890,UZB,Substitution,61,Sub On,0.0
4497,320,3903,UZB,Substitution,56,Sub On,0.0
4498,320,3898,UZB,Substitution,71,Sub On,0.0
4499,320,3914,JOR,Substitution,64,Sub On,0.0
4500,320,3924,JOR,Substitution,66,Sub On,0.0
4501,320,3913,JOR,Substitution,63,Sub On,0.0
4502,320,3919,JOR,Substitution,53,Sub On,0.0
4503,320,3925,JOR,Substitution,86,Sub On,0.0
4504,321,3907,UZB,Goal,18,Open Play,0.23
4505,321,3906,UZB,Goal,78,Open Play,0.49
4506,321,3951,OMA,YellowCard,28,Foul,0.0
4507,321,3907,UZB,YellowCard,64,Foul,0.0
4508,321,3897,UZB,YellowCard,88,Foul,0.0
4509,321,3946,OMA,YellowCard,24,Foul,0.0
4510,321,3949,OMA,YellowCard,48,Foul,0.0
4511,321,3904,UZB,Substitution,86,Sub On,0.0
4512,321,3909,UZB,Substitution,70,Sub On,0.0
4513,321,3898,UZB,Substitution,46,Sub On,0.0
4514,321,3893,UZB,Substitution,77,Sub On,0.0
4515,321,3897,UZB,Substitution,72,Sub On,0.0
4516,321,3942,OMA,Substitution,77,Sub On,0.0
4517,321,3950,OMA,Substitution,53,Sub On,0.0
4518,321,3942,OMA,Substitution,88,Sub On,0.0
4519,321,3938,OMA,Substitution,89,Sub On,0.0
4520,321,3935,OMA,Substitution,70,Sub On,0.0
4521,322,3912,JOR,Goal,61,Open Play,0.13
4522,322,3916,JOR,Goal,47,Open Play,0.84
4523,322,3925,JOR,Goal,44,Open Play,0.2
4524,322,3937,OMA,YellowCard,54,Foul,0.0
4525,322,3918,JOR,YellowCard,42,Foul,0.0
4526,322,3926,JOR,Substitution,47,Sub On,0.0
4527,322,3926,JOR,Substitution,69,Sub On,0.0
4528,322,3923,JOR,Substitution,74,Sub On,0.0
4529,322,3931,JOR,Substitution,49,Sub On,0.0
4530,322,3922,JOR,Substitution,73,Sub On,0.0
4531,322,3939,OMA,Substitution,75,Sub On,0.0
4532,322,3940,OMA,Substitution,86,Sub On,0.0
4533,322,3934,OMA,Substitution,88,Sub On,0.0
4534,322,3950,OMA,Substitution,63,Sub On,0.0
4535,323,3983,KSA,Goal,8,Open Play,0.17
4536,323,3976,BHR,YellowCard,76,Foul,0.0
4537,323,3979,BHR,YellowCard,28,Foul,0.0
4538,323,3972,BHR,YellowCard,53,Foul,0.0
4539,323,3994,KSA,YellowCard,80,Foul,0.0
4540,323,3966,BHR,YellowCard,18,Foul,0.0
4541,323,3977,BHR,YellowCard,69,Foul,0.0
4542,323,3958,BHR,Substitution,48,Sub On,0.0
4543,323,3976,BHR,Substitution,51,Sub On,0.0
4544,323,3974,BHR,Substitution,84,Sub On,0.0
4545,323,3974,BHR,Substitution,69,Sub On,0.0
4546,323,3991,KSA,Substitution,53,Sub On,0.0
4547,323,4000,KSA,Substitution,54,Sub On,0.0
4548,323,3995,KSA,Substitution,76,Sub On,0.0
4549,324,4007,SAU,Goal,75,Open Play,0.41
4550,324,4014,SAU,Goal,94,Open Play,0.88
4551,324,3957,BHR,YellowCard,5,Foul,0.0
4552,324,4006,SAU,YellowCard,53,Foul,0.0
4553,324,3964,BHR,YellowCard,16,Foul,0.0
4554,324,3969,BHR,YellowCard,81,Foul,0.0
4555,324,3977,BHR,Substitution,55,Sub On,0.0
4556,324,3964,BHR,Substitution,85,Sub On,0.0
4557,324,3974,BHR,Substitution,57,Sub On,0.0
4558,324,4021,SAU,Substitution,55,Sub On,0.0
4559,324,4020,SAU,Substitution,54,Sub On,0.0
4560,324,4016,SAU,Substitution,55,Sub On,0.0
4561,324,4018,SAU,Substitution,76,Sub On,0.0
4562,324,4023,SAU,Substitution,60,Sub On,0.0
4563,325,4026,SUI,Goal,90,Open Play,0.6
4564,325,4036,SUI,Goal,36,Open Play,0.39
4565,325,3969,BHR,YellowCard,80,Foul,0.0
4566,325,3978,BHR,YellowCard,48,Foul,0.0
4567,325,3967,BHR,Substitution,76,Sub On,0.0
4568,325,3972,BHR,Substitution,55,Sub On,0.0
4569,325,3972,BHR,Substitution,71,Sub On,0.0
4570,325,3968,BHR,Substitution,63,Sub On,0.0
4571,325,4033,SUI,Substitution,48,Sub On,0.0
4572,325,4041,SUI,Substitution,77,Sub On,0.0
4573,325,4031,SUI,Substitution,52,Sub On,0.0
4574,325,4045,SUI,Substitution,78,Sub On,0.0
4575,325,4044,SUI,Substitution,66,Sub On,0.0
4576,326,3986,KSA,Goal,46,Open Play,0.43
4577,326,4018,SAU,Goal,57,Open Play,0.38
4578,326,4015,SAU,Goal,8,Open Play,0.39
4579,326,3984,KSA,YellowCard,72,Foul,0.0
4580,326,4003,SAU,YellowCard,49,Foul,0.0
4581,326,3982,KSA,Substitution,57,Sub On,0.0
4582,326,3995,KSA,Substitution,65,Sub On,0.0
4583,326,3980,KSA,Substitution,85,Sub On,0.0
4584,326,4003,SAU,Substitution,72,Sub On,0.0
4585,326,4011,SAU,Substitution,59,Sub On,0.0
4586,326,4012,SAU,Substitution,78,Sub On,0.0
4587,326,4005,SAU,Substitution,80,Sub On,0.0
4588,326,4009,SAU,Substitution,71,Sub On,0.0
4589,327,4034,SUI,Goal,32,Open Play,0.43
4590,327,4044,SUI,Goal,66,Open Play,0.47
4591,327,4035,SUI,YellowCard,85,Foul,0.0
4592,327,4046,SUI,YellowCard,31,Foul,0.0
4593,327,4032,SUI,YellowCard,93,Foul,0.0
4594,327,4032,SUI,YellowCard,88,Foul,0.0
4595,327,3999,KSA,YellowCard,87,Foul,0.0
4596,327,4035,SUI,YellowCard,79,Foul,0.0
4597,327,3992,KSA,Substitution,70,Sub On,0.0
4598,327,3992,KSA,Substitution,74,Sub On,0.0
4599,327,3984,KSA,Substitution,76,Sub On,0.0
4600,327,3980,KSA,Substitution,60,Sub On,0.0
4601,327,4048,SUI,Substitution,62,Sub On,0.0
4602,327,4046,SUI,Substitution,58,Sub On,0.0
4603,327,4041,SUI,Substitution,66,Sub On,0.0
4604,327,4027,SUI,Substitution,47,Sub On,0.0
4605,328,4008,SAU,Goal,34,Open Play,0.51
4606,328,4045,SUI,Goal,25,Penalty,0.86
4607,328,4040,SUI,Goal,54,Open Play,0.87
4608,328,4044,SUI,Goal,18,Open Play,0.09
4609,328,4036,SUI,Goal,61,Open Play,0.88
4610,328,4013,SAU,YellowCard,74,Foul,0.0
4611,328,4025,SAU,YellowCard,39,Foul,0.0
4612,328,4038,SUI,YellowCard,6,Foul,0.0
4613,328,4022,SAU,RedCard,63,Serious Foul,0.0
4614,328,4008,SAU,Substitution,86,Sub On,0.0
4615,328,4021,SAU,Substitution,60,Sub On,0.0
4616,328,4010,SAU,Substitution,66,Sub On,0.0
4617,328,4039,SUI,Substitution,81,Sub On,0.0
4618,328,4046,SUI,Substitution,53,Sub On,0.0
4619,328,4046,SUI,Substitution,70,Sub On,0.0
4620,328,4045,SUI,Substitution,77,Sub On,0.0
4621,329,3124,NED,Goal,67,Open Play,0.19
4622,329,3183,URU,Goal,2,Open Play,0.79
4623,329,3183,URU,Goal,35,Penalty,0.1
4624,329,3113,NED,YellowCard,43,Foul,0.0
4625,329,3123,NED,YellowCard,91,Foul,0.0
4626,329,3193,URU,YellowCard,30,Foul,0.0
4627,329,3114,NED,Substitution,75,Sub On,0.0
4628,329,3126,NED,Substitution,77,Sub On,0.0
4629,329,3119,NED,Substitution,64,Sub On,0.0
4630,329,3112,NED,Substitution,54,Sub On,0.0
4631,329,3197,URU,Substitution,67,Sub On,0.0
4632,329,3177,URU,Substitution,50,Sub On,0.0
4633,329,3182,URU,Substitution,83,Sub On,0.0
4634,329,3192,URU,Substitution,60,Sub On,0.0
4635,330,2995,FRA,Goal,89,Open Play,0.57
4636,330,3076,GER,Goal,7,Open Play,0.25
4637,330,3072,GER,Goal,15,Open Play,0.58
4638,330,3010,FRA,YellowCard,28,Foul,0.0
4639,330,2992,FRA,YellowCard,37,Foul,0.0
4640,330,2998,FRA,Substitution,85,Sub On,0.0
4641,330,3005,FRA,Substitution,85,Sub On,0.0
4642,330,3010,FRA,Substitution,82,Sub On,0.0
4643,330,3006,FRA,Substitution,59,Sub On,0.0
4644,330,3069,GER,Substitution,79,Sub On,0.0
4645,330,3060,GER,Substitution,53,Sub On,0.0
4646,330,3063,GER,Substitution,87,Sub On,0.0
4647,330,3067,GER,Substitution,79,Sub On,0.0
4648,330,3066,GER,Substitution,49,Sub On,0.0
4649,331,3050,ENG,Goal,75,Open Play,0.43
4650,331,3043,ENG,Goal,13,Open Play,0.78
4651,331,3040,ENG,YellowCard,47,Foul,0.0
4652,331,3311,JPN,YellowCard,39,Foul,0.0
4653,331,3045,ENG,YellowCard,24,Foul,0.0
4654,331,3043,ENG,Substitution,71,Sub On,0.0
4655,331,3050,ENG,Substitution,73,Sub On,0.0
4656,331,3059,ENG,Substitution,83,Sub On,0.0
4657,331,3056,ENG,Substitution,69,Sub On,0.0
4658,331,3037,ENG,Substitution,57,Sub On,0.0
4659,331,3290,JPN,Substitution,86,Sub On,0.0
4660,331,3292,JPN,Substitution,53,Sub On,0.0
4661,331,3298,JPN,Substitution,73,Sub On,0.0
4662,331,3312,JPN,Substitution,61,Sub On,0.0
4663,331,3301,JPN,Substitution,66,Sub On,0.0
4664,332,3237,COL,Goal,58,Open Play,0.37
4665,332,3239,COL,Goal,59,Open Play,0.88
4666,332,3238,COL,Goal,84,Penalty,0.44
4667,332,3088,POR,YellowCard,67,Foul,0.0
4668,332,3225,COL,YellowCard,94,Foul,0.0
4669,332,3238,COL,YellowCard,94,Foul,0.0
4670,332,3222,COL,YellowCard,53,Foul,0.0
4671,332,3234,COL,RedCard,60,Serious Foul,0.0
4672,332,3104,POR,Substitution,86,Sub On,0.0
4673,332,3100,POR,Substitution,67,Sub On,0.0
4674,332,3093,POR,Substitution,75,Sub On,0.0
4675,332,3097,POR,Substitution,70,Sub On,0.0
4676,332,3094,POR,Substitution,84,Sub On,0.0
4677,332,3235,COL,Substitution,55,Sub On,0.0
4678,332,3236,COL,Substitution,75,Sub On,0.0
4679,332,3240,COL,Substitution,56,Sub On,0.0
4680,332,3221,COL,Substitution,55,Sub On,0.0
4681,332,3225,COL,Substitution,77,Sub On,0.0
4682,333,3174,BEL,Goal,6,Open Play,0.46
4683,333,3171,BEL,YellowCard,32,Foul,0.0
4684,333,3205,CRO,YellowCard,37,Foul,0.0
4685,333,3171,BEL,YellowCard,48,Foul,0.0
4686,333,3203,CRO,Substitution,59,Sub On,0.0
4687,333,3207,CRO,Substitution,61,Sub On,0.0
4688,333,3213,CRO,Substitution,82,Sub On,0.0
4689,333,3170,BEL,Substitution,47,Sub On,0.0
4690,333,3159,BEL,Substitution,70,Sub On,0.0
4691,333,3161,BEL,Substitution,73,Sub On,0.0
4692,333,3167,BEL,Substitution,60,Sub On,0.0
4693,334,3260,MEX,Goal,89,Open Play,0.26
4694,334,3284,USA,Goal,79,Open Play,0.33
4695,334,3284,USA,Goal,90,Open Play,0.39
4696,334,3266,MEX,YellowCard,79,Foul,0.0
4697,334,3287,USA,YellowCard,13,Foul,0.0
4698,334,3252,MEX,Substitution,58,Sub On,0.0
4699,334,3257,MEX,Substitution,50,Sub On,0.0
4700,334,3251,MEX,Substitution,84,Sub On,0.0
4701,334,3249,MEX,Substitution,52,Sub On,0.0
4702,334,3279,USA,Substitution,71,Sub On,0.0
4703,334,3270,USA,Substitution,71,Sub On,0.0
4704,334,3282,USA,Substitution,83,Sub On,0.0
4705,334,3285,USA,Substitution,54,Sub On,0.0
4706,335,3035,ESP,Goal,32,Open Play,0.65
4707,335,3027,ESP,YellowCard,65,Foul,0.0
4708,335,3029,ESP,YellowCard,61,Foul,0.0
4709,335,3030,ESP,Substitution,67,Sub On,0.0
4710,335,3036,ESP,Substitution,64,Sub On,0.0
4711,335,3030,ESP,Substitution,79,Sub On,0.0
4712,335,3021,ESP,Substitution,58,Sub On,0.0
4713,335,3024,ESP,Substitution,55,Sub On,0.0
4714,335,3151,ITA,Substitution,56,Sub On,0.0
4715,335,3129,ITA,Substitution,59,Sub On,0.0
4716,335,3129,ITA,Substitution,81,Sub On,0.0
4717,335,3150,ITA,Substitution,54,Sub On,0.0
4718,335,3129,ITA,Substitution,78,Sub On,0.0
4719,336,2962,ARG,Goal,11,Open Play,0.84
4720,336,2953,ARG,Goal,78,Open Play,0.89
4721,336,2980,BRA,Goal,34,Open Play,0.38
4722,336,2987,BRA,Goal,93,Open Play,0.54
4723,336,2952,ARG,YellowCard,7,Foul,0.0
4724,336,2980,BRA,YellowCard,20,Foul,0.0
4725,336,2979,BRA,YellowCard,92,Foul,0.0
4726,336,2959,ARG,Substitution,48,Sub On,0.0
4727,336,2955,ARG,Substitution,57,Sub On,0.0
4728,336,2960,ARG,Substitution,83,Sub On,0.0
4729,336,2981,BRA,Substitution,83,Sub On,0.0
4730,336,2988,BRA,Substitution,70,Sub On,0.0
4731,336,2974,BRA,Substitution,77,Sub On,0.0
4732,337,3069,GER,Goal,16,Open Play,0.45
4733,337,3075,GER,Goal,3,Open Play,0.53
4734,337,3060,GER,Goal,84,Open Play,0.78
4735,337,3075,GER,YellowCard,58,Foul,0.0
4736,337,3073,GER,YellowCard,84,Foul,0.0
4737,337,3178,URU,Substitution,74,Sub On,0.0
4738,337,3194,URU,Substitution,50,Sub On,0.0
4739,337,3189,URU,Substitution,89,Sub On,0.0
4740,337,3175,URU,Substitution,79,Sub On,0.0
4741,337,3068,GER,Substitution,69,Sub On,0.0
4742,337,3074,GER,Substitution,86,Sub On,0.0
4743,337,3060,GER,Substitution,83,Sub On,0.0
4744,338,3046,ENG,Goal,70,Open Play,0.2
4745,338,3040,ENG,Goal,68,Open Play,0.28
4746,338,3046,ENG,Goal,68,Open Play,0.54
4747,338,3237,COL,Goal,32,Open Play,0.75
4748,338,3043,ENG,YellowCard,22,Foul,0.0
4749,338,3045,ENG,YellowCard,89,Foul,0.0
4750,338,3050,ENG,YellowCard,62,Foul,0.0
4751,338,3045,ENG,YellowCard,74,Foul,0.0
4752,338,3050,ENG,Substitution,60,Sub On,0.0
4753,338,3042,ENG,Substitution,83,Sub On,0.0
4754,338,3038,ENG,Substitution,54,Sub On,0.0
4755,338,3056,ENG,Substitution,60,Sub On,0.0
4756,338,3043,ENG,Substitution,54,Sub On,0.0
4757,338,3233,COL,Substitution,88,Sub On,0.0
4758,338,3239,COL,Substitution,72,Sub On,0.0
4759,338,3241,COL,Substitution,63,Sub On,0.0
4760,338,3235,COL,Substitution,76,Sub On,0.0
4761,339,3167,BEL,Goal,46,Penalty,0.28
4762,339,3172,BEL,YellowCard,41,Foul,0.0
4763,339,3167,BEL,YellowCard,3,Foul,0.0
4764,339,3269,USA,YellowCard,85,Foul,0.0
4765,339,3283,USA,YellowCard,14,Foul,0.0
4766,339,3268,USA,YellowCard,37,Foul,0.0
4767,339,3164,BEL,YellowCard,66,Foul,0.0
4768,339,3170,BEL,Substitution,83,Sub On,0.0
4769,339,3160,BEL,Substitution,85,Sub On,0.0
4770,339,3174,BEL,Substitution,68,Sub On,0.0
4771,339,3165,BEL,Substitution,60,Sub On,0.0
4772,339,3159,BEL,Substitution,52,Sub On,0.0
4773,339,3269,USA,Substitution,85,Sub On,0.0
4774,339,3280,USA,Substitution,51,Sub On,0.0
4775,339,3278,USA,Substitution,79,Sub On,0.0
4776,339,3287,USA,Substitution,52,Sub On,0.0
4777,340,3026,ESP,Goal,92,Penalty,0.36
4778,340,2977,BRA,Goal,77,Open Play,0.44
4779,340,2984,BRA,YellowCard,89,Foul,0.0
4780,340,3025,ESP,YellowCard,24,Foul,0.0
4781,340,3018,ESP,YellowCard,4,Foul,0.0
4782,340,3031,ESP,YellowCard,43,Foul,0.0
4783,340,2988,BRA,YellowCard,15,Foul,0.0
4784,340,3025,ESP,Substitution,59,Sub On,0.0
4785,340,3036,ESP,Substitution,47,Sub On,0.0
4786,340,3027,ESP,Substitution,59,Sub On,0.0
4787,340,3025,ESP,Substitution,80,Sub On,0.0
4788,340,2978,BRA,Substitution,82,Sub On,0.0
4789,340,2978,BRA,Substitution,74,Sub On,0.0
4790,340,2976,BRA,Substitution,84,Sub On,0.0
4791,340,2989,BRA,Substitution,63,Sub On,0.0
4792,341,3046,ENG,Goal,56,Open Play,0.68
4793,341,3046,ENG,Goal,58,Open Play,0.37
4794,341,3048,ENG,YellowCard,11,Foul,0.0
4795,341,3069,GER,YellowCard,72,Foul,0.0
4796,341,3067,GER,YellowCard,86,Foul,0.0
4797,341,3044,ENG,YellowCard,36,Foul,0.0
4798,341,3072,GER,YellowCard,85,Foul,0.0
4799,341,3037,ENG,YellowCard,3,Foul,0.0
4800,341,3077,GER,Substitution,54,Sub On,0.0
4801,341,3080,GER,Substitution,68,Sub On,0.0
4802,341,3068,GER,Substitution,85,Sub On,0.0
4803,341,3072,GER,Substitution,77,Sub On,0.0
4804,341,3052,ENG,Substitution,63,Sub On,0.0
4805,341,3047,ENG,Substitution,49,Sub On,0.0
4806,341,3051,ENG,Substitution,69,Sub On,0.0
4807,342,2988,BRA,Goal,39,Penalty,0.47
4808,342,2975,BRA,YellowCard,3,Foul,0.0
4809,342,3165,BEL,YellowCard,60,Foul,0.0
4810,342,2990,BRA,YellowCard,21,Foul,0.0
4811,342,2983,BRA,YellowCard,37,Foul,0.0
4812,342,3160,BEL,Substitution,53,Sub On,0.0
4813,342,3168,BEL,Substitution,80,Sub On,0.0
4814,342,3156,BEL,Substitution,52,Sub On,0.0
4815,342,3154,BEL,Substitution,66,Sub On,0.0
4816,342,2970,BRA,Substitution,86,Sub On,0.0
4817,342,2986,BRA,Substitution,47,Sub On,0.0
4818,342,2981,BRA,Substitution,88,Sub On,0.0
4819,343,3051,ENG,Goal,66,Open Play,0.29
4820,343,2987,BRA,YellowCard,29,Foul,0.0
4821,343,2972,BRA,YellowCard,36,Foul,0.0
4822,343,3047,ENG,YellowCard,84,Foul,0.0
4823,343,3048,ENG,YellowCard,68,Foul,0.0
4824,343,3045,ENG,Substitution,50,Sub On,0.0
4825,343,3039,ENG,Substitution,49,Sub On,0.0
4826,343,3049,ENG,Substitution,46,Sub On,0.0
4827,343,2980,BRA,Substitution,86,Sub On,0.0
4828,343,2969,BRA,Substitution,60,Sub On,0.0
4829,343,2978,BRA,Substitution,53,Sub On,0.0
4830,343,2982,BRA,Substitution,69,Sub On,0.0
4831,343,2973,BRA,Substitution,54,Sub On,0.0
4832,344,3076,GER,Goal,93,Open Play,0.25
4833,344,3073,GER,Goal,31,Open Play,0.78
4834,344,3077,GER,Goal,10,Open Play,0.71
4835,344,3079,GER,Goal,24,Open Play,0.67
4836,344,3158,BEL,YellowCard,2,Foul,0.0
4837,344,3161,BEL,YellowCard,88,Foul,0.0
4838,344,3152,BEL,YellowCard,82,Foul,0.0
4839,344,3166,BEL,YellowCard,93,Foul,0.0
4840,344,3077,GER,Substitution,56,Sub On,0.0
4841,344,3079,GER,Substitution,53,Sub On,0.0
4842,344,3072,GER,Substitution,53,Sub On,0.0
4843,344,3060,GER,Substitution,89,Sub On,0.0
4844,344,3163,BEL,Substitution,74,Sub On,0.0
4845,344,3171,BEL,Substitution,87,Sub On,0.0
4846,344,3163,BEL,Substitution,85,Sub On,0.0
